date,rain_mm,temperature_c,soil_moisture_pct,upstream_rain_mm,discharge,rain_3d,rain_7d,upstream_rain_7d,discharge_trend,doy_sin,doy_cos,flood_next3d
2010-01-01,0.0,24.9,25.46,0.0,7.87,0.0,0.0,0.0,0.0,0.017201575418260506,0.9998520419557735,0.0
2010-01-02,0.0,25.9,25.33,0.0,7.83,0.0,0.0,0.0,-0.040000000000000036,0.03439806061360801,0.9994082116062598,0.0
2010-01-03,0.0,25.3,25.23,0.0,7.79,0.0,0.0,0.0,-0.040000000000000036,0.051584366869408364,0.9986686402879997,0.0
2010-01-04,0.0,25.3,25.1,0.0,7.73,0.0,0.0,0.0,-0.05999999999999961,0.06875540848113941,0.9976335468520451,0.0
2010-01-05,0.0,25.2,25.0,0.0,7.67,0.0,0.0,0.0,-0.0600000000000005,0.08590610426133272,0.9963032375991965,0.0
2010-01-06,0.0,25.2,24.89,0.0,7.63,0.0,0.0,0.0,-0.040000000000000036,0.10303137904317879,0.9946781061893646,0.0
2010-01-07,0.0,24.2,24.8,0.0,7.59,0.0,0.0,0.0,-0.040000000000000036,0.1201261651823505,0.9927586335250793,0.0
2010-01-08,0.0,23.5,24.74,0.0,7.55,0.0,0.0,0.0,-0.040000000000000036,0.13718540405660057,0.9905453876091833,0.0
2010-01-09,0.0,24.4,24.71,0.0,7.51,0.0,0.0,0.0,-0.040000000000000036,0.1542040475626894,0.988039023376751,0.0
2010-01-10,0.0,25.3,24.67,0.0,6.96,0.0,0.0,0.0,-0.5499999999999998,0.17117705961019986,0.985240282501282,0.0
2010-01-11,4.6,24.5,25.55,1.8,6.91,4.6,4.6,1.8,-0.04999999999999982,0.18809941761179758,0.9821499931752291,0.0
2010-01-12,3.4,23.5,27.99,0.9,7.22,8.0,8.0,2.7,0.3099999999999996,0.20496611396949532,0.9787690698649216,0.0
2010-01-13,0.1,23.9,28.84,0.0,6.96,8.1,8.1,2.7,-0.2599999999999998,0.22177215755648186,0.975098513039961,0.0
2010-01-14,0.2,24.0,28.12,0.0,6.6,3.6999999999999997,8.299999999999999,2.7,-0.3600000000000003,0.23851257519407648,0.9711394088771653,0.0
2010-01-15,0.0,24.1,27.81,2.4,6.43,0.30000000000000004,8.299999999999999,5.1,-0.16999999999999993,0.2551824131233728,0.9668929289391521,0.0
2010-01-16,0.3,23.7,27.77,0.0,6.35,0.5,8.6,5.1,-0.08000000000000007,0.2717767384711357,0.9623603298276545,0.0
2010-01-17,0.3,23.8,27.3,0.0,6.21,0.6,8.9,5.1,-0.13999999999999968,0.2882906407095177,0.9575429528116719,0.0
2010-01-18,0.0,24.1,26.67,0.0,6.03,0.6,4.3,3.3000000000000003,-0.17999999999999972,0.3047192331091634,0.9524422234305676,0.0
2010-01-19,0.0,23.8,26.01,0.0,5.89,0.3,0.8999999999999999,2.4,-0.14000000000000057,0.321057654185271,0.9470596510722283,0.0
2010-01-20,0.0,23.9,25.52,0.0,5.87,0.0,0.8,2.4,-0.019999999999999574,0.3373010691361842,0.9413968285264122,0.0
2010-01-21,0.0,23.8,25.13,0.0,5.89,0.0,0.5999999999999999,2.4,0.019999999999999574,0.3534446712740877,0.9354554315134164,0.0
2010-01-22,0.0,22.8,24.77,0.0,5.81,0.0,0.5999999999999999,0.0,-0.08000000000000007,0.3694836834473831,0.9292372181882051,0.0
2010-01-23,0.0,22.6,24.52,0.0,5.7,0.0,0.3,0.0,-0.10999999999999943,0.38541335945432564,0.9227440286201427,0.0
2010-01-24,0.0,23.4,24.36,0.0,5.61,0.0,0.0,0.0,-0.08999999999999986,0.4012289854475009,0.9159777842484877,0.0
2010-01-25,0.0,23.2,24.26,0.0,5.53,0.0,0.0,0.0,-0.08000000000000007,0.4169258813287287,0.908940487313808,0.0
2010-01-26,0.0,23.5,24.2,0.0,5.49,0.0,0.0,0.0,-0.040000000000000036,0.4324994021339788,0.901634220265486,0.0
2010-01-27,0.0,23.2,24.12,0.0,5.44,0.0,0.0,0.0,-0.04999999999999982,0.44794493940789115,0.8940611451454876,0.0
2010-01-28,0.0,23.6,24.08,0.0,5.37,0.0,0.0,0.0,-0.07000000000000028,0.4632579225674917,0.88622350294858,0.0
2010-01-29,0.0,24.0,24.04,0.0,5.28,0.0,0.0,0.0,-0.08999999999999986,0.4784338202547012,0.8781236129591848,0.0
2010-01-30,0.0,23.9,24.0,0.0,5.65,0.0,0.0,0.0,0.3700000000000001,0.49346814167723735,0.8697638720650646,0.0
2010-01-31,0.0,24.8,23.98,0.0,6.06,0.0,0.0,0.0,0.40999999999999925,0.5083564379375122,0.8611467540480452,0.0
2010-02-01,0.0,25.1,23.95,0.0,6.21,0.0,0.0,0.0,0.15000000000000036,0.5230943033491326,0.8522748088519838,0.0
2010-02-02,0.0,24.8,23.92,0.0,6.24,0.0,0.0,0.0,0.03000000000000025,0.5376773767406141,0.8431506618282,0.0
2010-02-03,0.0,24.4,23.9,0.0,6.21,0.0,0.0,0.0,-0.03000000000000025,0.5521013427459208,0.8337770129585915,0.0
2010-02-04,0.0,24.4,23.87,0.0,6.21,0.0,0.0,0.0,0.0,0.5663619330814524,0.8241566360566663,0.0
2010-02-05,0.0,24.6,23.82,0.0,6.23,0.0,0.0,0.0,0.020000000000000462,0.580454927809098,0.8142923779467267,0.0
2010-02-06,0.0,24.4,23.78,0.0,6.18,0.0,0.0,0.0,-0.05000000000000071,0.5943761565849831,0.804187157621448,0.0
2010-02-07,0.0,25.2,23.75,0.0,6.06,0.0,0.0,0.0,-0.1200000000000001,0.6081214998935418,0.7938439653781019,0.0
2010-02-08,0.0,25.1,23.72,0.0,6.03,0.0,0.0,0.0,-0.02999999999999936,0.6216868902665479,0.7832658619336791,0.0
2010-02-09,0.0,24.8,23.7,0.0,6.03,0.0,0.0,0.0,0.0,0.6350683134867438,0.7724559775191742,0.0
2010-02-10,0.0,24.9,23.66,0.0,6.06,0.0,0.0,0.0,0.02999999999999936,0.6482618097757122,0.7614175109532997,0.0
2010-02-11,0.0,24.7,23.67,0.0,6.06,0.0,0.0,0.0,0.0,0.6612634749656386,0.7501537286959042,0.0
2010-02-12,0.0,24.7,23.65,0.0,6.03,0.0,0.0,0.0,-0.02999999999999936,0.6740694616546161,0.7386679638813748,0.0
2010-02-13,0.0,26.0,23.63,0.0,6.06,0.0,0.0,0.0,0.02999999999999936,0.6866759803451553,0.726963615332308,0.0
2010-02-14,0.2,26.6,23.66,0.0,6.06,0.2,0.2,0.0,0.0,0.6990793005655562,0.7150441465537444,0.0
2010-02-15,0.0,27.2,23.65,0.0,5.9,0.2,0.2,0.0,-0.15999999999999925,0.7112757519738152,0.7029130847082615,0.0
2010-02-16,0.0,27.8,23.56,0.0,5.78,0.2,0.2,0.0,-0.1200000000000001,0.7232617254437388,0.6905740195722293,0.0
2010-02-17,0.0,28.1,23.52,0.0,5.68,0.0,0.2,0.0,-0.10000000000000053,0.7350336741329413,0.6780306024735382,0.0
2010-02-18,0.0,28.0,23.5,0.0,5.62,0.0,0.2,0.0,-0.05999999999999961,0.746588114532413,0.6652865452111116,0.0
2010-02-19,0.0,27.4,23.47,0.0,5.68,0.0,0.2,0.0,0.05999999999999961,0.7579216274973472,0.6523456189565257,0.0
2010-02-20,0.0,27.6,23.45,0.0,5.62,0.0,0.2,0.0,-0.05999999999999961,0.7690308592589181,0.6392116531380588,0.0
2010-02-21,0.0,27.4,23.44,0.0,5.56,0.0,0.0,0.0,-0.0600000000000005,0.7799125224167177,0.6258885343075018,0.0
2010-02-22,0.3,27.7,23.44,0.0,5.53,0.3,0.3,0.0,-0.02999999999999936,0.7905633969115482,0.612380204990065,0.0
2010-02-23,0.3,27.0,23.59,0.0,5.59,0.6,0.6,0.0,0.05999999999999961,0.8009803309782905,0.5986906625177214,0.0
2010-02-24,0.0,25.5,23.6,0.0,5.56,0.6,0.6,0.0,-0.03000000000000025,0.8111602420785621,0.5848239578463322,0.0
2010-02-25,0.0,24.4,23.46,0.0,5.47,0.3,0.6,0.0,-0.08999999999999986,0.8211001178128892,0.5707841943569036,0.0
2010-02-26,0.0,26.1,23.38,0.0,5.47,0.0,0.6,0.0,0.0,0.8307970168121247,0.5565755266413303,0.0
2010-02-27,0.0,27.6,23.35,0.0,5.28,0.0,0.6,0.0,-0.1899999999999995,0.8402480696078469,0.5422021592729844,0.0
2010-02-28,0.0,28.5,23.33,0.0,5.03,0.0,0.6,0.0,-0.25,0.8494504794814806,0.527668345562516,0.0
2010-03-01,0.0,28.0,23.3,0.0,5.03,0.0,0.3,0.0,0.0,0.8584015232918917,0.512978386299228,0.0
2010-03-02,0.0,27.4,23.3,0.0,5.0,0.0,0.0,0.0,-0.03000000000000025,0.8670985522812081,0.4981366284784055,0.0
2010-03-03,0.0,27.9,23.3,0.0,4.81,0.0,0.0,0.0,-0.1900000000000004,0.8755389928586302,0.4831474640149687,0.0
2010-03-04,0.0,27.8,23.29,0.0,4.69,0.0,0.0,0.0,-0.11999999999999922,0.8837203473619977,0.4680153284438345,0.0
2010-03-05,0.0,27.3,23.25,0.0,4.66,0.0,0.0,0.0,-0.03000000000000025,0.8916401947968874,0.45274469960737107,0.0
2010-03-06,0.0,26.8,23.25,0.0,4.69,0.0,0.0,0.0,0.03000000000000025,0.8992961915530253,0.4373400963303323,0.0
2010-03-07,0.0,27.0,23.25,0.0,4.53,0.0,0.0,0.0,-0.16000000000000014,0.9066860720977985,0.4218060770826634,0.0
2010-03-08,0.0,28.6,23.25,0.0,4.22,0.0,0.0,0.0,-0.3100000000000005,0.9138076496466615,0.4061472386305789,0.0
2010-03-09,0.0,29.6,23.23,0.0,4.06,0.0,0.0,0.0,-0.16000000000000014,0.9206588168102428,0.3903682146763026,0.0
2010-03-10,0.0,30.1,23.28,0.6,4.19,0.0,0.0,0.6,0.13000000000000078,0.9272375462179537,0.374473674486883,0.0
2010-03-11,0.0,30.2,23.35,0.0,4.19,0.0,0.0,0.6,0.0,0.9335418911179212,0.35846832151248087,0.0
2010-03-12,0.0,29.7,23.27,0.0,4.19,0.0,0.0,0.6,0.0,0.9395699859530622,0.342356891994542,0.0
2010-03-13,0.0,29.9,23.22,0.0,4.19,0.0,0.0,0.6,0.0,0.945320046913132,0.3261441535642696,0.0
2010-03-14,0.0,28.9,23.22,0.0,4.35,0.0,0.0,0.6,0.15999999999999925,0.9507903724625832,0.3098349038318025,0.0
2010-03-15,0.0,28.9,23.23,0.0,4.5,0.0,0.0,0.6,0.15000000000000036,0.9559793438440766,0.2934339689665273,0.0
2010-03-16,0.0,29.0,23.17,0.0,4.37,0.0,0.0,0.6,-0.1299999999999999,0.9608854255574977,0.27694620226893646,0.0
2010-03-17,0.0,29.2,23.15,0.0,4.22,0.0,0.0,0.0,-0.15000000000000036,0.9655071658143364,0.2603764827344581,0.0
2010-03-18,0.0,29.8,23.15,0.0,4.13,0.0,0.0,0.0,-0.08999999999999986,0.969843196967294,0.24372971360968387,0.0
2010-03-19,0.0,29.6,23.15,0.0,4.04,0.0,0.0,0.0,-0.08999999999999986,0.9738922359149924,0.22701082094141847,0.0
2010-03-20,0.0,29.0,23.21,0.4,4.22,0.0,0.0,0.4,0.17999999999999972,0.9776530844816641,0.2102247521189836,0.0
2010-03-21,0.0,29.3,23.28,0.0,4.47,0.0,0.0,0.4,0.25,0.981124629771712,0.19337647441020586,0.0
2010-03-22,0.0,29.2,23.18,0.0,4.25,0.0,0.0,0.4,-0.21999999999999975,0.984305844499033,0.17647097349152166,0.0
2010-03-23,0.0,29.0,23.16,0.0,3.94,0.0,0.0,0.4,-0.31000000000000005,0.9871957872910085,0.15951325197263655,0.0
2010-03-24,0.0,28.5,23.15,0.0,3.75,0.0,0.0,0.4,-0.18999999999999995,0.9897936029670716,0.14250832791617088,0.0
2010-03-25,0.0,28.7,23.1,0.0,3.69,0.0,0.0,0.4,-0.06000000000000005,0.992098522791769,0.12546123335273648,0.0
2010-03-26,0.0,28.7,23.1,0.0,3.66,0.0,0.0,0.4,-0.029999999999999805,0.9941098647022418,0.10837701279187609,0.0
2010-03-27,0.0,27.6,23.1,0.0,3.69,0.0,0.0,0.0,0.029999999999999805,0.9958270335100595,0.09126072172931188,0.0
2010-03-28,0.0,28.4,23.1,0.0,3.81,0.0,0.0,0.0,0.1200000000000001,0.9972495210773451,0.07411742515094437,0.0
2010-03-29,0.1,28.1,23.14,0.2,4.0,0.1,0.1,0.2,0.18999999999999995,0.998376906467142,0.056952196034039754,0.0
2010-03-30,0.0,28.1,23.18,0.0,4.19,0.1,0.1,0.2,0.1900000000000004,0.9992088560679753,0.03977011384605572,0.0
2010-03-31,0.0,27.3,23.13,0.0,4.13,0.1,0.1,0.2,-0.0600000000000005,0.9997451236925734,0.022576263041545485,0.0
2010-04-01,0.0,26.3,23.1,0.0,4.04,0.0,0.1,0.2,-0.08999999999999986,0.9999855506507186,0.005375731557583884,0.0
2010-04-02,0.0,27.2,23.1,0.0,3.84,0.0,0.1,0.2,-0.20000000000000018,0.9999300657962057,-0.011826390691832589,0.0
2010-04-03,0.0,30.5,23.1,0.0,3.56,0.0,0.1,0.2,-0.2799999999999998,0.9995786855478958,-0.029025013321975237,0.0
2010-04-04,0.0,30.8,23.1,0.0,3.32,0.0,0.1,0.2,-0.2400000000000002,0.9989315138848577,-0.046215046983708354,0.0
2010-04-05,0.0,30.2,23.1,0.0,3.22,0.0,0.0,0.0,-0.09999999999999964,0.9979887423155984,-0.06339140486951038,0.0
2010-04-06,0.0,31.1,23.1,0.0,3.22,0.0,0.0,0.0,0.0,0.9967506498213929,-0.08054900421874167,0.0
2010-04-07,0.0,30.8,23.07,0.0,3.32,0.0,0.0,0.0,0.09999999999999964,0.9952176027737294,-0.09768276782171598,0.0
2010-04-08,0.0,31.7,23.05,0.0,3.09,0.0,0.0,0.0,-0.22999999999999998,0.9933900548258936,-0.11478762552212701,0.0
2010-04-09,2.3,28.8,23.63,0.4,3.16,2.3,2.3,0.4,0.07000000000000028,0.9912685467787256,-0.13185851571739118,0.0
2010-04-10,2.1,28.9,24.52,0.3,3.32,4.4,4.4,0.7,0.1599999999999997,0.9888537064205885,-0.1488903868564548,0.0
2010-04-11,0.0,30.5,24.51,0.0,2.4,4.4,4.4,0.7,-0.9199999999999999,0.986146248341595,-0.16587819893463143,0.0
2010-04-12,0.0,30.2,23.78,0.4,1.44,2.1,4.4,1.1,-0.96,0.9831469737221499,-0.1828169249850199,0.0
2010-04-13,0.0,29.6,23.45,0.0,0.75,0.0,4.4,1.1,-0.69,0.9798567700958665,-0.1997015525660636,0.0
2010-04-14,0.0,29.2,23.22,0.0,0.44,0.0,4.4,1.1,-0.31,0.9762766110869321,-0.21652708524481437,0.0
2010-04-15,0.0,30.5,23.16,0.2,0.47,0.0,4.4,1.3,0.02999999999999997,0.9724075561219968,-0.23328854407545518,0.0
2010-04-16,5.9,29.8,24.3,0.6,0.85,5.9,8.0,1.5,0.38,0.9682507501166718,-0.2499809690726521,0.0
2010-04-17,2.0,29.0,26.92,2.1,1.03,7.9,7.900000000000001,3.3,0.18000000000000005,0.9638074231367307,-0.26659942067929354,0.0
2010-04-18,0.2,28.3,27.52,0.3,0.85,8.1,8.1,3.6,-0.18000000000000005,0.9590788900341131,-0.28313898122818354,0.0
2010-04-19,0.0,27.8,26.4,0.0,0.66,2.2,8.1,3.2,-0.18999999999999995,0.9540665500578387,-0.2995947563972602,0.0
2010-04-20,0.0,28.4,25.19,0.0,0.59,0.2,8.1,3.2,-0.07000000000000006,0.9487718864399473,-0.31596187665790293,0.0
2010-04-21,0.0,28.7,24.3,0.4,0.53,0.0,8.1,3.6000000000000005,-0.05999999999999994,0.9431964659565866,-0.33223549871590435,0.0
2010-04-22,0.0,29.8,23.79,0.0,0.5,0.0,8.1,3.4000000000000004,-0.030000000000000027,0.9373419384643772,-0.3484108069446808,0.0
2010-04-23,0.0,30.9,23.38,0.1,0.47,0.0,2.2,2.9000000000000004,-0.030000000000000027,0.9312100364121947,-0.3644830148102912,0.0
2010-04-24,0.0,30.7,23.29,0.5,0.47,0.0,0.2,1.3,0.0,0.9248025743285089,-0.38044736628785164,0.0
2010-04-25,0.0,30.3,23.35,0.3,0.47,0.0,0.0,1.3,0.0,0.9181214482844364,-0.39629913726891813,0.0
2010-04-26,0.0,31.2,23.27,0.0,0.44,0.0,0.0,1.3,-0.02999999999999997,0.9111686353326631,-0.41203363695942635,0.0
2010-04-27,0.0,30.6,23.22,0.5,0.44,0.0,0.0,1.8,0.0,0.9039461929224011,-0.42764620926777464,0.0
2010-04-28,1.0,30.2,23.41,0.4,0.44,1.0,1.0,1.8,0.0,0.8964562582905575,-0.44313223418263453,0.0
2010-04-29,1.1,30.5,23.78,0.0,0.47,2.1,2.1,1.8,0.02999999999999997,0.8887010478292915,-0.45848712914008766,0.0
2010-04-30,0.0,29.3,23.94,0.3,0.59,2.1,2.1,2.0,0.12,0.8806828564301475,-0.47370635037968,0.0
2010-05-01,0.7,28.9,23.81,0.6,0.56,1.8,2.8,2.1,-0.029999999999999916,0.8724040568049612,-0.48878539428899265,0.0
2010-05-02,3.9,29.3,24.72,1.2,0.66,4.6,6.7,3.0,0.09999999999999998,0.8638670987837349,-0.503719798736334,0.0
2010-05-03,2.6,28.8,26.03,0.9,0.78,7.2,9.3,3.9,0.12,0.8550745085896932,-0.518505144391157,0.0
2010-05-04,0.1,28.9,26.12,2.7,0.66,6.6,9.4,6.1,-0.12,0.8460288880917339,-0.533137056031809,0.0
2010-05-05,0.0,28.7,25.23,0.2,0.59,2.7000000000000006,8.4,5.8999999999999995,-0.07000000000000006,0.8367329140344921,-0.5476112038402312,0.0
2010-05-06,0.0,28.8,24.43,0.1,0.56,0.10000000000000045,7.300000000000001,6.0,-0.029999999999999916,0.8271893372462497,-0.5619233046832195,0.0
2010-05-07,0.0,29.9,23.89,0.3,0.44,0.0,7.300000000000001,6.0,-0.12000000000000005,0.8174009818249189,-0.5760691233798758,0.0
2010-05-08,0.4,29.8,23.63,0.0,0.47,0.40000000000000047,7.0,5.4,0.02999999999999997,0.8073707443023492,-0.5900444739548627,0.0
2010-05-09,0.0,31.0,23.35,0.0,0.44,0.40000000000000047,3.1,4.2,-0.02999999999999997,0.7971015927871943,-0.6038452208771035,0.0
2010-05-10,0.0,30.6,23.17,0.2,0.41,0.40000000000000047,0.5,3.5,-0.030000000000000027,0.7865965660866021,-0.6174672802835514,0.0
2010-05-11,0.0,30.6,23.15,0.2,0.44,0.0,0.4,1.0,0.030000000000000027,0.7758587728069828,-0.6309066211876704,0.0
2010-05-12,0.0,29.5,23.1,0.0,0.41,0.0,0.4,0.8,-0.030000000000000027,0.7648913904341225,-0.6441592666722685,0.0
2010-05-13,0.0,29.0,23.03,0.0,0.37,0.0,0.4,0.7,-0.03999999999999998,0.753697664392914,-0.6572212950663319,0.0
2010-05-14,0.0,29.0,23.0,0.0,0.37,0.0,0.4,0.4,0.0,0.742280907086982,-0.6700888411055113,0.0
2010-05-15,0.0,29.1,22.96,0.0,0.37,0.0,0.0,0.4,0.0,0.7306444969184916,-0.6827580970759147,0.0
2010-05-16,0.0,28.7,22.95,0.0,0.37,0.0,0.0,0.4,0.0,0.7187918772884232,-0.6952253139408722,0.0
2010-05-17,0.0,29.3,22.95,0.0,0.37,0.0,0.0,0.2,0.0,0.7067265555776158,-0.7074868024503348,0.0
2010-05-18,0.3,29.7,23.01,0.1,0.44,0.30000000000000043,0.3,0.1,0.07,0.6944521021088763,-0.719538934232584,0.0
2010-05-19,0.0,28.8,23.06,0.0,0.72,0.30000000000000043,0.3,0.1,0.27999999999999997,0.6819721490904629,-0.7313781428679254,0.0
2010-05-20,0.0,28.7,23.02,0.0,1.16,0.30000000000000043,0.3,0.1,0.43999999999999995,0.6692903895412567,-0.7430009249440493,0.0
2010-05-21,0.0,28.3,23.02,0.6,1.31,0.0,0.3,0.7,0.15000000000000013,0.6564105761979381,-0.7544038410927472,0.0
2010-05-22,0.4,28.3,23.1,0.7,1.47,0.40000000000000047,0.7,1.4,0.15999999999999992,0.6433365204044917,-0.765583517007675,0.0
2010-05-23,0.3,28.4,23.19,0.0,1.9,0.7000000000000004,1.0,1.4,0.42999999999999994,0.6300720909843687,-0.7765366444428655,0.0
2010-05-24,0.0,28.2,23.21,0.2,2.37,0.7000000000000004,1.0,1.5999999999999999,0.4700000000000002,0.6166212130956382,-0.7872599821916922,0.0
2010-05-25,0.0,28.1,23.11,0.2,2.87,0.30000000000000043,0.7,1.6999999999999997,0.5,0.6029878670694714,-0.7977503570459932,0.0
2010-05-26,0.0,27.9,23.14,0.4,3.22,0.0,0.7,2.0999999999999996,0.3500000000000001,0.5891760872322963,-0.8080046647350754,0.0
2010-05-27,0.0,28.3,23.11,0.9,3.35,0.0,0.7,3.0,0.1299999999999999,0.5751899607119775,-0.8180198708443174,0.0
2010-05-28,0.0,28.6,23.07,1.7,3.35,0.0,0.7,4.1,0.0,0.5610336262283677,-0.8277930117131022,0.0
2010-05-29,0.0,28.4,22.98,0.0,3.41,0.0,0.3,3.4,0.06000000000000005,0.5467112728685939,-0.8373211953118121,0.0
2010-05-30,0.0,28.6,22.97,0.0,3.44,0.0,0.0,3.4,0.029999999999999805,0.5322271388474397,-0.8466016020976267,0.0
2010-05-31,0.9,27.4,23.35,8.4,3.59,0.9000000000000005,0.9,11.6,0.1499999999999999,0.5175855102531889,-0.8556314858488706,0.0
2010-06-01,0.6,27.4,24.09,4.3,3.81,1.5000000000000004,1.5,15.7,0.2200000000000002,0.5027907197793043,-0.8644081744776648,0.0
2010-06-02,1.0,28.1,24.36,1.1,3.97,2.5000000000000004,2.5,16.4,0.16000000000000014,0.4878471454423119,-0.8729290708206411,0.0
2010-06-03,0.8,28.8,24.31,0.9,3.94,2.4000000000000004,3.3,16.4,-0.03000000000000025,0.47275920928627757,-0.881191653407483,0.0
2010-06-04,0.0,28.4,24.03,0.3,3.84,1.8000000000000005,3.3,15.0,-0.10000000000000009,0.4575313760742512,-0.8891934772070711,0.0
2010-06-05,0.0,28.2,23.61,0.7,3.75,0.8000000000000005,3.3,15.7,-0.08999999999999986,0.44216815196707204,-0.8969321743510065,0.0
2010-06-06,0.4,27.5,23.54,1.8,3.81,0.40000000000000047,3.7,17.5,0.06000000000000005,0.42667408318992467,-0.9044054548343001,0.0
2010-06-07,1.4,26.4,24.24,8.2,4.09,1.8000000000000003,4.2,17.299999999999997,0.2799999999999998,0.4110537546870351,-0.9116111071930239,0.0
2010-06-08,0.1,26.9,24.69,8.4,4.35,1.9000000000000004,3.7,21.4,0.2599999999999998,0.3953117887649151,-0.9185469991587165,0.0
2010-06-09,3.5,26.9,26.0,13.0,5.97,5.0,6.2,33.3,1.62,0.37945284372454435,-0.925211078289358,0.0
2010-06-10,8.8,26.4,31.41,15.9,9.59,12.4,14.200000000000001,48.300000000000004,3.62,0.36348161248290634,-0.9316013725767187,0.0
2010-06-11,13.2,26.0,36.91,15.6,14.14,25.5,27.4,63.599999999999994,4.550000000000001,0.3474028211842774,-0.9377159910299093,0.0
2010-06-12,5.4,25.8,39.39,47.0,14.89,27.4,32.8,109.9,0.75,0.3312212278016865,-0.9435531242349544,0.0
2010-06-13,26.1,24.9,42.69,20.8,18.19,44.7,58.5,128.9,3.3000000000000007,0.31494162072895193,-0.9491110448902284,0.0
2010-06-14,17.0,23.8,46.71,41.3,21.49,48.5,74.10000000000001,162.0,3.299999999999997,0.2985688173637202,-0.9543881083175908,0.0
2010-06-15,30.7,23.4,48.36,61.6,35.39,73.8,104.69999999999999,215.2,13.900000000000002,0.2821076626819194,-0.9593827529490743,0.0
2010-06-16,29.6,23.4,48.99,51.9,69.79,77.3,130.8,254.1,34.400000000000006,0.26556302780405594,-0.9640935007889755,0.0
2010-06-17,21.7,23.1,47.83,62.3,124.31,82.0,143.7,300.5,54.519999999999996,0.24893980855376657,-0.9685189578512204,0.0
2010-06-18,14.4,23.4,49.26,30.9,147.94,65.7,144.9,315.8,23.629999999999995,0.23224292400907015,-0.9726578145718654,0.0
2010-06-19,3.5,24.7,48.81,10.8,127.82,39.6,143.0,279.59999999999997,-20.120000000000005,0.21547731504673012,-0.976508846196619,0.0
2010-06-20,0.7,24.6,48.36,5.1,96.72,18.6,117.6,263.90000000000003,-31.099999999999994,0.19864794288017112,-0.9800709131432666,0.0
2010-06-21,2.8,24.8,48.4,3.9,71.28,7.0,103.39999999999999,226.5,-25.439999999999998,0.18175978759137534,-0.9833429613388902,0.0
2010-06-22,1.7,24.5,47.9,34.3,54.98,5.2,74.39999999999999,199.2,-16.300000000000004,0.16481784665719793,-0.9863240225317866,0.0
2010-06-23,2.3,24.0,48.8,27.3,69.63,6.8,47.1,174.6,14.649999999999999,0.14782713347053048,-0.9890132145779883,0.0
2010-06-24,2.0,23.6,49.24,35.1,107.14,6.0,27.4,147.39999999999998,37.510000000000005,0.13079267585675922,-0.9914097417023038,0.0
2010-06-25,3.6,23.7,49.87,36.9,165.34,7.9,16.6,153.39999999999998,58.2,0.11371951458594969,-0.9935128947338007,0.0
2010-06-26,30.6,23.9,49.0,53.4,251.35,36.2,43.7,196.0,86.00999999999999,0.0966127018812031,-0.9953220513156602,0.0
2010-06-27,0.8,24.3,48.31,10.8,303.09,35.0,43.8,201.7,51.73999999999998,0.07947729992362097,-0.9968366760893436,0.0
2010-06-28,0.3,25.1,47.78,6.6,250.19,31.700000000000003,41.300000000000004,204.4,-52.89999999999998,0.062318379354325076,-0.998056320853012,0.0
2010-06-29,0.0,25.2,46.88,5.5,166.88,1.1,39.6,175.6,-83.31,0.04514101777397193,-0.9989806246941579,0.0
2010-06-30,0.0,24.8,46.01,5.3,115.68,0.3,37.300000000000004,153.6,-51.19999999999999,0.02795029824021032,-0.999609314096404,0.0
2010-07-01,5.1,23.9,46.18,8.3,86.5,5.1,40.400000000000006,126.8,-29.180000000000007,0.01075130776352193,-0.9999422030204416,0.0
2010-07-02,30.5,22.4,48.71,51.1,161.55,35.6,67.3,141.0,75.05000000000001,-0.00645086419810515,-0.9999791929590823,0.0
2010-07-03,21.8,22.2,48.39,36.5,288.73,57.400000000000006,58.5,124.1,127.18,-0.023651127245231586,-0.9997202729664083,0.0
2010-07-04,2.4,23.8,44.89,12.9,298.23,54.7,60.1,126.2,9.5,-0.04084439154329611,-0.9991655196610109,0.0
2010-07-05,3.1,23.8,46.03,22.4,237.78,27.3,62.9,142.0,-60.45000000000002,-0.05802556932878035,-0.9983150972033183,0.0
2010-07-06,17.8,22.9,48.81,21.9,215.77,23.3,80.7,158.39999999999998,-22.00999999999999,-0.07518957641475855,-0.9971692572470178,0.0
2010-07-07,2.8,23.4,50.29,12.8,230.21,23.700000000000003,83.5,165.9,14.439999999999998,-0.09233133369539122,-0.9957283388645872,0.0
2010-07-08,7.9,23.6,50.2,9.4,201.77,28.5,86.30000000000001,167.0,-28.439999999999998,-0.10944576864891556,-0.993992768446958,0.0
2010-07-09,3.2,23.5,50.63,10.2,164.2,13.9,59.00000000000001,126.10000000000001,-37.57000000000002,-0.12652781683868314,-0.9919630595773397,0.0
2010-07-10,0.7,24.6,49.11,3.8,135.46,11.8,37.9,93.39999999999999,-28.73999999999998,-0.1435724234118113,-0.9896398128792412,0.0
2010-07-11,0.7,24.4,48.18,4.0,97.86,4.6,36.2,84.5,-37.60000000000001,-0.16057454459499376,-0.9870237158387383,0.0
2010-07-12,0.0,24.5,47.37,5.6,73.64,1.4,33.1,67.7,-24.22,-0.17752914918703497,-0.984115542601034,0.0
2010-07-13,3.6,24.3,47.2,6.6,57.61,4.3,18.9,52.4,-16.03,-0.19443122004766195,-0.9809161537413774,0.0
2010-07-14,6.6,23.6,47.9,15.7,53.58,10.2,22.7,55.3,-4.030000000000001,-0.2112757555821793,-0.9774264960104055,0.0
2010-07-15,5.8,24.3,48.4,11.3,62.53,16.0,20.6,57.199999999999996,8.950000000000003,-0.2280577712215198,-0.9736476020539838,0.0
2010-07-16,1.2,23.7,49.0,23.9,71.61,13.6,18.599999999999998,70.9,9.079999999999998,-0.24477230089725957,-0.9695805901076308,0.0
2010-07-17,11.8,23.3,49.34,37.4,101.09,18.8,29.7,104.5,29.480000000000004,-0.2614143985111562,-0.965226663665613,0.0
2010-07-18,8.0,23.6,49.8,44.2,194.43,21.0,37.0,144.7,93.34,-0.2779791393987801,-0.9605871111248129,0.0
2010-07-19,33.8,23.5,48.94,119.4,521.4,53.599999999999994,70.8,258.5,326.96999999999997,-0.2944616217868012,-0.9556633054034704,0.0
2010-07-20,9.2,23.2,49.35,62.3,890.25,51.0,76.4,314.2,368.85,-0.3108569682435036,-0.9504567035349151,0.0
2010-07-21,22.0,23.0,49.88,56.8,934.41,65.0,91.8,355.3,44.15999999999997,-0.3271603271220951,-0.9449688462364056,0.0
2010-07-22,24.8,22.7,47.95,76.9,915.22,56.0,110.8,420.9,-19.18999999999994,-0.34336687399638804,-0.939201357453208,1.0
2010-07-23,11.6,22.8,48.99,49.0,932.25,58.4,121.19999999999999,446.0,17.029999999999973,-0.3594718130884232,-0.9331559438780432,1.0
2010-07-24,44.2,22.4,48.21,77.4,1001.31,80.60000000000001,153.6,486.00000000000006,69.05999999999995,-0.3754703786876202,-0.9268343944460494,1.0
2010-07-25,39.1,22.1,48.5,75.9,1206.81,94.9,184.7,517.7,205.5,-0.3913578365610259,-0.9202385798054075,1.0
2010-07-26,28.2,22.0,48.51,85.3,1320.3,111.50000000000001,179.1,483.6,113.49000000000001,-0.4071294853542516,-0.9133704517637858,1.0
2010-07-27,10.2,22.9,47.76,46.4,1204.04,77.5,180.1,467.7,-116.25999999999999,-0.4227806579826773,-0.9062320427107697,0.0
2010-07-28,7.8,22.7,49.3,47.0,978.49,46.199999999999996,165.9,457.9,-225.54999999999995,-0.4383067230125192,-0.898825465016444,0.0
2010-07-29,4.6,22.5,48.01,36.6,775.25,22.599999999999998,145.70000000000002,417.6,-203.24,-0.45370308603134424,-0.8911529104063088,0.0
2010-07-30,3.7,22.5,50.21,45.9,652.13,16.1,137.79999999999998,414.5,-123.12,-0.46896519100763184,-0.8832166493127127,0.0
2010-07-31,7.5,22.6,50.6,47.3,625.61,15.799999999999999,101.10000000000001,384.4,-26.519999999999982,-0.48408852163897587,-0.8750190302029955,0.0
2010-08-01,9.6,23.0,49.86,36.8,615.59,20.799999999999997,71.6,345.3,-10.019999999999982,-0.4990686026885319,-0.8665624788845385,0.0
2010-08-02,7.7,23.1,51.08,29.2,577.1,24.8,51.099999999999994,289.2,-38.49000000000001,-0.5139010013093103,-0.8578494977869301,0.0
2010-08-03,8.6,23.1,51.43,50.8,569.16,25.9,49.5,293.59999999999997,-7.940000000000055,-0.5285813283559292,-0.8488826652214553,0.0
2010-08-04,3.9,23.3,47.82,28.8,548.54,20.199999999999996,45.6,275.4,-20.620000000000005,-0.5431052396834317,-0.8396646346181327,0.0
2010-08-05,0.8,23.8,47.56,10.0,440.57,13.299999999999997,41.800000000000004,248.79999999999998,-107.96999999999997,-0.5574684374327892,-0.8301981337405212,0.0
2010-08-06,6.4,22.6,48.21,14.9,319.63,11.100000000000001,44.5,217.79999999999998,-120.94,-0.5716666713027052,-0.8204859638785327,0.0
2010-08-07,7.7,22.7,50.35,19.7,258.42,14.9,44.7,190.2,-61.20999999999998,-0.5856957398073508,-0.8105309990194823,0.0
2010-08-08,1.5,23.1,50.35,20.8,222.87,15.600000000000001,36.60000000000001,174.2,-35.55000000000001,-0.5995514915196489,-0.8003361849976323,0.0
2010-08-09,2.9,23.6,50.05,13.2,194.43,12.1,31.8,158.2,-28.439999999999998,-0.6132298262997502,-0.7899045386224707,0.0
2010-08-10,0.6,23.6,49.23,9.9,161.55,5.0,23.8,117.3,-32.879999999999995,-0.6267266965083301,-0.7792391467859886,0.0
2010-08-11,2.4,23.6,48.91,16.7,130.22,5.9,22.3,105.2,-31.330000000000013,-0.6400381082043503,-0.7683431655492202,0.0
2010-08-12,2.2,24.0,48.91,12.1,111.72,5.2,23.700000000000003,107.3,-18.5,-0.65316012232693,-0.7572198192083127,0.0
2010-08-13,6.5,23.1,49.76,11.5,102.51,11.100000000000001,23.799999999999997,103.89999999999999,-9.209999999999994,-0.666088855860977,-0.7458723993404063,0.0
2010-08-14,1.9,23.7,49.21,6.8,91.68,10.6,18.0,91.0,-10.829999999999998,-0.6788204829862355,-0.734304263829602,0.0
2010-08-15,10.3,24.0,48.39,16.0,80.1,18.7,26.8,86.19999999999999,-11.580000000000013,-0.6913512362094071,-0.722518835873311,0.0
2010-08-16,4.1,24.0,48.12,16.2,99.69,16.299999999999997,28.0,89.2,19.590000000000003,-0.7036774074790128,-0.7105196029692745,0.0
2010-08-17,4.2,23.5,49.22,31.0,111.72,18.6,31.6,110.3,12.030000000000001,-0.7157953492826642,-0.6983101158835584,0.0
2010-08-18,2.8,22.8,50.65,52.3,157.85,11.1,32.0,145.89999999999998,46.129999999999995,-0.7277014757264236,-0.6858939875998223,0.0
2010-08-19,0.0,23.2,49.87,10.0,227.56,7.0,29.799999999999997,143.8,69.71000000000001,-0.7393922635959241,-0.673274892250183,0.0
2010-08-20,2.9,23.4,49.23,8.6,187.8,5.699999999999999,26.2,140.9,-39.75999999999999,-0.7508642533989489,-0.6604565640279754,0.0
2010-08-21,2.1,23.5,49.35,8.1,143.88,5.0,26.4,142.2,-43.920000000000016,-0.7621140503891487,-0.6474427960827475,0.0
2010-08-22,7.0,23.5,48.68,8.5,122.88,12.0,23.1,134.7,-21.0,-0.7731383255706026,-0.6342374393978054,0.0
2010-08-23,6.9,23.7,46.9,21.7,106.89,16.0,25.9,140.2,-15.989999999999995,-0.7839338166829201,-0.620844401650647,0.0
2010-08-24,1.2,23.7,48.18,6.0,107.14,15.1,22.9,115.19999999999999,0.25,-0.7944973291665992,-0.6072676460566135,0.0
2010-08-25,2.7,23.3,48.12,14.7,98.77,10.8,22.800000000000004,77.6,-8.370000000000005,-0.8048257371083452,-0.593511190196115,0.0
2010-08-26,22.3,22.4,49.7,43.6,130.83,26.200000000000003,45.1,111.2,32.06000000000002,-0.8149159841660791,-0.5795791048257612,0.0
2010-08-27,6.6,22.9,48.42,31.5,228.09,31.6,48.800000000000004,134.10000000000002,97.25999999999999,-0.8247650844733614,-0.5654755126737576,0.0
2010-08-28,2.7,23.9,48.74,21.2,253.1,31.599999999999998,49.4,147.2,25.00999999999999,-0.8343701235229538,-0.5512045872199277,0.0
2010-08-29,1.8,23.6,48.91,15.5,233.96,11.1,44.2,154.2,-19.139999999999986,-0.8437282590292712,-0.5367705514607103,0.0
2010-08-30,3.6,22.9,49.53,31.0,230.21,8.100000000000001,40.9,163.5,-3.75,-0.8528367217694595,-0.522177676659508,0.0
2010-08-31,22.5,21.9,49.56,47.0,324.84,27.900000000000002,62.2,204.5,94.62999999999997,-0.8616928164028522,-0.5074302810827518,0.0
2010-09-01,7.9,23.2,45.4,30.0,435.52,34.0,67.39999999999999,219.8,110.68,-0.8702939222685674,-0.49253272872205434,0.0
2010-09-02,1.5,23.3,45.75,15.2,394.37,31.9,46.6,191.4,-41.14999999999998,-0.8786374941610001,-0.4774894280028391,0.0
2010-09-03,1.7,23.2,46.11,14.4,303.79,11.1,41.699999999999996,174.3,-90.57999999999998,-0.886721063082993,-0.46230483047981086,0.0
2010-09-04,1.8,23.2,46.64,17.0,235.05,5.0,40.800000000000004,170.10000000000002,-68.74000000000001,-0.8945422369764496,-0.4469834295196741,0.0
2010-09-05,2.4,23.0,47.41,16.0,196.24,5.9,41.4,170.60000000000002,-38.81,-0.9020987014301837,-0.43152975897147144,0.0
2010-09-06,11.3,22.5,48.02,24.8,203.64,15.5,49.099999999999994,164.4,7.399999999999977,-0.9093882203647925,-0.4159483918249421,0.0
2010-09-07,2.8,22.8,48.24,18.7,221.84,16.5,29.400000000000002,136.1,18.200000000000017,-0.9164086366943458,-0.4002439388573056,0.0
2010-09-08,10.9,22.9,48.93,32.0,235.59,25.0,32.4,138.1,13.75,-0.9231578729647039,-0.38442104726885545,0.0
2010-09-09,9.3,23.1,49.61,25.3,280.84,23.0,40.2,148.2,45.24999999999997,-0.9296339319682695,-0.3684843993077793,0.0
2010-09-10,1.9,23.6,49.37,14.5,262.03,22.099999999999998,40.400000000000006,148.29999999999998,-18.810000000000002,-0.9358348973349941,-0.35243871088460327,0.0
2010-09-11,1.3,23.5,48.64,6.9,196.24,12.5,39.9,138.2,-65.78999999999996,-0.9417589340994617,-0.33628873017668287,0.0
2010-09-12,1.2,23.9,47.91,4.7,142.88,4.4,38.7,126.89999999999999,-53.360000000000014,-0.9474042892438845,-0.32003923622313857,0.0
2010-09-13,1.2,23.5,47.26,3.9,107.89,3.7,28.6,106.0,-34.989999999999995,-0.9527692922168511,-0.30369503751065885,0.0
2010-09-14,1.5,23.6,46.91,4.3,78.07,3.9000000000000004,27.3,91.60000000000001,-29.820000000000007,-0.9578523554276669,-0.28726097055059635,0.0
2010-09-15,0.6,23.6,46.81,12.7,59.81,3.3,17.0,72.3,-18.25999999999999,-0.9626519747161487,-0.2707418984477642,0.0
2010-09-16,1.1,23.6,46.58,3.8,54.08,3.1999999999999997,8.8,50.800000000000004,-5.730000000000004,-0.9671667297977312,-0.2541427094613622,0.0
2010-09-17,5.0,23.4,46.65,14.3,49.0,6.7,11.899999999999999,50.599999999999994,-5.079999999999998,-0.97139528468375,-0.23746831555846842,0.0
2010-09-18,3.8,22.7,47.74,20.0,59.81,9.9,14.4,63.7,10.810000000000002,-0.9753363880767837,-0.2207236509605022,0.0
2010-09-19,29.0,22.2,49.64,46.2,152.46,37.8,42.2,105.20000000000002,92.65,-0.9789888737409319,-0.20391367068311472,0.0
2010-09-20,1.0,23.5,49.81,3.9,239.44,33.8,42.0,105.2,86.97999999999999,-0.9823516608469237,-0.18704334906991657,0.0
2010-09-21,0.0,24.2,48.18,0.0,190.87,30.0,40.5,100.9,-48.56999999999999,-0.9854237542919524,-0.17011767832049052,0.0
2010-09-22,1.9,24.7,47.41,1.0,121.74,2.9,41.800000000000004,89.2,-69.13000000000001,-0.9882042449941422,-0.15314166701312007,0.0
2010-09-23,5.6,24.7,48.18,8.9,84.11,7.5,46.3,94.30000000000001,-37.629999999999995,-0.9906923101615609,-0.13612033862266704,0.0
2010-09-24,3.1,24.2,48.98,6.6,76.09,10.6,44.4,86.60000000000001,-8.019999999999996,-0.9928872135356962,-0.11905873003404988,0.0
2010-09-25,0.6,24.5,48.38,3.6,69.63,9.299999999999999,41.199999999999996,70.20000000000002,-6.460000000000008,-0.994788305609327,-0.10196189005174576,0.0
2010-09-26,2.1,25.1,47.93,21.2,55.36,5.800000000000001,14.3,45.2,-14.269999999999996,-0.9963950238187231,-0.08483487790576538,0.0
2010-09-27,0.5,25.0,47.93,9.7,62.1,3.2,13.8,51.00000000000001,6.740000000000002,-0.9977068927101168,-0.06768276175455162,0.0
2010-09-28,0.8,24.8,47.15,15.6,70.94,3.4000000000000004,14.6,66.60000000000001,8.839999999999996,-0.9987235240803972,-0.050510617185222886,0.0
2010-09-29,1.4,25.7,46.54,6.7,63.57,2.7,14.1,72.30000000000001,-7.369999999999997,-0.9994446170919858,-0.033323525711631344,0.0
2010-09-30,0.0,25.0,46.06,3.8,53.83,2.2,8.5,67.2,-9.740000000000002,-0.9998699583618592,-0.016126573270657762,0.0
2010-10-01,0.0,25.8,44.63,0.0,40.88,1.4,5.4,60.60000000000001,-12.949999999999996,-0.9999994220246925,0.001075151282798226,0.0
2010-10-02,0.0,24.9,43.27,0.2,27.25,0.0,4.8,57.2,-13.630000000000003,-0.999832969770105,0.018276557681691223,0.0
2010-10-03,5.6,25.4,43.23,19.0,19.09,5.6,8.299999999999999,55.0,-8.16,-0.9993706508539969,0.03547255575312556,0.0
2010-10-04,2.6,24.8,45.7,12.3,20.48,8.2,10.399999999999999,57.60000000000001,1.3900000000000006,-0.9986126020839734,0.052658056924614005,0.0
2010-10-05,1.2,24.5,46.26,13.2,33.75,9.4,10.799999999999999,55.2,13.27,-0.9975590477788613,0.06982797572987089,0.0
2010-10-06,1.1,25.0,46.61,17.7,55.1,4.9,10.5,66.20000000000002,21.35,-0.9962102997023297,0.0869772313136861,0.0
2010-10-07,0.0,25.7,46.13,1.1,76.27,2.3,10.5,63.50000000000001,21.169999999999995,-0.9945667569706337,0.1041007489354256,0.0
2010-10-08,0.0,26.0,44.54,2.6,67.39,1.1,10.5,66.10000000000001,-8.879999999999995,-0.9926289059345095,0.121193461470736,0.0
2010-10-09,0.0,25.5,43.16,1.6,44.81,0.0,10.5,67.5,-22.58,-0.9903973200352558,0.1382503109109819,0.0
2010-10-10,0.0,24.5,42.11,1.6,28.99,0.0,4.8999999999999995,50.1,-15.820000000000004,-0.9878726596350429,0.15526624985999563,0.0
2010-10-11,1.4,23.4,41.41,1.0,20.04,1.4,3.6999999999999993,38.800000000000004,-8.95,-0.9850556718215013,0.172236243027682,0.0
2010-10-12,0.0,23.6,40.92,1.3,15.29,1.4,2.499999999999999,26.900000000000006,-4.75,-0.981947190186646,0.18915526872004093,0.0
2010-10-13,0.4,24.0,40.08,0.8,13.42,1.7999999999999998,1.799999999999999,10.000000000000007,-1.8699999999999992,-0.9785481345802031,0.20601832032517084,0.0
2010-10-14,0.0,23.8,39.56,2.1,11.71,0.4,1.799999999999999,11.000000000000007,-1.709999999999999,-0.9748595108374125,0.22282040779479959,0.0
2010-10-15,3.3,23.3,39.84,2.9,11.79,3.6999999999999997,5.099999999999999,11.300000000000006,0.0799999999999983,-0.9708824104813836,0.23955655912092708,0.0
2010-10-16,0.2,23.7,40.3,2.4,13.22,3.5,5.299999999999999,12.100000000000007,1.4300000000000015,-0.9666180104000972,0.2562218218071163,0.0
2010-10-17,1.2,23.6,41.05,39.6,22.33,4.699999999999999,6.499999999999998,50.10000000000001,9.109999999999998,-0.9620675724981452,0.27281126433401914,0.0
2010-10-18,4.4,23.3,43.53,22.0,68.02,5.8,9.499999999999998,71.10000000000001,45.69,-0.957232443323312,0.28931997761869527,0.0
2010-10-19,8.7,23.6,44.43,7.3,89.99,14.299999999999999,18.199999999999996,77.10000000000001,21.97,-0.9521140536681102,0.3057430764672831,0.0
2010-10-20,3.0,24.1,44.89,9.5,76.62,16.1,20.799999999999997,85.80000000000001,-13.36999999999999,-0.9467139181463862,0.3220757010206104,0.0
2010-10-21,3.3,24.1,45.99,8.6,64.61,15.0,24.099999999999998,92.30000000000001,-12.010000000000005,-0.9410336347451197,0.3383130181923076,0.0
2010-10-22,5.7,23.8,47.02,8.3,59.67,12.0,26.5,97.70000000000002,-4.939999999999998,-0.9350748843515574,0.3544502230989869,0.0
2010-10-23,4.0,23.4,47.65,5.7,59.12,13.0,30.299999999999997,101.00000000000001,-0.5500000000000043,-0.9288394302558068,0.3704825404820963,0.0
2010-10-24,0.8,23.5,47.06,1.8,53.08,10.5,29.9,63.20000000000001,-6.039999999999999,-0.9223291176290545,0.3864052261209853,0.0
2010-10-25,1.2,23.4,46.61,12.8,41.36,6.0,26.699999999999996,54.00000000000001,-11.719999999999999,-0.9155458729775467,0.40221356823680365,0.0
2010-10-26,0.4,24.9,45.85,4.9,38.17,2.4,18.4,51.60000000000001,-3.1899999999999977,-0.9084917035725082,0.41790288888678667,0.0
2010-10-27,0.0,24.5,44.27,0.3,35.14,1.6,15.399999999999999,42.40000000000001,-3.030000000000001,-0.9011686968561569,0.4334685453485363,0.0
2010-10-28,0.0,24.0,42.7,0.0,23.55,0.4,12.099999999999998,33.80000000000001,-11.59,-0.8935790198239952,0.4489059314938798,0.0
2010-10-29,0.0,23.6,41.2,0.0,15.83,0.0,6.399999999999999,25.500000000000007,-7.720000000000001,-0.8857249183835637,0.4642104791518923,0.0
2010-10-30,0.0,23.1,39.85,0.0,12.24,0.0,2.399999999999998,19.800000000000008,-3.59,-0.8776087166898392,0.4793776594606945,0.0
2010-10-31,0.0,24.3,38.71,0.0,10.97,0.0,1.5999999999999983,18.000000000000007,-1.2699999999999996,-0.8692328164574792,0.49440298420761813,0.0
2010-11-01,0.0,23.9,37.55,0.0,10.53,0.0,0.39999999999999825,5.200000000000007,-0.4400000000000013,-0.8605996962501181,0.5092820071573356,0.0
2010-11-02,0.0,23.8,36.53,0.0,10.25,0.0,0.0,0.3000000000000071,-0.27999999999999936,-0.8517119107469189,0.5240103253675756,0.0
2010-11-03,2.0,23.7,36.32,26.1,10.43,2.0,1.9999999999999982,26.10000000000001,0.17999999999999972,-0.8425720899866032,0.5385835804920232,0.0
2010-11-04,5.1,23.7,38.65,33.0,14.85,7.1,7.099999999999998,59.10000000000001,4.42,-0.8331829385891785,0.5529974600700271,0.0
2010-11-05,1.8,23.7,41.93,22.2,34.16,8.9,8.899999999999999,81.30000000000001,19.309999999999995,-0.8235472349556007,0.5672476988027229,0.0
2010-11-06,6.5,23.3,42.87,20.0,57.61,13.399999999999999,15.399999999999999,101.30000000000001,23.450000000000003,-0.8136678304455991,0.5813300798152042,0.0
2010-11-07,0.0,23.1,42.84,0.0,66.61,8.3,15.399999999999999,101.30000000000001,9.0,-0.8035476485339116,0.5952404359043674,0.0
2010-11-08,6.7,22.8,43.91,15.1,57.34,13.2,22.099999999999998,116.4,-9.269999999999996,-0.7931896839451843,0.6089746507720486,0.0
2010-11-09,2.2,22.9,45.44,2.6,49.58,8.9,24.299999999999997,119.00000000000001,-7.760000000000005,-0.7825970017677834,0.6225286602431057,0.0
2010-11-10,5.5,23.9,45.58,14.8,49.35,14.4,27.799999999999997,107.7,-0.22999999999999687,-0.7717727365467836,0.6358984534680745,0.0
2010-11-11,6.8,23.8,46.88,15.6,51.36,14.5,29.499999999999996,90.30000000000001,2.009999999999998,-0.7607200913564104,0.6490800741100398,0.0
2010-11-12,1.0,24.1,47.16,2.5,59.39,13.3,28.7,70.60000000000001,8.030000000000001,-0.7494423368521954,0.6620696215153815,0.0
2010-11-13,0.6,24.3,47.06,18.4,53.95,8.4,22.8,69.0,-5.439999999999998,-0.7379428103031386,0.6748632518680403,0.0
2010-11-14,2.4,24.3,47.23,14.2,61.23,4.0,25.2,83.2,7.279999999999994,-0.7262249146041543,0.6874571793269664,0.0
2010-11-15,2.6,23.9,47.32,13.7,66.3,5.6,21.1,81.8,5.07,-0.7142921172691032,0.699847677146407,0.0
2010-11-16,0.4,24.1,47.21,0.1,62.68,5.4,19.299999999999997,79.3,-3.6199999999999974,-0.7021479494046978,0.7120310787787131,0.0
2010-11-17,0.6,23.5,45.7,1.6,51.36,3.6,14.399999999999997,66.10000000000001,-11.32,-0.6897960046655887,0.7240037789593305,0.0
2010-11-18,0.1,24.2,44.7,1.0,32.27,1.1,7.699999999999998,51.50000000000001,-19.089999999999996,-0.6772399381909491,0.7357622347736527,0.0
2010-11-19,0.0,24.5,43.61,4.3,20.63,0.7,6.699999999999998,53.300000000000004,-11.640000000000004,-0.6644834655228552,0.7473029667054296,0.0
2010-11-20,0.0,24.8,42.55,2.6,14.14,0.1,6.099999999999999,37.50000000000001,-6.489999999999998,-0.6515303615068021,0.75862255966641,0.0
2010-11-21,0.7,24.6,41.71,5.2,11.76,0.7,4.399999999999999,28.500000000000007,-2.380000000000001,-0.6383844591746642,0.7697176640069211,0.0
2010-11-22,0.2,23.5,41.27,7.4,11.05,0.8999999999999999,1.9999999999999982,22.20000000000001,-0.7099999999999991,-0.6250496486104377,0.7805849965070866,0.0
2010-11-23,1.8,23.7,41.26,3.5,12.0,2.7,3.3999999999999986,25.60000000000001,0.9499999999999993,-0.6115298757991053,0.7912213413483807,0.0
2010-11-24,1.1,24.0,41.18,1.1,14.78,3.0999999999999996,3.8999999999999986,25.10000000000001,2.7799999999999994,-0.5978291414589552,0.801623551065242,0.0
2010-11-25,0.0,24.8,40.41,0.0,14.67,2.9000000000000004,3.799999999999998,24.10000000000001,-0.10999999999999943,-0.5839514998576998,0.8117885474764613,0.0
2010-11-26,0.0,25.2,39.11,0.0,12.27,1.1,3.799999999999998,19.800000000000008,-2.4000000000000004,-0.5699010576127624,0.8217133225960589,0.0
2010-11-27,0.0,24.5,37.87,0.0,10.94,0.0,3.799999999999998,17.200000000000006,-1.33,-0.5556819724760489,0.8313949395234058,0.0
2010-11-28,0.0,22.4,36.71,0.0,10.4,0.0,3.0999999999999988,12.000000000000007,-0.5399999999999991,-0.5412984521036173,0.8408305333122887,0.0
2010-11-29,0.0,24.0,35.74,0.0,10.17,0.0,2.8999999999999986,4.600000000000007,-0.23000000000000043,-0.5267547528105542,0.8500173118187018,0.0
2010-11-30,0.0,23.7,34.71,0.0,10.07,0.0,1.0999999999999983,1.1000000000000072,-0.09999999999999964,-0.5120551783114646,0.8589525565270845,0.0
2010-12-01,0.0,24.2,33.76,0.0,9.94,0.0,0.0,0.0,-0.13000000000000078,-0.4972040784469378,0.8676336233547726,0.0
2010-12-02,0.0,24.3,32.88,0.0,9.84,0.0,0.0,0.0,-0.09999999999999964,-0.4822058478963526,0.8760579434344281,0.0
2010-12-03,0.2,24.9,32.24,0.8,9.79,0.2,0.19999999999999823,0.8000000000000071,-0.05000000000000071,-0.46706492487743034,0.8842230238742036,0.0
2010-12-04,0.0,24.8,31.83,0.0,9.76,0.2,0.19999999999999823,0.8000000000000071,-0.02999999999999936,-0.451785789832884,0.8921264484954345,0.0
2010-12-05,0.0,24.0,31.08,0.0,9.72,0.2,0.19999999999999823,0.8000000000000071,-0.03999999999999915,-0.4363729641045924,0.8997658785476209,0.0
2010-12-06,0.0,22.5,30.33,0.0,9.67,0.0,0.19999999999999823,0.8000000000000071,-0.05000000000000071,-0.42083100859565564,0.9071390534005044,0.0
2010-12-07,0.0,23.1,29.59,0.0,9.62,0.0,0.19999999999999823,0.8000000000000071,-0.05000000000000071,-0.4051645224207563,0.9142437912130223,0.0
2010-12-08,0.0,24.7,29.05,0.0,9.57,0.0,0.19999999999999823,0.8000000000000071,-0.049999999999998934,-0.3893781415452015,0.9210779895789526,0.0
2010-12-09,0.8,23.9,28.96,0.4,9.59,0.8,0.9999999999999982,1.2000000000000073,0.019999999999999574,-0.37347653741307074,0.9276396261490467,0.0
2010-12-10,0.3,22.4,29.38,0.0,9.64,1.1,1.0999999999999983,0.4000000000000071,0.05000000000000071,-0.3574644155648614,0.9339267592294762,0.0
2010-12-11,0.0,21.5,29.21,0.0,9.67,1.1,1.0999999999999983,0.4000000000000071,0.02999999999999936,-0.34134651424503615,0.9399375283564133,0.0
2010-12-12,0.0,19.2,28.72,0.0,9.64,0.3,1.0999999999999983,0.4000000000000071,-0.02999999999999936,-0.3251276029999093,0.9456701548465688,0.0
2010-12-13,0.0,20.0,28.26,0.0,9.57,0.0,1.0999999999999983,0.4000000000000071,-0.07000000000000028,-0.30881248126625377,0.9511229423235357,0.0
2010-12-14,0.0,22.4,27.78,0.0,9.5,0.0,1.0999999999999983,0.4000000000000071,-0.07000000000000028,-0.29240597695107734,0.9562942772197719,0.0
2010-12-15,0.0,23.0,27.37,0.0,9.45,0.0,1.0999999999999983,0.4000000000000071,-0.05000000000000071,-0.27591294500296043,0.9611826292540837,0.0
2010-12-16,0.0,23.0,27.01,0.0,9.42,0.0,0.2999999999999982,0.0,-0.02999999999999936,-0.2593382659754056,0.9657865518844574,0.0
2010-12-17,0.0,22.4,26.67,0.0,9.38,0.0,0.0,0.0,-0.03999999999999915,-0.2426868445825954,0.9701046827361175,0.0
2010-12-18,0.0,21.9,26.37,0.0,9.33,0.0,0.0,0.0,-0.05000000000000071,-0.22596360824801906,0.974135744004672,0.0
2010-12-19,0.0,20.8,26.11,0.0,9.3,0.0,0.0,0.0,-0.02999999999999936,-0.20917350564635637,0.9778785428342386,0.0
2010-12-20,0.0,21.6,25.91,0.0,9.28,0.0,0.0,0.0,-0.02000000000000135,-0.19232150523909483,0.9813319716704275,0.0
2010-12-21,0.0,22.2,25.76,0.0,9.26,0.0,0.0,0.0,-0.019999999999999574,-0.17541259380427843,0.9844950085880858,0.0
2010-12-22,0.0,22.8,25.62,0.0,9.21,0.0,0.0,0.0,-0.049999999999998934,-0.15845177496083632,0.9873667175937016,0.0
2010-12-23,0.0,22.8,25.5,0.0,9.19,0.0,0.0,0.0,-0.02000000000000135,-0.14144406768794202,0.9899462489023779,0.0
2010-12-24,0.0,22.4,25.39,0.0,9.16,0.0,0.0,0.0,-0.02999999999999936,-0.12439450483979998,0.9922328391893008,0.0
2010-12-25,0.0,22.7,25.3,0.0,9.14,0.0,0.0,0.0,-0.019999999999999574,-0.10730813165636247,0.9942258118156161,0.0
2010-12-26,0.0,22.6,25.22,0.0,9.12,0.0,0.0,0.0,-0.02000000000000135,-0.09019000427034513,0.9959245770286599,0.0
2010-12-27,0.0,22.7,25.14,0.0,9.12,0.0,0.0,0.0,0.0,-0.07304518821104743,0.9973286321364752,0.0
2010-12-28,0.0,23.5,25.09,0.0,9.07,0.0,0.0,0.0,-0.049999999999998934,-0.05587875690537313,0.9984375616565666,0.0
2010-12-29,0.0,23.7,25.01,0.0,9.07,0.0,0.0,0.0,0.0,-0.03869579017652689,0.9992510374388481,0.0
2010-12-30,0.0,23.8,24.92,0.0,9.02,0.0,0.0,0.0,-0.05000000000000071,-0.021501372740813793,0.999768818762748,0.0
2010-12-31,0.0,23.6,24.88,0.0,9.02,0.0,0.0,0.0,0.0,-0.004300592702981974,0.9999907524084426,0.0
2011-01-01,0.0,22.1,24.81,0.0,9.0,0.0,0.0,0.0,-0.019999999999999574,0.017201575418260506,0.9998520419557735,0.0
2011-01-02,0.0,22.5,24.76,0.0,8.98,0.0,0.0,0.0,-0.019999999999999574,0.03439806061360801,0.9994082116062598,0.0
2011-01-03,0.0,23.4,24.73,0.0,8.98,0.0,0.0,0.0,0.0,0.051584366869408364,0.9986686402879997,0.0
2011-01-04,0.0,24.4,24.66,0.0,8.89,0.0,0.0,0.0,-0.08999999999999986,0.06875540848113941,0.9976335468520451,0.0
2011-01-05,0.0,24.5,24.61,0.0,8.82,0.0,0.0,0.0,-0.07000000000000028,0.08590610426133272,0.9963032375991965,0.0
2011-01-06,0.0,23.0,24.57,0.0,8.77,0.0,0.0,0.0,-0.05000000000000071,0.10303137904317879,0.9946781061893646,0.0
2011-01-07,0.0,21.7,24.5,0.0,8.73,0.0,0.0,0.0,-0.03999999999999915,0.1201261651823505,0.9927586335250793,0.0
2011-01-08,0.0,22.5,24.44,0.0,8.71,0.0,0.0,0.0,-0.019999999999999574,0.13718540405660057,0.9905453876091833,0.0
2011-01-09,0.0,23.0,24.38,0.0,8.68,0.0,0.0,0.0,-0.030000000000001137,0.1542040475626894,0.988039023376751,0.0
2011-01-10,0.0,23.0,24.33,0.0,8.08,0.0,0.0,0.0,-0.5999999999999996,0.17117705961019986,0.985240282501282,0.0
2011-01-11,0.0,23.2,24.28,0.0,7.51,0.0,0.0,0.0,-0.5700000000000003,0.18809941761179758,0.9821499931752291,0.0
2011-01-12,0.0,23.1,24.23,0.0,7.32,0.0,0.0,0.0,-0.1899999999999995,0.20496611396949532,0.9787690698649216,0.0
2011-01-13,0.0,23.5,24.19,0.0,7.15,0.0,0.0,0.0,-0.16999999999999993,0.22177215755648186,0.975098513039961,0.0
2011-01-14,0.0,23.7,24.15,0.0,7.05,0.0,0.0,0.0,-0.10000000000000053,0.23851257519407648,0.9711394088771653,0.0
2011-01-15,0.0,23.3,24.12,0.0,6.93,0.0,0.0,0.0,-0.1200000000000001,0.2551824131233728,0.9668929289391521,0.0
2011-01-16,0.0,23.5,24.08,0.0,6.78,0.0,0.0,0.0,-0.14999999999999947,0.2717767384711357,0.9623603298276545,0.0
2011-01-17,0.0,23.9,24.05,0.0,6.62,0.0,0.0,0.0,-0.16000000000000014,0.2882906407095177,0.9575429528116719,0.0
2011-01-18,0.0,24.1,24.02,0.0,6.46,0.0,0.0,0.0,-0.16000000000000014,0.3047192331091634,0.9524422234305676,0.0
2011-01-19,0.0,24.6,23.97,0.0,6.29,0.0,0.0,0.0,-0.16999999999999993,0.321057654185271,0.9470596510722283,0.0
2011-01-20,0.0,25.0,23.93,0.0,6.33,0.0,0.0,0.0,0.040000000000000036,0.3373010691361842,0.9413968285264122,0.0
2011-01-21,0.0,23.6,23.91,0.0,6.41,0.0,0.0,0.0,0.08000000000000007,0.3534446712740877,0.9354554315134164,0.0
2011-01-22,0.0,23.5,23.88,0.0,6.41,0.0,0.0,0.0,0.0,0.3694836834473831,0.9292372181882051,0.0
2011-01-23,0.0,24.1,23.85,0.0,6.38,0.0,0.0,0.0,-0.03000000000000025,0.38541335945432564,0.9227440286201427,0.0
2011-01-24,0.0,24.3,23.81,0.0,6.26,0.0,0.0,0.0,-0.1200000000000001,0.4012289854475009,0.9159777842484877,0.0
2011-01-25,0.0,23.8,23.78,0.0,6.08,0.0,0.0,0.0,-0.17999999999999972,0.4169258813287287,0.908940487313808,0.0
2011-01-26,0.0,23.7,23.76,0.0,5.85,0.0,0.0,0.0,-0.23000000000000043,0.4324994021339788,0.901634220265486,0.0
2011-01-27,0.0,23.7,23.72,0.0,5.7,0.0,0.0,0.0,-0.14999999999999947,0.44794493940789115,0.8940611451454876,0.0
2011-01-28,0.0,23.7,23.7,0.0,5.61,0.0,0.0,0.0,-0.08999999999999986,0.4632579225674917,0.88622350294858,0.0
2011-01-29,0.0,24.2,23.66,0.0,5.49,0.0,0.0,0.0,-0.1200000000000001,0.4784338202547012,0.8781236129591848,0.0
2011-01-30,0.0,24.1,23.66,0.0,5.89,0.0,0.0,0.0,0.39999999999999947,0.49346814167723735,0.8697638720650646,0.0
2011-01-31,0.0,24.4,23.62,0.0,6.43,0.0,0.0,0.0,0.54,0.5083564379375122,0.8611467540480452,0.0
2011-02-01,0.0,24.5,23.6,0.0,6.78,0.0,0.0,0.0,0.35000000000000053,0.5230943033491326,0.8522748088519838,0.0
2011-02-02,0.0,24.4,23.57,0.0,6.91,0.0,0.0,0.0,0.1299999999999999,0.5376773767406141,0.8431506618282,0.0
2011-02-03,0.0,24.2,23.55,0.0,6.94,0.0,0.0,0.0,0.03000000000000025,0.5521013427459208,0.8337770129585915,0.0
2011-02-04,0.0,23.9,23.55,0.0,7.0,0.0,0.0,0.0,0.05999999999999961,0.5663619330814524,0.8241566360566663,0.0
2011-02-05,0.0,24.7,23.52,0.0,7.0,0.0,0.0,0.0,0.0,0.580454927809098,0.8142923779467267,0.0
2011-02-06,0.0,24.0,23.5,0.0,6.96,0.0,0.0,0.0,-0.040000000000000036,0.5943761565849831,0.804187157621448,0.0
2011-02-07,0.0,24.5,23.48,0.0,6.94,0.0,0.0,0.0,-0.019999999999999574,0.6081214998935418,0.7938439653781019,0.0
2011-02-08,0.0,25.0,23.45,0.0,6.85,0.0,0.0,0.0,-0.09000000000000075,0.6216868902665479,0.7832658619336791,0.0
2011-02-09,0.0,24.8,23.45,0.0,6.74,0.0,0.0,0.0,-0.10999999999999943,0.6350683134867438,0.7724559775191742,0.0
2011-02-10,0.0,25.0,23.43,0.0,6.73,0.0,0.0,0.0,-0.009999999999999787,0.6482618097757122,0.7614175109532997,0.0
2011-02-11,0.0,24.1,23.4,0.0,6.74,0.0,0.0,0.0,0.009999999999999787,0.6612634749656386,0.7501537286959042,0.0
2011-02-12,0.0,24.2,23.4,0.0,6.78,0.0,0.0,0.0,0.040000000000000036,0.6740694616546161,0.7386679638813748,0.0
2011-02-13,0.0,24.5,23.4,0.0,6.78,0.0,0.0,0.0,0.0,0.6866759803451553,0.726963615332308,0.0
2011-02-14,0.0,24.5,23.38,0.0,6.74,0.0,0.0,0.0,-0.040000000000000036,0.6990793005655562,0.7150441465537444,0.0
2011-02-15,0.0,23.0,23.35,0.0,6.78,0.0,0.0,0.0,0.040000000000000036,0.7112757519738152,0.7029130847082615,0.0
2011-02-16,0.0,22.8,23.35,0.0,6.87,0.0,0.0,0.0,0.08999999999999986,0.7232617254437388,0.6905740195722293,0.0
2011-02-17,0.0,23.1,23.35,0.0,6.82,0.0,0.0,0.0,-0.04999999999999982,0.7350336741329413,0.6780306024735382,0.0
2011-02-18,0.0,23.0,23.32,0.0,6.85,0.0,0.0,0.0,0.02999999999999936,0.746588114532413,0.6652865452111116,0.0
2011-02-19,0.0,23.2,23.3,0.0,6.87,0.0,0.0,0.0,0.020000000000000462,0.7579216274973472,0.6523456189565257,0.0
2011-02-20,0.0,23.8,23.3,0.0,6.78,0.0,0.0,0.0,-0.08999999999999986,0.7690308592589181,0.6392116531380588,0.0
2011-02-21,0.0,24.0,23.3,0.0,6.5,0.0,0.0,0.0,-0.28000000000000025,0.7799125224167177,0.6258885343075018,0.0
2011-02-22,0.0,25.2,23.28,0.0,6.38,0.0,0.0,0.0,-0.1200000000000001,0.7905633969115482,0.612380204990065,0.0
2011-02-23,0.3,25.6,23.32,0.0,6.62,0.3,0.2999999999999982,0.0,0.2400000000000002,0.8009803309782905,0.5986906625177214,0.0
2011-02-24,0.0,25.1,23.37,0.0,6.85,0.3,0.2999999999999982,0.0,0.22999999999999954,0.8111602420785621,0.5848239578463322,0.0
2011-02-25,0.0,24.5,23.32,0.0,6.74,0.3,0.2999999999999982,0.0,-0.10999999999999943,0.8211001178128892,0.5707841943569036,0.0
2011-02-26,0.0,24.5,23.28,0.0,6.53,0.0,0.2999999999999982,0.0,-0.20999999999999996,0.8307970168121247,0.5565755266413303,0.0
2011-02-27,0.0,26.1,23.25,0.0,6.43,0.0,0.2999999999999982,0.0,-0.10000000000000053,0.8402480696078469,0.5422021592729844,0.0
2011-02-28,0.0,27.1,23.23,0.0,6.28,0.0,0.2999999999999982,0.0,-0.14999999999999947,0.8494504794814806,0.527668345562516,0.0
2011-03-01,0.0,27.1,23.2,0.0,6.16,0.0,0.2999999999999982,0.0,-0.1200000000000001,0.8584015232918917,0.512978386299228,0.0
2011-03-02,0.0,27.9,23.2,0.3,6.19,0.0,0.0,0.3000000000000071,0.03000000000000025,0.8670985522812081,0.4981366284784055,0.0
2011-03-03,0.0,28.6,23.2,0.0,6.16,0.0,0.0,0.3000000000000071,-0.03000000000000025,0.8755389928586302,0.4831474640149687,0.0
2011-03-04,0.0,29.0,23.2,0.0,5.93,0.0,0.0,0.3000000000000071,-0.23000000000000043,0.8837203473619977,0.4680153284438345,0.0
2011-03-05,0.0,28.4,23.2,0.0,5.84,0.0,0.0,0.3000000000000071,-0.08999999999999986,0.8916401947968874,0.45274469960737107,0.0
2011-03-06,0.0,28.7,23.19,0.0,5.71,0.0,0.0,0.3000000000000071,-0.1299999999999999,0.8992961915530253,0.4373400963303323,0.0
2011-03-07,0.0,28.6,23.15,0.0,5.44,0.0,0.0,0.3000000000000071,-0.2699999999999996,0.9066860720977985,0.4218060770826634,0.0
2011-03-08,0.0,29.2,23.15,0.0,5.47,0.0,0.0,0.3000000000000071,0.02999999999999936,0.9138076496466615,0.4061472386305789,0.0
2011-03-09,0.0,28.5,23.15,0.0,5.59,0.0,0.0,0.0,0.1200000000000001,0.9206588168102428,0.3903682146763026,0.0
2011-03-10,0.0,27.9,23.15,0.0,5.5,0.0,0.0,0.0,-0.08999999999999986,0.9272375462179537,0.374473674486883,0.0
2011-03-11,0.0,27.7,23.15,0.0,5.41,0.0,0.0,0.0,-0.08999999999999986,0.9335418911179212,0.35846832151248087,0.0
2011-03-12,0.0,28.5,23.15,0.0,5.37,0.0,0.0,0.0,-0.040000000000000036,0.9395699859530622,0.342356891994542,0.0
2011-03-13,0.0,28.0,23.15,0.1,5.37,0.0,0.0,0.10000000000000711,0.0,0.945320046913132,0.3261441535642696,0.0
2011-03-14,0.0,28.6,23.15,0.0,5.25,0.0,0.0,0.10000000000000711,-0.1200000000000001,0.9507903724625832,0.3098349038318025,0.0
2011-03-15,0.0,28.9,23.12,0.0,5.07,0.0,0.0,0.10000000000000711,-0.17999999999999972,0.9559793438440766,0.2934339689665273,0.0
2011-03-16,0.0,28.7,23.1,0.0,5.03,0.0,0.0,0.10000000000000711,-0.040000000000000036,0.9608854255574977,0.27694620226893646,0.0
2011-03-17,0.0,28.3,23.1,0.0,5.07,0.0,0.0,0.10000000000000711,0.040000000000000036,0.9655071658143364,0.2603764827344581,0.0
2011-03-18,0.0,28.3,23.1,0.0,5.07,0.0,0.0,0.10000000000000711,0.0,0.969843196967294,0.24372971360968387,0.0
2011-03-19,0.0,28.0,23.1,0.0,5.07,0.0,0.0,0.10000000000000711,0.0,0.9738922359149924,0.22701082094141847,0.0
2011-03-20,0.0,28.3,23.1,0.0,5.03,0.0,0.0,0.0,-0.040000000000000036,0.9776530844816641,0.2102247521189836,0.0
2011-03-21,0.0,27.3,23.1,0.0,5.03,0.0,0.0,0.0,0.0,0.981124629771712,0.19337647441020586,0.0
2011-03-22,0.0,27.7,23.1,0.0,4.97,0.0,0.0,0.0,-0.0600000000000005,0.984305844499033,0.17647097349152166,0.0
2011-03-23,0.0,28.3,23.1,0.0,4.87,0.0,0.0,0.0,-0.09999999999999964,0.9871957872910085,0.15951325197263655,0.0
2011-03-24,0.0,27.8,23.1,0.0,4.97,0.0,0.0,0.0,0.09999999999999964,0.9897936029670716,0.14250832791617088,0.0
2011-03-25,0.0,27.8,23.1,0.0,5.15,0.0,0.0,0.0,0.1800000000000006,0.992098522791769,0.12546123335273648,0.0
2011-03-26,0.0,28.0,23.1,0.4,5.37,0.0,0.0,0.4000000000000071,0.21999999999999975,0.9941098647022418,0.10837701279187609,0.0
2011-03-27,0.0,28.6,23.1,0.2,5.47,0.0,0.0,0.6000000000000072,0.09999999999999964,0.9958270335100595,0.09126072172931188,0.0
2011-03-28,0.0,28.8,23.07,0.0,5.22,0.0,0.0,0.6000000000000072,-0.25,0.9972495210773451,0.07411742515094437,0.0
2011-03-29,0.0,28.2,23.05,0.0,5.03,0.0,0.0,0.6000000000000072,-0.1899999999999995,0.998376906467142,0.056952196034039754,0.0
2011-03-30,0.0,28.4,23.05,0.0,5.12,0.0,0.0,0.6000000000000072,0.08999999999999986,0.9992088560679753,0.03977011384605572,0.0
2011-03-31,0.0,29.5,23.05,0.0,4.85,0.0,0.0,0.6000000000000072,-0.27000000000000046,0.9997451236925734,0.022576263041545485,0.0
2011-04-01,0.0,29.5,23.05,0.0,4.43,0.0,0.0,0.6000000000000072,-0.41999999999999993,0.9999855506507186,0.005375731557583884,0.0
2011-04-02,0.0,28.1,23.05,0.0,4.5,0.0,0.0,0.20000000000000712,0.07000000000000028,0.9999300657962057,-0.011826390691832589,0.0
2011-04-03,0.0,26.2,23.05,0.0,4.81,0.0,0.0,0.0,0.3099999999999996,0.9995786855478958,-0.029025013321975237,0.0
2011-04-04,0.0,25.9,23.05,0.0,5.07,0.0,0.0,0.0,0.2600000000000007,0.9989315138848577,-0.046215046983708354,0.0
2011-04-05,0.0,26.3,23.05,0.0,5.15,0.0,0.0,0.0,0.08000000000000007,0.9979887423155984,-0.06339140486951038,0.0
2011-04-06,0.0,27.4,23.05,0.0,5.1,0.0,0.0,0.0,-0.05000000000000071,0.9967506498213929,-0.08054900421874167,0.0
2011-04-07,0.0,27.7,23.05,0.0,5.0,0.0,0.0,0.0,-0.09999999999999964,0.9952176027737294,-0.09768276782171598,0.0
2011-04-08,0.0,28.4,23.05,0.0,4.97,0.0,0.0,0.0,-0.03000000000000025,0.9933900548258936,-0.11478762552212701,0.0
2011-04-09,0.2,29.1,23.09,0.1,4.94,0.2,0.19999999999999823,0.10000000000000711,-0.02999999999999936,0.9912685467787256,-0.13185851571739118,0.0
2011-04-10,0.0,29.6,23.19,1.5,5.03,0.2,0.19999999999999823,1.6000000000000072,0.08999999999999986,0.9888537064205885,-0.1488903868564548,0.0
2011-04-11,0.1,29.3,23.28,2.4,4.75,0.30000000000000004,0.29999999999999827,4.000000000000007,-0.28000000000000025,0.986146248341595,-0.16587819893463143,0.0
2011-04-12,0.0,29.7,23.47,0.5,4.35,0.1,0.29999999999999827,4.500000000000007,-0.40000000000000036,0.9831469737221499,-0.1828169249850199,0.0
2011-04-13,12.4,28.8,25.43,0.3,5.81,12.5,12.7,4.800000000000007,1.46,0.9798567700958665,-0.1997015525660636,0.0
2011-04-14,1.7,27.4,29.82,1.0,6.43,14.1,14.399999999999999,5.800000000000007,0.6200000000000001,0.9762766110869321,-0.21652708524481437,0.0
2011-04-15,0.0,27.5,28.92,0.0,5.65,14.1,14.399999999999999,5.800000000000007,-0.7799999999999994,0.9724075561219968,-0.23328854407545518,0.0
2011-04-16,0.0,28.4,27.39,0.4,4.87,1.7,14.2,6.100000000000008,-0.7800000000000002,0.9682507501166718,-0.2499809690726521,0.0
2011-04-17,2.2,29.0,26.81,0.7,4.87,2.2,16.4,5.300000000000007,0.0,0.9638074231367307,-0.26659942067929354,0.0
2011-04-18,2.2,28.4,27.13,1.9,4.9,4.4,18.5,4.800000000000007,0.03000000000000025,0.9590788900341131,-0.28313898122818354,0.0
2011-04-19,0.2,28.0,26.85,0.4,4.47,4.6000000000000005,18.7,4.700000000000007,-0.4300000000000006,0.9540665500578387,-0.2995947563972602,0.0
2011-04-20,0.0,27.5,25.69,0.1,3.91,2.4000000000000004,6.299999999999999,4.500000000000007,-0.5599999999999996,0.9487718864399473,-0.31596187665790293,0.0
2011-04-21,0.3,27.8,24.76,0.0,3.59,0.5,4.899999999999999,3.500000000000007,-0.3200000000000003,0.9431964659565866,-0.33223549871590435,0.0
2011-04-22,0.0,27.4,24.09,0.0,3.32,0.3,4.899999999999999,3.500000000000007,-0.27,0.9373419384643772,-0.3484108069446808,0.0
2011-04-23,0.0,28.1,23.6,0.0,3.29,0.3,4.899999999999999,3.1000000000000068,-0.029999999999999805,0.9312100364121947,-0.3644830148102912,0.0
2011-04-24,0.5,27.8,23.53,1.6,3.44,0.5,3.1999999999999984,4.000000000000007,0.1499999999999999,0.9248025743285089,-0.38044736628785164,0.0
2011-04-25,0.3,28.3,24.01,1.8,3.53,0.8,1.2999999999999983,3.9000000000000075,0.08999999999999986,0.9181214482844364,-0.39629913726891813,0.0
2011-04-26,0.0,29.5,24.13,0.3,3.47,0.8,1.0999999999999983,3.8000000000000074,-0.05999999999999961,0.9111686353326631,-0.41203363695942635,0.0
2011-04-27,0.0,29.6,23.51,0.0,3.25,0.3,1.0999999999999983,3.7000000000000073,-0.2200000000000002,0.9039461929224011,-0.42764620926777464,0.0
2011-04-28,0.0,28.1,23.26,0.2,2.87,0.0,0.7999999999999983,3.9000000000000075,-0.3799999999999999,0.8964562582905575,-0.44313223418263453,0.0
2011-04-29,0.0,27.7,23.29,0.5,2.16,0.0,0.7999999999999983,4.4000000000000075,-0.71,0.8887010478292915,-0.45848712914008766,0.0
2011-04-30,0.0,28.7,23.42,1.3,1.34,0.0,0.7999999999999983,5.700000000000007,-0.8200000000000001,0.8806828564301475,-0.47370635037968,0.0
2011-05-01,1.6,28.7,23.77,0.0,0.78,1.6,1.8999999999999984,4.100000000000007,-0.56,0.8724040568049612,-0.48878539428899265,0.0
2011-05-02,0.5,28.4,24.05,0.0,0.56,2.1,2.0999999999999983,2.300000000000007,-0.21999999999999997,0.8638670987837349,-0.503719798736334,0.0
2011-05-03,0.3,28.2,23.79,0.0,0.56,2.4,2.399999999999998,2.000000000000007,0.0,0.8550745085896932,-0.518505144391157,0.0
2011-05-04,0.0,27.6,23.47,0.0,0.56,0.8,2.399999999999998,2.000000000000007,0.0,0.8460288880917339,-0.533137056031809,0.0
2011-05-05,0.0,28.1,23.21,0.0,0.53,0.3,2.399999999999998,1.8000000000000071,-0.030000000000000027,0.8367329140344921,-0.5476112038402312,0.0
2011-05-06,0.0,27.0,23.08,0.0,0.53,0.0,2.399999999999998,1.3000000000000071,0.0,0.8271893372462497,-0.5619233046832195,0.0
2011-05-07,0.0,26.4,23.03,0.0,0.53,0.0,2.399999999999998,0.0,0.0,0.8174009818249189,-0.5760691233798758,0.0
2011-05-08,0.0,26.6,23.02,1.8,0.53,0.0,0.7999999999999983,1.8000000000000071,0.0,0.8073707443023492,-0.5900444739548627,0.0
2011-05-09,0.6,27.1,23.17,0.9,0.5,0.6,0.8999999999999981,2.7000000000000073,-0.030000000000000027,0.7971015927871943,-0.6038452208771035,0.0
2011-05-10,0.5,27.2,23.39,0.0,0.5,1.1,1.099999999999998,2.7000000000000073,0.0,0.7865965660866021,-0.6174672802835514,0.0
2011-05-11,0.0,27.8,23.36,0.1,1.22,1.1,1.099999999999998,2.8000000000000074,0.72,0.7758587728069828,-0.6309066211876704,0.0
2011-05-12,0.2,27.9,23.19,0.0,2.87,0.7,1.299999999999998,2.8000000000000074,1.6500000000000001,0.7648913904341225,-0.6441592666722685,0.0
2011-05-13,0.0,27.7,23.11,0.0,3.62,0.2,1.299999999999998,2.8000000000000074,0.75,0.753697664392914,-0.6572212950663319,0.0
2011-05-14,1.3,27.8,23.23,0.0,3.79,1.5,2.599999999999998,2.8000000000000074,0.16999999999999993,0.742280907086982,-0.6700888411055113,0.0
2011-05-15,1.7,28.9,23.68,0.0,4.15,3.0,4.299999999999998,1.000000000000007,0.3600000000000003,0.7306444969184916,-0.6827580970759147,0.0
2011-05-16,1.3,30.2,24.06,0.1,4.47,4.3,4.999999999999998,0.20000000000000712,0.3199999999999994,0.7187918772884232,-0.6952253139408722,0.0
2011-05-17,0.7,29.8,24.14,2.0,4.09,3.7,5.199999999999998,2.2000000000000073,-0.3799999999999999,0.7067265555776158,-0.7074868024503348,0.0
2011-05-18,0.4,28.7,24.03,0.0,4.06,2.4,5.599999999999999,2.100000000000007,-0.03000000000000025,0.6944521021088763,-0.719538934232584,0.0
2011-05-19,0.2,27.9,23.67,0.0,4.35,1.3,5.599999999999998,2.100000000000007,0.29000000000000004,0.6819721490904629,-0.7313781428679254,0.0
2011-05-20,0.0,27.1,23.34,0.0,4.47,0.6000000000000001,5.599999999999998,2.100000000000007,0.1200000000000001,0.6692903895412567,-0.7430009249440493,0.0
2011-05-21,0.0,27.0,23.16,0.2,4.53,0.2,4.299999999999998,2.3000000000000074,0.0600000000000005,0.6564105761979381,-0.7544038410927472,0.0
2011-05-22,0.0,27.4,23.14,2.0,4.6,0.0,2.5999999999999983,4.300000000000007,0.0699999999999994,0.6433365204044917,-0.765583517007675,0.0
2011-05-23,0.2,27.4,23.15,0.8,4.71,0.2,1.4999999999999982,5.000000000000007,0.11000000000000032,0.6300720909843687,-0.7765366444428655,0.0
2011-05-24,0.0,28.0,23.22,0.1,4.75,0.2,0.7999999999999983,3.100000000000007,0.040000000000000036,0.6166212130956382,-0.7872599821916922,0.0
2011-05-25,0.0,28.5,23.14,0.0,4.56,0.2,0.39999999999999825,3.100000000000007,-0.1900000000000004,0.6029878670694714,-0.7977503570459932,0.0
2011-05-26,0.0,28.9,23.06,0.2,4.66,0.0,0.19999999999999823,3.300000000000007,0.10000000000000053,0.5891760872322963,-0.8080046647350754,0.0
2011-05-27,2.8,27.9,24.33,4.9,5.78,2.8,2.9999999999999982,8.200000000000006,1.12,0.5751899607119775,-0.8180198708443174,0.0
2011-05-28,1.0,27.2,26.58,2.3,6.69,3.8,3.9999999999999982,10.300000000000008,0.9100000000000001,0.5610336262283677,-0.8277930117131022,0.0
2011-05-29,0.0,27.6,25.65,0.8,6.53,3.8,3.9999999999999982,9.100000000000009,-0.16000000000000014,0.5467112728685939,-0.8373211953118121,0.0
2011-05-30,0.8,27.8,25.01,0.1,6.16,1.8,4.599999999999998,8.400000000000007,-0.3700000000000001,0.5322271388474397,-0.8466016020976267,0.0
2011-05-31,2.4,27.9,25.02,0.8,6.06,3.2,6.999999999999998,9.100000000000007,-0.10000000000000053,0.5175855102531889,-0.8556314858488706,0.0
2011-06-01,0.9,26.8,25.65,14.9,6.96,4.1,7.899999999999999,24.000000000000007,0.9000000000000004,0.5027907197793043,-0.8644081744776648,0.0
2011-06-02,10.9,25.6,30.55,28.1,12.55,14.2,18.799999999999997,51.900000000000006,5.590000000000001,0.4878471454423119,-0.8729290708206411,0.0
2011-06-03,32.9,23.2,41.28,38.8,19.37,44.699999999999996,48.89999999999999,85.80000000000001,6.82,0.47275920928627757,-0.881191653407483,0.0
2011-06-04,23.1,23.6,45.44,33.9,24.23,66.9,71.0,117.4,4.859999999999999,0.4575313760742512,-0.8891934772070711,0.0
2011-06-05,11.4,24.1,48.46,35.4,24.35,67.39999999999999,82.4,152.0,0.120000000000001,0.44216815196707204,-0.8969321743510065,0.0
2011-06-06,2.5,24.1,48.23,16.1,19.46,37.0,84.10000000000001,168.0,-4.890000000000001,0.42667408318992467,-0.9044054548343001,0.0
2011-06-07,0.1,24.7,46.81,5.4,15.6,14.0,81.8,172.6,-3.860000000000001,0.4110537546870351,-0.9116111071930239,0.0
2011-06-08,14.1,23.6,47.94,22.3,17.11,16.7,95.0,180.0,1.5099999999999998,0.3953117887649151,-0.9185469991587165,0.0
2011-06-09,27.3,23.4,48.94,50.9,25.85,41.5,111.4,202.79999999999998,8.740000000000002,0.37945284372454435,-0.925211078289358,0.0
2011-06-10,11.5,23.0,49.15,33.9,38.54,52.9,90.0,197.9,12.689999999999998,0.36348161248290634,-0.9316013725767187,0.0
2011-06-11,5.5,23.3,45.99,26.5,54.34,44.3,72.4,190.5,15.800000000000004,0.3474028211842774,-0.9377159910299093,0.0
2011-06-12,2.5,23.7,47.51,17.6,59.95,19.5,63.5,172.70000000000002,5.609999999999999,0.3312212278016865,-0.9435531242349544,0.0
2011-06-13,4.3,23.8,48.03,27.6,56.81,12.3,65.3,184.2,-3.1400000000000006,0.31494162072895193,-0.9491110448902284,0.0
2011-06-14,2.8,23.5,48.61,27.1,58.29,9.6,67.99999999999999,205.9,1.4799999999999969,0.2985688173637202,-0.9543881083175908,0.0
2011-06-15,2.1,23.0,48.82,22.3,70.45,9.2,56.0,205.9,12.160000000000004,0.2821076626819194,-0.9593827529490743,0.0
2011-06-16,7.2,22.5,49.5,33.0,98.77,12.100000000000001,35.9,188.0,28.319999999999993,0.26556302780405594,-0.9640935007889755,0.0
2011-06-17,6.1,23.3,48.58,26.8,146.23,15.399999999999999,30.5,180.9,47.459999999999994,0.24893980855376657,-0.9685189578512204,0.0
2011-06-18,2.2,24.4,48.96,15.0,161.55,15.5,27.2,169.4,15.320000000000022,0.23224292400907015,-0.9726578145718654,0.0
2011-06-19,3.0,24.2,48.94,12.9,142.88,11.3,27.7,164.70000000000002,-18.670000000000016,0.21547731504673012,-0.976508846196619,0.0
2011-06-20,2.9,24.0,48.95,11.9,128.42,8.100000000000001,26.3,149.00000000000003,-14.460000000000008,0.19864794288017112,-0.9800709131432666,0.0
2011-06-21,0.8,23.7,48.57,11.8,115.41,6.700000000000001,24.299999999999997,133.70000000000002,-13.009999999999991,0.18175978759137534,-0.9833429613388902,0.0
2011-06-22,2.6,23.7,48.65,22.1,105.17,6.300000000000001,24.8,133.50000000000003,-10.239999999999995,0.16481784665719793,-0.9863240225317866,0.0
2011-06-23,2.1,24.1,48.6,10.2,106.89,5.500000000000001,19.700000000000003,110.70000000000002,1.7199999999999989,0.14782713347053048,-0.9890132145779883,0.0
2011-06-24,2.8,24.1,48.4,12.3,102.28,7.500000000000001,16.4,96.20000000000002,-4.609999999999999,0.13079267585675922,-0.9914097417023038,0.0
2011-06-25,1.4,23.2,48.37,15.2,93.19,6.300000000000001,15.600000000000001,96.40000000000002,-9.090000000000003,0.11371951458594969,-0.9935128947338007,0.0
2011-06-26,2.4,23.1,48.93,23.4,97.63,6.6000000000000005,15.0,106.9,4.439999999999998,0.0966127018812031,-0.9953220513156602,0.0
2011-06-27,4.1,23.6,49.43,18.4,123.45,7.9,16.2,113.4,25.820000000000007,0.07947729992362097,-0.9968366760893436,0.0
2011-06-28,3.7,23.6,49.74,18.9,157.49,10.2,19.099999999999998,120.5,34.040000000000006,0.062318379354325076,-0.998056320853012,0.0
2011-06-29,1.5,24.3,49.07,10.0,165.72,9.3,18.0,108.4,8.22999999999999,0.04514101777397193,-0.9989806246941579,0.0
2011-06-30,2.2,24.0,48.56,16.2,142.55,7.400000000000001,18.1,114.4,-23.169999999999987,0.02795029824021032,-0.999609314096404,0.0
2011-07-01,1.8,23.9,48.25,10.5,124.31,5.500000000000001,17.099999999999998,112.60000000000001,-18.24000000000001,0.01075130776352193,-0.9999422030204416,0.0
2011-07-02,4.3,23.2,48.62,19.5,108.9,8.3,20.0,116.9,-15.409999999999997,-0.00645086419810515,-0.9999791929590823,0.0
2011-07-03,1.7,22.7,49.41,23.7,121.18,7.800000000000001,19.299999999999997,117.2,12.280000000000001,-0.023651127245231586,-0.9997202729664083,0.0
2011-07-04,1.0,23.6,48.73,6.5,124.03,7.000000000000001,16.2,105.30000000000001,2.8499999999999943,-0.04084439154329611,-0.9991655196610109,0.0
2011-07-05,0.6,23.6,47.84,2.6,99.23,3.3000000000000007,13.100000000000001,89.0,-24.799999999999997,-0.05802556932878035,-0.9983150972033183,0.0
2011-07-06,2.8,22.7,47.86,15.8,75.21,4.4,14.4,94.80000000000001,-24.02000000000001,-0.07518957641475855,-0.9971692572470178,0.0
2011-07-07,12.5,22.6,48.72,38.1,92.33,15.9,24.7,116.70000000000002,17.120000000000005,-0.09233133369539122,-0.9957283388645872,0.0
2011-07-08,10.6,22.8,49.83,27.5,161.18,25.9,33.5,133.70000000000002,68.85000000000001,-0.10944576864891556,-0.993992768446958,0.0
2011-07-09,2.6,23.4,50.02,11.1,186.5,25.7,31.8,125.30000000000001,25.319999999999993,-0.12652781683868314,-0.9919630595773397,0.0
2011-07-10,3.2,23.5,49.59,12.6,156.76,16.4,33.3,114.20000000000002,-29.74000000000001,-0.1435724234118113,-0.9896398128792412,0.0
2011-07-11,1.5,23.3,48.91,9.1,130.22,7.300000000000001,33.8,116.80000000000001,-26.539999999999992,-0.16057454459499376,-0.9870237158387383,0.0
2011-07-12,2.5,23.2,48.61,12.7,106.89,7.200000000000001,35.699999999999996,126.90000000000002,-23.33,-0.17752914918703497,-0.984115542601034,0.0
2011-07-13,12.0,22.2,48.77,33.9,119.5,16.0,44.9,145.0,12.61,-0.19443122004766195,-0.9809161537413774,0.0
2011-07-14,11.9,22.4,50.42,58.5,211.32,26.4,44.3,165.4,91.82,-0.2112757555821793,-0.9774264960104055,0.0
2011-07-15,14.0,22.9,47.32,79.2,357.92,37.9,47.7,217.10000000000002,146.60000000000002,-0.2280577712215198,-0.9736476020539838,0.0
2011-07-16,9.3,22.8,48.21,67.6,604.34,35.2,54.4,273.6,246.42000000000002,-0.24477230089725957,-0.9695805901076308,0.0
2011-07-17,30.2,22.8,49.34,98.1,880.05,53.5,81.4,359.1,275.7099999999999,-0.2614143985111562,-0.965226663665613,0.0
2011-07-18,22.0,22.8,48.52,66.6,994.41,61.5,101.9,416.6,114.36000000000001,-0.2779791393987801,-0.9605871111248129,0.0
2011-07-19,7.4,23.3,48.73,40.3,936.56,59.599999999999994,106.8,444.20000000000005,-57.85000000000002,-0.2944616217868012,-0.9556633054034704,0.0
2011-07-20,4.3,23.0,50.13,35.9,771.68,33.7,99.10000000000001,446.2,-164.88,-0.3108569682435036,-0.9504567035349151,0.0
2011-07-21,2.4,23.0,50.46,28.9,615.59,14.1,89.6,416.6,-156.08999999999992,-0.3271603271220951,-0.9449688462364056,0.0
2011-07-22,3.5,22.7,50.55,33.5,502.5,10.2,79.1,370.9,-113.09000000000003,-0.34336687399638804,-0.939201357453208,0.0
2011-07-23,2.8,22.6,50.65,29.5,429.53,8.7,72.6,332.79999999999995,-72.97000000000003,-0.3594718130884232,-0.9331559438780432,0.0
2011-07-24,0.7,23.3,50.02,19.9,374.84,6.999999999999999,43.099999999999994,254.60000000000002,-54.69,-0.3754703786876202,-0.9268343944460494,0.0
2011-07-25,2.8,23.5,49.55,22.0,292.09,6.299999999999999,23.9,210.00000000000003,-82.75,-0.3913578365610259,-0.9202385798054075,0.0
2011-07-26,10.8,23.4,48.78,32.2,244.47,14.3,27.3,201.90000000000003,-47.619999999999976,-0.4071294853542516,-0.9133704517637858,0.0
2011-07-27,7.8,23.3,47.73,43.0,266.92,21.400000000000002,30.8,209.00000000000003,22.450000000000017,-0.4227806579826773,-0.9062320427107697,0.0
2011-07-28,7.4,23.0,47.22,31.6,324.84,26.0,35.8,211.70000000000005,57.91999999999996,-0.4383067230125192,-0.898825465016444,0.0
2011-07-29,8.4,22.5,47.9,36.6,401.72,23.6,40.7,214.80000000000004,76.88000000000005,-0.45370308603134424,-0.8911529104063088,0.0
2011-07-30,37.1,22.4,48.25,113.6,655.15,52.900000000000006,75.0,298.90000000000003,253.42999999999995,-0.46896519100763184,-0.8832166493127127,0.0
2011-07-31,30.9,22.1,48.88,70.6,951.8,76.4,105.19999999999999,349.6,296.65,-0.48408852163897587,-0.8750190302029955,0.0
2011-08-01,15.2,22.0,49.6,31.2,923.7,83.19999999999999,117.6,358.80000000000007,-28.09999999999991,-0.4990686026885319,-0.8665624788845385,0.0
2011-08-02,31.1,22.4,48.52,96.8,965.05,77.2,137.9,423.4,41.34999999999991,-0.5139010013093103,-0.8578494977869301,0.0
2011-08-03,11.1,22.6,48.22,80.6,1085.43,57.4,141.2,461.0,120.38000000000011,-0.5285813283559292,-0.8488826652214553,0.0
2011-08-04,6.0,22.3,50.58,39.0,958.4,48.2,139.79999999999998,468.40000000000003,-127.03000000000009,-0.5431052396834317,-0.8396646346181327,0.0
2011-08-05,4.1,23.1,50.51,22.3,742.02,21.2,135.5,454.1,-216.38,-0.5574684374327892,-0.8301981337405212,0.0
2011-08-06,3.1,23.0,50.4,25.9,573.12,13.2,101.5,366.4,-168.89999999999998,-0.5716666713027052,-0.8204859638785327,0.0
2011-08-07,1.6,23.4,50.0,19.7,459.26,8.8,72.19999999999999,315.5,-113.86000000000001,-0.5856957398073508,-0.8105309990194823,0.0
2011-08-08,2.2,23.6,49.71,13.6,371.39,6.9,59.2,297.90000000000003,-87.87,-0.5995514915196489,-0.8003361849976323,0.0
2011-08-09,1.6,23.6,49.2,14.2,293.44,5.4,29.7,215.3,-77.94999999999999,-0.6132298262997502,-0.7899045386224707,0.0
2011-08-10,2.8,23.7,49.0,15.1,235.05,6.6,21.400000000000002,149.8,-58.389999999999986,-0.6267266965083301,-0.7792391467859886,0.0
2011-08-11,3.1,23.6,49.16,19.7,198.07,7.5,18.5,130.50000000000003,-36.98000000000002,-0.6400381082043503,-0.7683431655492202,0.0
2011-08-12,4.1,23.4,49.63,22.4,198.53,10.0,18.5,130.60000000000002,0.46000000000000796,-0.65316012232693,-0.7572198192083127,0.0
2011-08-13,2.3,22.9,49.87,22.1,218.28,9.5,17.7,126.80000000000003,19.75,-0.666088855860977,-0.7458723993404063,0.0
2011-08-14,2.1,23.3,49.24,12.5,207.93,8.5,18.2,119.60000000000002,-10.349999999999994,-0.6788204829862355,-0.734304263829602,0.0
2011-08-15,1.1,23.7,48.63,8.0,157.12,5.5,17.1,114.00000000000003,-50.81,-0.6913512362094071,-0.722518835873311,0.0
2011-08-16,1.1,23.5,47.87,7.7,125.77,4.300000000000001,16.6,107.50000000000003,-31.35000000000001,-0.7036774074790128,-0.7105196029692745,0.0
2011-08-17,0.4,23.3,47.29,7.1,95.83,2.6,14.2,99.50000000000003,-29.939999999999998,-0.7157953492826642,-0.6983101158835584,0.0
2011-08-18,0.8,22.9,47.22,21.4,79.54,2.3000000000000003,11.9,101.20000000000002,-16.289999999999992,-0.7277014757264236,-0.6858939875998223,0.0
2011-08-19,12.6,22.5,49.06,53.2,129.32,13.8,20.4,132.00000000000003,49.77999999999999,-0.7393922635959241,-0.673274892250183,0.0
2011-08-20,14.0,22.9,47.39,22.3,249.61,27.4,32.1,132.20000000000002,120.29000000000002,-0.7508642533989489,-0.6604565640279754,0.0
2011-08-21,2.7,23.0,48.07,15.1,251.93,29.299999999999997,32.7,134.80000000000004,2.319999999999993,-0.7621140503891487,-0.6474427960827475,0.0
2011-08-22,7.0,23.0,49.45,10.6,189.55,23.7,38.6,137.40000000000003,-62.379999999999995,-0.7731383255706026,-0.6342374393978054,0.0
2011-08-23,1.1,23.6,49.51,12.7,158.59,10.8,38.6,142.40000000000003,-30.960000000000008,-0.7839338166829201,-0.620844401650647,0.0
2011-08-24,11.1,22.9,48.64,13.9,150.01,19.200000000000003,49.3,149.20000000000005,-8.580000000000013,-0.7944973291665992,-0.6072676460566135,0.0
2011-08-25,12.7,22.2,50.27,11.3,164.2,24.9,61.2,139.10000000000005,14.189999999999998,-0.8048257371083452,-0.593511190196115,0.0
2011-08-26,5.9,22.1,50.57,11.3,164.58,29.7,54.5,97.20000000000002,0.3800000000000239,-0.8149159841660791,-0.5795791048257612,0.0
2011-08-27,24.2,21.8,50.03,36.7,185.64,42.8,64.7,111.60000000000002,21.059999999999974,-0.8247650844733614,-0.5654755126737576,0.0
2011-08-28,58.4,22.3,47.65,65.9,466.74,88.5,120.4,162.40000000000003,281.1,-0.8343701235229538,-0.5512045872199277,0.0
2011-08-29,68.1,22.2,48.79,90.6,906.82,150.7,181.5,242.40000000000003,440.08000000000004,-0.8437282590292712,-0.5367705514607103,0.0
2011-08-30,18.4,22.9,47.79,53.9,1017.59,144.9,198.8,283.6,110.76999999999998,-0.8528367217694595,-0.522177676659508,0.0
2011-08-31,3.0,23.4,46.69,27.8,825.04,89.5,190.70000000000002,297.50000000000006,-192.55000000000007,-0.8616928164028522,-0.5074302810827518,0.0
2011-09-01,3.0,23.1,48.09,33.2,632.87,24.4,181.0,319.40000000000003,-192.16999999999996,-0.8702939222685674,-0.49253272872205434,0.0
2011-09-02,16.6,22.8,48.57,75.9,627.06,22.6,191.7,384.0,-5.810000000000059,-0.8786374941610001,-0.4774894280028391,0.0
2011-09-03,6.3,23.0,49.84,42.2,684.49,25.900000000000002,173.8,389.50000000000006,57.430000000000064,-0.886721063082993,-0.46230483047981086,0.0
2011-09-04,4.3,23.1,48.56,38.4,625.61,27.200000000000003,119.69999999999999,362.0,-58.879999999999995,-0.8945422369764496,-0.4469834295196741,0.0
2011-09-05,3.2,23.2,48.0,20.3,520.19,13.8,54.8,291.70000000000005,-105.41999999999996,-0.9020987014301837,-0.43152975897147144,0.0
2011-09-06,3.3,23.1,49.28,23.5,422.64,10.8,39.7,261.3,-97.55000000000007,-0.9093882203647925,-0.4159483918249421,0.0
2011-09-07,6.9,23.0,48.85,59.2,383.59,13.4,43.6,292.70000000000005,-39.05000000000001,-0.9164086366943458,-0.4002439388573056,0.0
2011-09-08,1.1,23.3,48.19,16.1,395.28,11.299999999999999,41.7,275.6,11.689999999999998,-0.9231578729647039,-0.38442104726885545,0.0
2011-09-09,0.0,23.7,47.98,10.0,325.59,8.0,25.1,209.70000000000005,-69.69,-0.9296339319682695,-0.3684843993077793,0.0
2011-09-10,0.8,23.5,47.52,6.9,236.68,1.9000000000000001,19.599999999999998,174.40000000000006,-88.90999999999997,-0.9358348973349941,-0.35243871088460327,0.0
2011-09-11,1.5,23.3,47.19,10.0,157.12,2.3,16.8,146.00000000000006,-79.56,-0.9417589340994617,-0.33628873017668287,0.0
2011-09-12,0.1,23.6,46.86,6.1,121.74,2.4,13.700000000000001,131.80000000000004,-35.38000000000001,-0.9474042892438845,-0.32003923622313857,0.0
2011-09-13,1.8,23.6,46.42,3.2,95.61,3.4000000000000004,12.200000000000001,111.50000000000003,-26.129999999999995,-0.9527692922168511,-0.30369503751065885,0.0
2011-09-14,0.7,23.6,46.12,6.8,72.45,2.6,6.0,59.10000000000003,-23.159999999999997,-0.9578523554276669,-0.28726097055059635,0.0
2011-09-15,8.1,23.2,46.69,10.3,59.81,10.6,13.0,53.300000000000026,-12.64,-0.9626519747161487,-0.2707418984477642,0.0
2011-09-16,2.0,23.2,48.1,5.3,79.54,10.799999999999999,15.0,48.60000000000003,19.730000000000004,-0.9671667297977312,-0.2541427094613622,0.0
2011-09-17,1.3,23.2,47.7,5.9,85.9,11.4,15.5,47.60000000000003,6.359999999999999,-0.97139528468375,-0.23746831555846842,0.0
2011-09-18,9.5,23.1,47.68,9.2,74.51,12.8,23.5,46.800000000000026,-11.39,-0.9753363880767837,-0.2207236509605022,0.0
2011-09-19,0.5,23.6,47.69,6.4,68.66,11.3,23.9,47.10000000000003,-5.8500000000000085,-0.9789888737409319,-0.20391367068311472,0.0
2011-09-20,1.7,23.3,47.17,2.6,58.57,11.7,23.8,46.50000000000003,-10.089999999999996,-0.9823516608469237,-0.18704334906991657,0.0
2011-09-21,0.2,22.8,46.54,2.1,46.32,2.4,23.299999999999997,41.800000000000026,-12.25,-0.9854237542919524,-0.17011767832049052,0.0
2011-09-22,0.5,22.5,45.48,3.5,36.41,2.4,15.700000000000001,35.00000000000003,-9.910000000000004,-0.9882042449941422,-0.15314166701312007,0.0
2011-09-23,0.1,22.4,44.59,2.7,27.91,0.7999999999999999,13.8,32.40000000000003,-8.499999999999996,-0.9906923101615609,-0.13612033862266704,0.0
2011-09-24,0.7,23.0,43.68,0.3,22.39,1.2999999999999998,13.2,26.80000000000003,-5.52,-0.9928872135356962,-0.11905873003404988,0.0
2011-09-25,0.6,23.0,42.7,0.4,18.54,1.4,4.3,18.00000000000003,-3.8500000000000014,-0.994788305609327,-0.10196189005174576,0.0
2011-09-26,0.1,23.0,41.77,1.0,13.86,1.4,3.9,12.600000000000028,-4.68,-0.9963950238187231,-0.08483487790576538,0.0
2011-09-27,0.0,23.8,40.72,0.1,11.94,0.6999999999999998,2.2,10.10000000000003,-1.92,-0.9977068927101168,-0.06768276175455162,0.0
2011-09-28,0.0,24.0,39.56,0.5,11.3,0.0999999999999999,2.0,8.500000000000028,-0.6399999999999988,-0.9987235240803972,-0.050510617185222886,0.0
2011-09-29,0.1,24.5,38.59,1.5,10.99,0.0999999999999999,1.5999999999999999,6.500000000000028,-0.3100000000000005,-0.9994446170919858,-0.033323525711631344,0.0
2011-09-30,1.4,24.1,38.32,2.8,11.05,1.4999999999999998,2.8999999999999995,6.600000000000028,0.0600000000000005,-0.9998699583618592,-0.016126573270657762,0.0
2011-10-01,1.2,24.5,39.34,4.0,12.74,2.6999999999999997,3.4,10.30000000000003,1.6899999999999995,-0.9999994220246925,0.001075151282798226,0.0
2011-10-02,0.6,24.3,40.0,2.1,20.28,3.1999999999999997,3.4,12.000000000000028,7.540000000000001,-0.999832969770105,0.018276557681691223,0.0
2011-10-03,0.0,24.2,39.11,2.0,24.7,1.7999999999999998,3.3,13.000000000000028,4.419999999999998,-0.9993706508539969,0.03547255575312556,0.0
2011-10-04,0.0,23.9,37.69,0.0,18.41,0.5999999999999998,3.3,12.900000000000029,-6.289999999999999,-0.9986126020839734,0.052658056924614005,0.0
2011-10-05,0.8,24.2,36.76,1.3,13.32,0.7999999999999998,4.1,13.700000000000028,-5.09,-0.9975590477788613,0.06982797572987089,0.0
2011-10-06,0.1,25.0,36.37,2.4,11.47,0.8999999999999998,4.1,14.600000000000028,-1.8499999999999996,-0.9962102997023297,0.0869772313136861,0.0
2011-10-07,0.2,25.3,35.78,3.3,12.03,1.0999999999999999,2.9000000000000004,15.10000000000003,0.5599999999999987,-0.9945667569706337,0.1041007489354256,0.0
2011-10-08,1.0,24.8,35.51,8.8,14.07,1.2999999999999998,2.7,19.90000000000003,2.040000000000001,-0.9926289059345095,0.121193461470736,0.0
2011-10-09,0.0,25.5,35.66,11.8,16.06,1.1999999999999997,2.1,29.60000000000003,1.9899999999999984,-0.9903973200352558,0.1382503109109819,0.0
2011-10-10,0.0,26.2,35.07,7.1,21.54,0.9999999999999998,2.1,34.70000000000003,5.48,-0.9878726596350429,0.15526624985999563,0.0
2011-10-11,4.7,25.4,35.19,21.2,22.82,4.7,6.800000000000001,55.90000000000003,1.2800000000000011,-0.9850556718215013,0.172236243027682,0.0
2011-10-12,9.6,24.3,37.94,30.2,26.67,14.3,15.599999999999998,84.80000000000003,3.8500000000000014,-0.981947190186646,0.18915526872004093,0.0
2011-10-13,13.0,23.8,44.38,27.2,56.81,27.299999999999997,28.5,109.60000000000002,30.14,-0.9785481345802031,0.20601832032517084,0.0
2011-10-14,0.4,24.9,45.01,8.7,98.31,23.0,28.7,115.00000000000003,41.5,-0.9748595108374125,0.22282040779479959,0.0
2011-10-15,1.7,25.1,44.88,17.8,96.95,15.099999999999998,29.4,124.00000000000003,-1.3599999999999994,-0.9708824104813836,0.23955655912092708,0.0
2011-10-16,5.5,24.5,45.67,19.3,93.84,7.599999999999998,34.9,131.50000000000003,-3.1099999999999994,-0.9666180104000972,0.2562218218071163,0.0
2011-10-17,0.3,25.5,45.56,5.8,114.08,7.499999999999997,35.199999999999996,130.20000000000002,20.239999999999995,-0.9620675724981452,0.27281126433401914,0.0
2011-10-18,0.1,25.7,44.1,1.5,96.27,5.899999999999998,30.599999999999994,110.50000000000003,-17.810000000000002,-0.957232443323312,0.28931997761869527,0.0
2011-10-19,0.8,25.5,43.59,11.1,63.57,1.1999999999999975,21.799999999999997,91.40000000000003,-32.699999999999996,-0.9521140536681102,0.3057430764672831,0.0
2011-10-20,3.1,24.7,44.92,14.1,57.08,3.9999999999999973,11.899999999999999,78.30000000000003,-6.490000000000002,-0.9467139181463862,0.3220757010206104,0.0
2011-10-21,0.0,25.5,44.83,0.0,68.34,3.8999999999999977,11.499999999999998,69.60000000000002,11.260000000000005,-0.9410336347451197,0.3383130181923076,0.0
2011-10-22,0.0,25.2,42.96,0.0,58.98,3.099999999999998,9.799999999999999,51.800000000000026,-9.360000000000007,-0.9350748843515574,0.3544502230989869,0.0
2011-10-23,0.0,24.6,41.21,0.0,37.37,0.0,4.299999999999999,32.50000000000003,-21.61,-0.9288394302558068,0.3704825404820963,0.0
2011-10-24,0.0,24.7,39.7,0.0,23.15,0.0,3.9999999999999987,26.700000000000024,-14.219999999999999,-0.9223291176290545,0.3864052261209853,0.0
2011-10-25,0.0,25.0,38.33,0.0,15.33,0.0,3.8999999999999986,25.200000000000024,-7.8199999999999985,-0.9155458729775467,0.40221356823680365,0.0
2011-10-26,2.8,24.8,37.68,4.6,12.43,2.7999999999999976,5.899999999999999,18.700000000000028,-2.9000000000000004,-0.9084917035725082,0.41790288888678667,0.0
2011-10-27,3.3,24.7,38.42,8.9,12.43,6.099999999999998,6.099999999999998,13.500000000000028,0.0,-0.9011686968561569,0.4334685453485363,0.0
2011-10-28,3.3,24.7,40.43,5.9,17.16,9.399999999999997,9.399999999999999,19.400000000000027,4.73,-0.8935790198239952,0.4489059314938798,0.0
2011-10-29,0.2,25.2,40.53,7.9,24.12,6.799999999999997,9.599999999999998,27.30000000000003,6.960000000000001,-0.8857249183835637,0.4642104791518923,0.0
2011-10-30,0.0,25.1,39.21,6.3,21.7,3.499999999999998,9.599999999999998,33.60000000000003,-2.4200000000000017,-0.8776087166898392,0.4793776594606945,0.0
2011-10-31,0.0,25.4,37.81,0.0,16.91,0.1999999999999978,9.599999999999998,33.60000000000003,-4.789999999999999,-0.8692328164574792,0.49440298420761813,0.0
2011-11-01,0.0,26.1,36.5,0.0,13.06,0.0,9.599999999999998,33.60000000000003,-3.8499999999999996,-0.8605996962501181,0.5092820071573356,0.0
2011-11-02,0.0,25.7,35.33,0.0,11.42,0.0,6.799999999999998,29.00000000000003,-1.6400000000000006,-0.8517119107469189,0.5240103253675756,0.0
2011-11-03,0.0,25.6,34.31,0.0,10.86,0.0,3.4999999999999982,20.10000000000003,-0.5600000000000005,-0.8425720899866032,0.5385835804920232,0.0
2011-11-04,0.0,25.7,33.36,0.0,10.61,0.0,0.19999999999999823,14.200000000000028,-0.25,-0.8331829385891785,0.5529974600700271,0.0
2011-11-05,0.0,26.3,32.39,0.0,11.19,0.0,0.0,6.300000000000028,0.5800000000000001,-0.8235472349556007,0.5672476988027229,0.0
2011-11-06,0.0,26.5,31.41,0.0,12.12,0.0,0.0,0.0,0.9299999999999997,-0.8136678304455991,0.5813300798152042,0.0
2011-11-07,0.0,26.2,30.61,1.8,12.27,0.0,0.0,1.8000000000000285,0.15000000000000036,-0.8035476485339116,0.5952404359043674,0.0
2011-11-08,0.0,26.0,29.81,0.0,12.3,0.0,0.0,1.8000000000000285,0.030000000000001137,-0.7931896839451843,0.6089746507720486,0.0
2011-11-09,0.0,25.6,28.99,0.0,12.3,0.0,0.0,1.8000000000000285,0.0,-0.7825970017677834,0.6225286602431057,0.0
2011-11-10,0.0,24.9,28.3,0.0,12.27,0.0,0.0,1.8000000000000285,-0.030000000000001137,-0.7717727365467836,0.6358984534680745,0.0
2011-11-11,0.0,25.4,27.71,0.0,12.24,0.0,0.0,1.8000000000000285,-0.02999999999999936,-0.7607200913564104,0.6490800741100398,0.0
2011-11-12,0.0,26.1,27.21,0.0,12.21,0.0,0.0,1.8000000000000285,-0.02999999999999936,-0.7494423368521954,0.6620696215153815,0.0
2011-11-13,0.0,26.3,26.82,0.0,12.18,0.0,0.0,1.8000000000000285,-0.030000000000001137,-0.7379428103031386,0.6748632518680403,0.0
2011-11-14,0.0,26.2,26.51,0.0,12.15,0.0,0.0,0.0,-0.02999999999999936,-0.7262249146041543,0.6874571793269664,0.0
2011-11-15,0.0,25.9,26.28,0.0,11.33,0.0,0.0,0.0,-0.8200000000000003,-0.7142921172691032,0.699847677146407,0.0
2011-11-16,0.0,25.4,26.08,0.0,10.3,0.0,0.0,0.0,-1.0299999999999994,-0.7021479494046978,0.7120310787787131,0.0
2011-11-17,0.0,23.8,25.9,0.0,9.94,0.0,0.0,0.0,-0.3600000000000012,-0.6897960046655887,0.7240037789593305,0.0
2011-11-18,0.0,23.9,25.74,0.0,9.84,0.0,0.0,0.0,-0.09999999999999964,-0.6772399381909491,0.7357622347736527,0.0
2011-11-19,0.0,24.1,25.61,0.0,9.79,0.0,0.0,0.0,-0.05000000000000071,-0.6644834655228552,0.7473029667054296,0.0
2011-11-20,0.0,24.2,25.46,0.0,9.79,0.0,0.0,0.0,0.0,-0.6515303615068021,0.75862255966641,0.0
2011-11-21,0.0,24.3,25.35,0.0,9.76,0.0,0.0,0.0,-0.02999999999999936,-0.6383844591746642,0.7697176640069211,0.0
2011-11-22,0.0,23.9,25.25,0.0,9.74,0.0,0.0,0.0,-0.019999999999999574,-0.6250496486104377,0.7805849965070866,0.0
2011-11-23,0.0,23.8,25.15,0.0,9.72,0.0,0.0,0.0,-0.019999999999999574,-0.6115298757991053,0.7912213413483807,0.0
2011-11-24,0.0,24.8,25.06,0.0,9.67,0.0,0.0,0.0,-0.05000000000000071,-0.5978291414589552,0.801623551065242,0.0
2011-11-25,0.0,25.8,24.97,0.0,9.62,0.0,0.0,0.0,-0.05000000000000071,-0.5839514998576998,0.8117885474764613,0.0
2011-11-26,0.0,25.3,24.89,0.0,9.62,0.0,0.0,0.0,0.0,-0.5699010576127624,0.8217133225960589,0.0
2011-11-27,0.2,25.0,25.17,3.9,9.74,0.1999999999999978,0.19999999999999823,3.9000000000000283,0.120000000000001,-0.5556819724760489,0.8313949395234058,0.0
2011-11-28,6.7,23.8,27.1,9.8,11.3,6.899999999999998,6.899999999999999,13.70000000000003,1.5600000000000005,-0.5412984521036173,0.8408305333122887,0.0
2011-11-29,0.6,24.6,30.93,5.0,12.06,7.499999999999997,7.499999999999998,18.70000000000003,0.7599999999999998,-0.5267547528105542,0.8500173118187018,0.0
2011-11-30,0.0,26.2,30.56,0.2,12.06,7.299999999999997,7.499999999999998,18.90000000000003,0.0,-0.5120551783114646,0.8589525565270845,0.0
2011-12-01,0.0,26.1,29.61,0.0,11.11,0.5999999999999973,7.499999999999998,18.90000000000003,-0.9500000000000011,-0.4972040784469378,0.8676336233547726,0.0
2011-12-02,0.0,26.2,28.69,0.0,10.43,0.0,7.499999999999998,18.90000000000003,-0.6799999999999997,-0.4822058478963526,0.8760579434344281,0.0
2011-12-03,0.0,25.1,27.76,0.0,10.07,0.0,7.499999999999998,18.90000000000003,-0.35999999999999943,-0.46706492487743034,0.8842230238742036,0.0
2011-12-04,0.0,24.8,26.92,0.0,9.86,0.0,7.299999999999998,15.000000000000028,-0.21000000000000085,-0.451785789832884,0.8921264484954345,0.0
2011-12-05,0.0,25.7,26.21,0.0,9.72,0.0,0.5999999999999982,5.200000000000029,-0.1399999999999988,-0.4363729641045924,0.8997658785476209,0.0
2011-12-06,0.0,25.9,25.61,0.0,9.62,0.0,0.0,0.20000000000002843,-0.10000000000000142,-0.42083100859565564,0.9071390534005044,0.0
2011-12-07,0.0,25.0,25.15,0.0,9.54,0.0,0.0,0.0,-0.08000000000000007,-0.4051645224207563,0.9142437912130223,0.0
2011-12-08,0.0,23.6,24.85,0.0,9.5,0.0,0.0,0.0,-0.03999999999999915,-0.3893781415452015,0.9210779895789526,0.0
2011-12-09,0.0,24.2,24.61,0.0,9.45,0.0,0.0,0.0,-0.05000000000000071,-0.37347653741307074,0.9276396261490467,0.0
2011-12-10,0.0,25.3,24.47,0.0,9.38,0.0,0.0,0.0,-0.06999999999999851,-0.3574644155648614,0.9339267592294762,0.0
2011-12-11,0.0,26.8,24.33,0.0,9.28,0.0,0.0,0.0,-0.10000000000000142,-0.34134651424503615,0.9399375283564133,0.0
2011-12-12,0.0,25.8,24.24,0.0,9.26,0.0,0.0,0.0,-0.019999999999999574,-0.3251276029999093,0.9456701548465688,0.0
2011-12-13,0.0,25.7,24.16,0.0,9.23,0.0,0.0,0.0,-0.02999999999999936,-0.30881248126625377,0.9511229423235357,0.0
2011-12-14,0.0,24.0,24.1,0.0,9.16,0.0,0.0,0.0,-0.07000000000000028,-0.29240597695107734,0.9562942772197719,0.0
2011-12-15,0.0,23.3,24.07,0.0,9.12,0.0,0.0,0.0,-0.040000000000000924,-0.27591294500296043,0.9611826292540837,0.0
2011-12-16,0.0,23.6,24.03,0.0,9.07,0.0,0.0,0.0,-0.049999999999998934,-0.2593382659754056,0.9657865518844574,0.0
2011-12-17,0.0,23.3,24.0,0.0,9.07,0.0,0.0,0.0,0.0,-0.2426868445825954,0.9701046827361175,0.0
2011-12-18,0.0,23.2,23.97,0.0,9.05,0.0,0.0,0.0,-0.019999999999999574,-0.22596360824801906,0.974135744004672,0.0
2011-12-19,0.0,23.2,23.93,0.0,9.07,0.0,0.0,0.0,0.019999999999999574,-0.20917350564635637,0.9778785428342386,0.0
2011-12-20,0.0,22.8,23.9,0.0,9.12,0.0,0.0,0.0,0.049999999999998934,-0.19232150523909483,0.9813319716704275,0.0
2011-12-21,0.0,22.8,23.88,0.0,9.12,0.0,0.0,0.0,0.0,-0.17541259380427843,0.9844950085880858,0.0
2011-12-22,0.0,22.3,23.85,0.0,9.12,0.0,0.0,0.0,0.0,-0.15845177496083632,0.9873667175937016,0.0
2011-12-23,0.0,22.7,23.83,0.0,9.07,0.0,0.0,0.0,-0.049999999999998934,-0.14144406768794202,0.9899462489023779,0.0
2011-12-24,0.0,23.6,23.8,0.0,8.98,0.0,0.0,0.0,-0.08999999999999986,-0.12439450483979998,0.9922328391893008,0.0
2011-12-25,0.0,22.5,23.77,0.0,8.89,0.0,0.0,0.0,-0.08999999999999986,-0.10730813165636247,0.9942258118156161,0.0
2011-12-26,0.0,23.2,23.73,0.0,8.84,0.0,0.0,0.0,-0.05000000000000071,-0.09019000427034513,0.9959245770286599,0.0
2011-12-27,0.0,22.8,23.7,0.0,8.86,0.0,0.0,0.0,0.019999999999999574,-0.07304518821104743,0.9973286321364752,0.0
2011-12-28,0.0,23.2,23.67,0.0,8.86,0.0,0.0,0.0,0.0,-0.05587875690537313,0.9984375616565666,0.0
2011-12-29,0.0,22.3,23.66,0.0,8.73,0.0,0.0,0.0,-0.129999999999999,-0.03869579017652689,0.9992510374388481,0.0
2011-12-30,0.0,23.1,23.62,0.0,8.73,0.0,0.0,0.0,0.0,-0.021501372740813793,0.999768818762748,0.0
2011-12-31,0.0,24.4,23.63,0.0,8.62,0.0,0.0,0.0,-0.11000000000000121,-0.004300592702981974,0.9999907524084426,0.0
2012-01-01,0.0,24.8,23.6,0.0,8.51,0.0,0.0,0.0,-0.10999999999999943,0.017201575418260506,0.9998520419557735,0.0
2012-01-02,0.0,25.8,23.57,0.0,8.46,0.0,0.0,0.0,-0.049999999999998934,0.03439806061360801,0.9994082116062598,0.0
2012-01-03,0.0,25.5,23.56,0.0,8.4,0.0,0.0,0.0,-0.0600000000000005,0.051584366869408364,0.9986686402879997,0.0
2012-01-04,0.0,25.7,23.53,0.0,8.31,0.0,0.0,0.0,-0.08999999999999986,0.06875540848113941,0.9976335468520451,0.0
2012-01-05,0.0,26.0,23.5,0.0,8.23,0.0,0.0,0.0,-0.08000000000000007,0.08590610426133272,0.9963032375991965,0.0
2012-01-06,0.0,26.2,23.5,0.0,8.23,0.0,0.0,0.0,0.0,0.10303137904317879,0.9946781061893646,0.0
2012-01-07,0.0,25.5,23.47,0.0,8.23,0.0,0.0,0.0,0.0,0.1201261651823505,0.9927586335250793,0.0
2012-01-08,0.0,24.3,23.45,0.0,8.2,0.0,0.0,0.0,-0.030000000000001137,0.13718540405660057,0.9905453876091833,0.0
2012-01-09,0.0,22.1,23.45,0.0,8.16,0.0,0.0,0.0,-0.03999999999999915,0.1542040475626894,0.988039023376751,0.0
2012-01-10,0.0,21.3,23.43,0.0,7.26,0.0,0.0,0.0,-0.9000000000000004,0.17117705961019986,0.985240282501282,0.0
2012-01-11,0.0,21.9,23.4,0.0,6.43,0.0,0.0,0.0,-0.8300000000000001,0.18809941761179758,0.9821499931752291,0.0
2012-01-12,0.0,22.1,23.4,0.0,6.01,0.0,0.0,0.0,-0.41999999999999993,0.20496611396949532,0.9787690698649216,0.0
2012-01-13,0.0,22.1,23.4,0.0,5.59,0.0,0.0,0.0,-0.41999999999999993,0.22177215755648186,0.975098513039961,0.0
2012-01-14,0.0,21.0,23.38,0.0,5.19,0.0,0.0,0.0,-0.39999999999999947,0.23851257519407648,0.9711394088771653,0.0
2012-01-15,0.0,21.5,23.35,0.0,4.75,0.0,0.0,0.0,-0.4400000000000004,0.2551824131233728,0.9668929289391521,0.0
2012-01-16,0.0,22.7,23.35,0.0,4.15,0.0,0.0,0.0,-0.5999999999999996,0.2717767384711357,0.9623603298276545,0.0
2012-01-17,0.0,22.9,23.35,0.0,3.5,0.0,0.0,0.0,-0.6500000000000004,0.2882906407095177,0.9575429528116719,0.0
2012-01-18,0.0,21.8,23.33,0.0,2.81,0.0,0.0,0.0,-0.69,0.3047192331091634,0.9524422234305676,0.0
2012-01-19,0.0,20.3,23.3,0.0,2.22,0.0,0.0,0.0,-0.5899999999999999,0.321057654185271,0.9470596510722283,0.0
2012-01-20,0.0,20.7,23.3,0.0,2.44,0.0,0.0,0.0,0.21999999999999975,0.3373010691361842,0.9413968285264122,0.0
2012-01-21,0.0,22.0,23.3,0.0,3.22,0.0,0.0,0.0,0.7800000000000002,0.3534446712740877,0.9354554315134164,0.0
2012-01-22,0.0,22.5,23.3,0.0,3.62,0.0,0.0,0.0,0.3999999999999999,0.3694836834473831,0.9292372181882051,0.0
2012-01-23,0.0,22.9,23.3,0.0,3.88,0.0,0.0,0.0,0.2599999999999998,0.38541335945432564,0.9227440286201427,0.0
2012-01-24,0.0,24.0,23.25,0.0,3.75,0.0,0.0,0.0,-0.1299999999999999,0.4012289854475009,0.9159777842484877,0.0
2012-01-25,0.0,23.5,23.25,0.0,3.47,0.0,0.0,0.0,-0.2799999999999998,0.4169258813287287,0.908940487313808,0.0
2012-01-26,0.0,22.9,23.25,0.0,3.32,0.0,0.0,0.0,-0.15000000000000036,0.4324994021339788,0.901634220265486,0.0
2012-01-27,0.0,23.0,23.25,0.0,3.19,0.0,0.0,0.0,-0.1299999999999999,0.44794493940789115,0.8940611451454876,0.0
2012-01-28,0.0,22.6,23.25,0.0,3.16,0.0,0.0,0.0,-0.029999999999999805,0.4632579225674917,0.88622350294858,0.0
2012-01-29,0.0,22.2,23.25,0.0,3.09,0.0,0.0,0.0,-0.07000000000000028,0.4784338202547012,0.8781236129591848,0.0
2012-01-30,0.0,23.1,23.21,0.0,3.84,0.0,0.0,0.0,0.75,0.49346814167723735,0.8697638720650646,0.0
2012-01-31,0.0,24.1,23.2,0.0,4.97,0.0,0.0,0.0,1.13,0.5083564379375122,0.8611467540480452,0.0
2012-02-01,0.0,24.1,23.2,0.0,5.19,0.0,0.0,0.0,0.22000000000000064,0.5230943033491326,0.8522748088519838,0.0
2012-02-02,0.0,24.1,23.2,0.0,5.34,0.0,0.0,0.0,0.14999999999999947,0.5376773767406141,0.8431506618282,0.0
2012-02-03,0.0,24.1,23.2,0.0,5.68,0.0,0.0,0.0,0.33999999999999986,0.5521013427459208,0.8337770129585915,0.0
2012-02-04,0.0,24.9,23.2,0.0,5.84,0.0,0.0,0.0,0.16000000000000014,0.5663619330814524,0.8241566360566663,0.0
2012-02-05,0.0,25.3,23.2,0.0,5.84,0.0,0.0,0.0,0.0,0.580454927809098,0.8142923779467267,0.0
2012-02-06,0.0,25.5,23.18,0.0,5.87,0.0,0.0,0.0,0.03000000000000025,0.5943761565849831,0.804187157621448,0.0
2012-02-07,0.0,25.0,23.15,0.0,5.71,0.0,0.0,0.0,-0.16000000000000014,0.6081214998935418,0.7938439653781019,0.0
2012-02-08,0.0,24.5,23.15,0.0,5.47,0.0,0.0,0.0,-0.2400000000000002,0.6216868902665479,0.7832658619336791,0.0
2012-02-09,0.0,23.4,23.15,0.0,5.41,0.0,0.0,0.0,-0.05999999999999961,0.6350683134867438,0.7724559775191742,0.0
2012-02-10,0.0,23.7,23.15,0.0,5.56,0.0,0.0,0.0,0.14999999999999947,0.6482618097757122,0.7614175109532997,0.0
2012-02-11,0.0,24.4,23.15,0.0,5.81,0.0,0.0,0.0,0.25,0.6612634749656386,0.7501537286959042,0.0
2012-02-12,0.0,24.5,23.15,0.0,5.97,0.0,0.0,0.0,0.16000000000000014,0.6740694616546161,0.7386679638813748,0.0
2012-02-13,0.0,25.3,23.15,0.0,5.97,0.0,0.0,0.0,0.0,0.6866759803451553,0.726963615332308,0.0
2012-02-14,0.0,25.9,23.15,0.0,5.87,0.0,0.0,0.0,-0.09999999999999964,0.6990793005655562,0.7150441465537444,0.0
2012-02-15,0.0,25.9,23.15,0.0,5.71,0.0,0.0,0.0,-0.16000000000000014,0.7112757519738152,0.7029130847082615,0.0
2012-02-16,0.0,24.8,23.1,0.0,5.41,0.0,0.0,0.0,-0.2999999999999998,0.7232617254437388,0.6905740195722293,0.0
2012-02-17,0.0,25.0,23.1,0.0,5.12,0.0,0.0,0.0,-0.29000000000000004,0.7350336741329413,0.6780306024735382,0.0
2012-02-18,0.0,26.8,23.1,0.0,5.12,0.0,0.0,0.0,0.0,0.746588114532413,0.6652865452111116,0.0
2012-02-19,0.0,27.8,23.1,0.0,4.94,0.0,0.0,0.0,-0.17999999999999972,0.7579216274973472,0.6523456189565257,0.0
2012-02-20,0.0,27.7,23.1,0.0,4.81,0.0,0.0,0.0,-0.13000000000000078,0.7690308592589181,0.6392116531380588,0.0
2012-02-21,0.0,27.8,23.1,0.0,4.9,0.0,0.0,0.0,0.09000000000000075,0.7799125224167177,0.6258885343075018,0.0
2012-02-22,0.0,27.7,23.1,0.0,4.87,0.0,0.0,0.0,-0.03000000000000025,0.7905633969115482,0.612380204990065,0.0
2012-02-23,0.0,27.7,23.1,0.0,4.94,0.0,0.0,0.0,0.07000000000000028,0.8009803309782905,0.5986906625177214,0.0
2012-02-24,0.0,27.6,23.1,0.0,4.9,0.0,0.0,0.0,-0.040000000000000036,0.8111602420785621,0.5848239578463322,0.0
2012-02-25,0.0,27.2,23.1,0.0,4.6,0.0,0.0,0.0,-0.3000000000000007,0.8211001178128892,0.5707841943569036,0.0
2012-02-26,0.0,27.2,23.1,0.0,4.5,0.0,0.0,0.0,-0.09999999999999964,0.8307970168121247,0.5565755266413303,0.0
2012-02-27,0.0,27.8,23.1,0.0,4.75,0.0,0.0,0.0,0.25,0.8402480696078469,0.5422021592729844,0.0
2012-02-28,0.0,27.4,23.1,0.0,4.97,0.0,0.0,0.0,0.21999999999999975,0.8494504794814806,0.527668345562516,0.0
2012-02-29,0.0,26.0,23.1,0.0,5.15,0.0,0.0,0.0,0.1800000000000006,0.8584015232918917,0.512978386299228,0.0
2012-03-01,0.0,25.6,23.06,0.0,5.31,0.0,0.0,0.0,0.15999999999999925,0.8670985522812081,0.4981366284784055,0.0
2012-03-02,0.0,24.5,23.05,0.0,5.31,0.0,0.0,0.0,0.0,0.8755389928586302,0.4831474640149687,0.0
2012-03-03,0.0,23.3,23.05,0.0,5.31,0.0,0.0,0.0,0.0,0.8837203473619977,0.4680153284438345,0.0
2012-03-04,0.0,26.2,23.05,0.0,5.15,0.0,0.0,0.0,-0.15999999999999925,0.8916401947968874,0.45274469960737107,0.0
2012-03-05,0.0,27.9,23.05,0.0,5.03,0.0,0.0,0.0,-0.1200000000000001,0.8992961915530253,0.4373400963303323,0.0
2012-03-06,0.0,27.1,23.05,0.0,5.1,0.0,0.0,0.0,0.0699999999999994,0.9066860720977985,0.4218060770826634,0.0
2012-03-07,0.0,25.8,23.05,0.0,5.15,0.0,0.0,0.0,0.05000000000000071,0.9138076496466615,0.4061472386305789,0.0
2012-03-08,0.0,23.1,23.05,0.0,5.15,0.0,0.0,0.0,0.0,0.9206588168102428,0.3903682146763026,0.0
2012-03-09,0.0,22.9,23.05,0.0,5.03,0.0,0.0,0.0,-0.1200000000000001,0.9272375462179537,0.374473674486883,0.0
2012-03-10,0.0,24.7,23.05,0.0,4.9,0.0,0.0,0.0,-0.1299999999999999,0.9335418911179212,0.35846832151248087,0.0
2012-03-11,0.0,25.9,23.05,0.0,4.87,0.0,0.0,0.0,-0.03000000000000025,0.9395699859530622,0.342356891994542,0.0
2012-03-12,0.0,26.8,23.05,0.0,4.78,0.0,0.0,0.0,-0.08999999999999986,0.945320046913132,0.3261441535642696,0.0
2012-03-13,0.0,27.6,23.05,0.0,4.6,0.0,0.0,0.0,-0.1800000000000006,0.9507903724625832,0.3098349038318025,0.0
2012-03-14,0.0,28.2,23.05,0.0,4.62,0.0,0.0,0.0,0.020000000000000462,0.9559793438440766,0.2934339689665273,0.0
2012-03-15,0.0,28.4,23.03,0.1,4.75,0.0,0.0,0.10000000000002843,0.1299999999999999,0.9608854255574977,0.27694620226893646,0.0
2012-03-16,0.0,28.6,23.0,0.0,4.6,0.0,0.0,0.10000000000002843,-0.15000000000000036,0.9655071658143364,0.2603764827344581,0.0
2012-03-17,0.0,28.6,23.0,0.0,4.43,0.0,0.0,0.10000000000002843,-0.16999999999999993,0.969843196967294,0.24372971360968387,0.0
2012-03-18,0.0,29.4,23.0,0.0,4.28,0.0,0.0,0.10000000000002843,-0.14999999999999947,0.9738922359149924,0.22701082094141847,0.0
2012-03-19,0.0,29.1,23.0,0.0,4.15,0.0,0.0,0.10000000000002843,-0.1299999999999999,0.9776530844816641,0.2102247521189836,0.0
2012-03-20,0.0,29.3,23.0,0.0,3.75,0.0,0.0,0.10000000000002843,-0.40000000000000036,0.981124629771712,0.19337647441020586,0.0
2012-03-21,0.0,28.5,23.0,0.0,3.25,0.0,0.0,0.10000000000002843,-0.5,0.984305844499033,0.17647097349152166,0.0
2012-03-22,0.0,28.1,23.0,0.0,2.72,0.0,0.0,0.0,-0.5299999999999998,0.9871957872910085,0.15951325197263655,0.0
2012-03-23,0.0,28.3,23.0,0.0,2.13,0.0,0.0,0.0,-0.5900000000000003,0.9897936029670716,0.14250832791617088,0.0
2012-03-24,0.0,29.7,23.0,0.0,1.34,0.0,0.0,0.0,-0.7899999999999998,0.992098522791769,0.12546123335273648,0.0
2012-03-25,0.0,28.7,23.0,0.0,0.72,0.0,0.0,0.0,-0.6200000000000001,0.9941098647022418,0.10837701279187609,0.0
2012-03-26,0.0,28.5,23.0,0.0,0.56,0.0,0.0,0.0,-0.15999999999999992,0.9958270335100595,0.09126072172931188,0.0
2012-03-27,0.0,28.6,23.0,0.0,0.59,0.0,0.0,0.0,0.029999999999999916,0.9972495210773451,0.07411742515094437,0.0
2012-03-28,0.0,29.1,23.01,0.2,0.59,0.0,0.0,0.20000000000002843,0.0,0.998376906467142,0.056952196034039754,0.0
2012-03-29,0.0,28.0,23.03,0.2,0.59,0.0,0.0,0.40000000000002844,0.0,0.9992088560679753,0.03977011384605572,0.0
2012-03-30,0.2,27.1,23.15,0.3,0.59,0.19999999999999735,0.19999999999999823,0.7000000000000284,0.0,0.9997451236925734,0.022576263041545485,0.0
2012-03-31,0.0,27.7,23.16,0.0,0.56,0.19999999999999735,0.19999999999999823,0.7000000000000284,-0.029999999999999916,0.9999855506507186,0.005375731557583884,0.0
2012-04-01,0.0,28.6,23.03,0.0,0.59,0.19999999999999735,0.19999999999999823,0.7000000000000284,0.029999999999999916,0.9999300657962057,-0.011826390691832589,0.0
2012-04-02,0.7,28.6,23.26,1.1,0.63,0.6999999999999973,0.8999999999999981,1.8000000000000285,0.040000000000000036,0.9995786855478958,-0.029025013321975237,0.0
2012-04-03,2.0,28.5,23.96,1.3,0.66,2.6999999999999975,2.899999999999998,3.1000000000000285,0.030000000000000027,0.9989315138848577,-0.046215046983708354,0.0
2012-04-04,1.6,27.9,24.75,0.6,0.72,4.299999999999997,4.499999999999998,3.5000000000000284,0.05999999999999994,0.9979887423155984,-0.06339140486951038,0.0
2012-04-05,0.0,27.7,24.79,0.2,0.72,3.5999999999999974,4.499999999999998,3.5000000000000284,0.0,0.9967506498213929,-0.08054900421874167,0.0
2012-04-06,0.0,27.2,24.05,0.0,0.69,1.5999999999999976,4.299999999999998,3.200000000000028,-0.030000000000000027,0.9952176027737294,-0.09768276782171598,0.0
2012-04-07,0.0,27.5,23.46,0.0,0.66,0.0,4.299999999999998,3.200000000000028,-0.029999999999999916,0.9933900548258936,-0.11478762552212701,0.0
2012-04-08,0.0,27.8,23.17,0.0,0.63,0.0,4.299999999999998,3.200000000000028,-0.030000000000000027,0.9912685467787256,-0.13185851571739118,0.0
2012-04-09,0.3,27.4,23.07,0.0,0.63,0.29999999999999755,3.899999999999998,2.100000000000028,0.0,0.9888537064205885,-0.1488903868564548,0.0
2012-04-10,0.5,27.8,23.15,0.1,0.63,0.7999999999999976,2.3999999999999986,0.9000000000000284,0.0,0.986146248341595,-0.16587819893463143,0.0
2012-04-11,0.2,27.8,23.35,0.2,0.59,0.9999999999999976,0.9999999999999982,0.5000000000000284,-0.040000000000000036,0.9831469737221499,-0.1828169249850199,0.0
2012-04-12,4.2,27.3,24.18,0.2,0.81,4.899999999999998,5.199999999999998,0.5000000000000284,0.22000000000000008,0.9798567700958665,-0.1997015525660636,0.0
2012-04-13,0.3,27.5,24.95,0.2,0.85,4.6999999999999975,5.499999999999998,0.7000000000000285,0.039999999999999925,0.9762766110869321,-0.21652708524481437,0.0
2012-04-14,0.3,28.6,24.5,0.6,0.72,4.799999999999997,5.799999999999998,1.3000000000000285,-0.13,0.9724075561219968,-0.23328854407545518,0.0
2012-04-15,0.0,29.4,24.09,0.1,0.66,0.5999999999999973,5.799999999999998,1.4000000000000286,-0.05999999999999994,0.9682507501166718,-0.2499809690726521,0.0
2012-04-16,0.3,28.7,23.75,0.0,0.66,0.5999999999999973,5.799999999999999,1.4000000000000286,0.0,0.9638074231367307,-0.26659942067929354,0.0
2012-04-17,0.0,28.2,23.49,0.0,0.63,0.2999999999999973,5.299999999999999,1.3000000000000285,-0.030000000000000027,0.9590788900341131,-0.28313898122818354,0.0
2012-04-18,1.3,28.4,23.47,0.2,0.63,1.5999999999999974,6.399999999999999,1.3000000000000285,0.0,0.9540665500578387,-0.2995947563972602,0.0
2012-04-19,2.1,28.8,23.9,5.2,0.69,3.3999999999999977,4.299999999999998,6.300000000000029,0.05999999999999994,0.9487718864399473,-0.31596187665790293,0.0
2012-04-20,1.4,29.2,24.46,5.6,0.75,4.799999999999997,5.399999999999999,11.700000000000028,0.06000000000000005,0.9431964659565866,-0.33223549871590435,0.0
2012-04-21,2.6,28.9,24.92,0.2,0.85,6.099999999999998,7.699999999999998,11.300000000000027,0.09999999999999998,0.9373419384643772,-0.3484108069446808,0.0
2012-04-22,0.1,30.0,25.03,0.0,0.75,4.099999999999997,7.799999999999998,11.200000000000028,-0.09999999999999998,0.9312100364121947,-0.3644830148102912,0.0
2012-04-23,0.0,29.4,24.17,0.0,0.66,2.699999999999997,7.499999999999997,11.200000000000028,-0.08999999999999997,0.9248025743285089,-0.38044736628785164,0.0
2012-04-24,0.0,28.3,23.51,0.0,0.63,0.0999999999999969,7.499999999999997,11.200000000000028,-0.030000000000000027,0.9181214482844364,-0.39629913726891813,0.0
2012-04-25,0.0,28.9,23.14,0.0,0.59,0.0,6.1999999999999975,11.000000000000027,-0.040000000000000036,0.9111686353326631,-0.41203363695942635,0.0
2012-04-26,0.0,29.2,22.99,0.0,0.94,0.0,4.099999999999998,5.800000000000028,0.35,0.9039461929224011,-0.42764620926777464,0.0
2012-04-27,0.0,29.5,22.96,0.0,1.09,0.0,2.6999999999999984,0.20000000000002843,0.15000000000000013,0.8964562582905575,-0.44313223418263453,0.0
2012-04-28,0.0,29.0,22.91,0.0,0.75,0.0,0.09999999999999823,0.0,-0.3400000000000001,0.8887010478292915,-0.45848712914008766,0.0
2012-04-29,0.0,28.4,22.89,0.0,0.63,0.0,0.0,0.0,-0.12,0.8806828564301475,-0.47370635037968,0.0
2012-04-30,0.0,27.1,22.85,0.0,0.53,0.0,0.0,0.0,-0.09999999999999998,0.8724040568049612,-0.48878539428899265,0.0
2012-05-01,0.0,27.1,22.85,0.0,0.53,0.0,0.0,0.0,0.0,0.8638670987837349,-0.503719798736334,0.0
2012-05-02,0.0,27.2,22.85,0.0,0.5,0.0,0.0,0.0,-0.030000000000000027,0.8550745085896932,-0.518505144391157,0.0
2012-05-03,0.0,27.3,22.85,0.0,0.5,0.0,0.0,0.0,0.0,0.8460288880917339,-0.533137056031809,0.0
2012-05-04,0.0,26.4,22.85,0.0,0.5,0.0,0.0,0.0,0.0,0.8367329140344921,-0.5476112038402312,0.0
2012-05-05,0.0,26.1,22.85,0.0,0.5,0.0,0.0,0.0,0.0,0.8271893372462497,-0.5619233046832195,0.0
2012-05-06,0.0,26.1,22.85,0.0,0.5,0.0,0.0,0.0,0.0,0.8174009818249189,-0.5760691233798758,0.0
2012-05-07,0.0,26.8,22.85,0.0,0.5,0.0,0.0,0.0,0.0,0.8073707443023492,-0.5900444739548627,0.0
2012-05-08,0.1,28.1,22.88,0.0,0.5,0.0999999999999969,0.09999999999999823,0.0,0.0,0.7971015927871943,-0.6038452208771035,0.0
2012-05-09,0.6,28.4,23.01,0.3,0.5,0.6999999999999968,0.6999999999999982,0.3000000000000284,0.0,0.7865965660866021,-0.6174672802835514,0.0
2012-05-10,1.1,28.1,23.29,0.5,1.09,1.799999999999997,1.7999999999999983,0.8000000000000285,0.5900000000000001,0.7758587728069828,-0.6309066211876704,0.0
2012-05-11,7.5,27.5,25.14,1.3,3.84,9.199999999999998,9.299999999999999,2.1000000000000285,2.75,0.7648913904341225,-0.6441592666722685,0.0
2012-05-12,3.2,26.6,28.41,0.7,6.06,11.799999999999997,12.499999999999998,2.8000000000000282,2.2199999999999998,0.753697664392914,-0.6572212950663319,0.0
2012-05-13,1.6,27.0,28.5,0.0,6.59,12.299999999999997,14.099999999999998,2.8000000000000282,0.5300000000000002,0.742280907086982,-0.6700888411055113,0.0
2012-05-14,0.0,27.6,27.61,0.0,6.16,4.799999999999997,14.099999999999998,2.8000000000000282,-0.4299999999999997,0.7306444969184916,-0.6827580970759147,0.0
2012-05-15,0.9,27.7,26.39,0.0,5.62,2.4999999999999964,14.899999999999999,2.8000000000000282,-0.54,0.7187918772884232,-0.6952253139408722,0.0
2012-05-16,0.0,27.8,25.59,0.0,5.28,0.8999999999999965,14.299999999999999,2.5000000000000284,-0.33999999999999986,0.7067265555776158,-0.7074868024503348,0.0
2012-05-17,0.0,27.6,24.56,0.0,5.07,0.8999999999999965,13.199999999999998,2.0000000000000284,-0.20999999999999996,0.6944521021088763,-0.719538934232584,0.0
2012-05-18,0.0,28.9,23.79,0.0,4.69,0.0,5.699999999999998,0.7000000000000284,-0.3799999999999999,0.6819721490904629,-0.7313781428679254,0.0
2012-05-19,0.2,29.6,23.34,0.0,4.31,0.19999999999999646,2.6999999999999984,0.0,-0.3800000000000008,0.6692903895412567,-0.7430009249440493,0.0
2012-05-20,0.0,28.7,23.13,0.0,4.09,0.19999999999999646,1.0999999999999983,0.0,-0.21999999999999975,0.6564105761979381,-0.7544038410927472,0.0
2012-05-21,0.5,28.0,23.01,0.0,4.22,0.6999999999999964,1.5999999999999983,0.0,0.1299999999999999,0.6433365204044917,-0.765583517007675,0.0
2012-05-22,0.0,27.6,23.02,0.0,4.43,0.49999999999999645,0.6999999999999982,0.0,0.20999999999999996,0.6300720909843687,-0.7765366444428655,0.0
2012-05-23,0.0,27.5,22.9,0.1,4.43,0.49999999999999645,0.6999999999999982,0.10000000000002843,0.0,0.6166212130956382,-0.7872599821916922,0.0
2012-05-24,0.0,27.1,22.85,0.4,4.37,0.0,0.6999999999999982,0.5000000000000284,-0.05999999999999961,0.6029878670694714,-0.7977503570459932,0.0
2012-05-25,0.0,27.1,22.83,0.0,4.35,0.0,0.6999999999999982,0.5000000000000284,-0.020000000000000462,0.5891760872322963,-0.8080046647350754,0.0
2012-05-26,0.0,27.4,22.81,0.2,4.5,0.0,0.4999999999999982,0.7000000000000284,0.15000000000000036,0.5751899607119775,-0.8180198708443174,0.0
2012-05-27,0.0,27.4,22.84,0.1,4.62,0.0,0.4999999999999982,0.8000000000000285,0.1200000000000001,0.5610336262283677,-0.8277930117131022,0.0
2012-05-28,0.0,27.1,22.82,0.3,4.69,0.0,0.0,1.1000000000000285,0.07000000000000028,0.5467112728685939,-0.8373211953118121,0.0
2012-05-29,0.0,27.8,22.84,0.1,4.97,0.0,0.0,1.2000000000000284,0.27999999999999936,0.5322271388474397,-0.8466016020976267,0.0
2012-05-30,0.0,27.0,22.83,0.4,5.07,0.0,0.0,1.5000000000000284,0.10000000000000053,0.5175855102531889,-0.8556314858488706,0.0
2012-05-31,0.0,27.1,22.85,0.8,4.94,0.0,0.0,1.9000000000000283,-0.1299999999999999,0.5027907197793043,-0.8644081744776648,0.0
2012-06-01,0.0,27.3,22.86,0.0,4.75,0.0,0.0,1.9000000000000283,-0.1900000000000004,0.4878471454423119,-0.8729290708206411,0.0
2012-06-02,0.0,27.5,22.83,0.0,4.66,0.0,0.0,1.7000000000000286,-0.08999999999999986,0.47275920928627757,-0.881191653407483,0.0
2012-06-03,0.0,27.7,22.86,2.5,4.62,0.0,0.0,4.100000000000028,-0.040000000000000036,0.4575313760742512,-0.8891934772070711,0.0
2012-06-04,0.9,26.7,23.4,7.7,4.75,0.8999999999999965,0.8999999999999982,11.500000000000028,0.1299999999999999,0.44216815196707204,-0.8969321743510065,0.0
2012-06-05,7.7,25.6,25.9,10.2,7.09,8.599999999999996,8.599999999999998,21.60000000000003,2.34,0.42667408318992467,-0.9044054548343001,0.0
2012-06-06,15.7,23.9,33.66,20.0,11.3,24.299999999999997,24.299999999999997,41.20000000000003,4.210000000000001,0.4110537546870351,-0.9116111071930239,0.0
2012-06-07,0.7,24.9,36.26,8.1,10.67,24.099999999999998,24.999999999999996,48.50000000000003,-0.6300000000000008,0.3953117887649151,-0.9185469991587165,0.0
2012-06-08,2.3,24.9,35.34,6.4,9.26,18.699999999999996,27.299999999999997,54.900000000000034,-1.4100000000000001,0.37945284372454435,-0.925211078289358,0.0
2012-06-09,2.0,25.1,35.23,6.1,8.31,4.999999999999995,29.299999999999997,61.00000000000003,-0.9499999999999993,0.36348161248290634,-0.9316013725767187,0.0
2012-06-10,1.2,24.4,34.89,5.5,7.81,5.499999999999995,30.499999999999996,64.00000000000003,-0.5000000000000009,0.3474028211842774,-0.9377159910299093,0.0
2012-06-11,1.0,24.6,34.61,11.0,7.47,4.199999999999995,30.599999999999998,67.30000000000003,-0.33999999999999986,0.3312212278016865,-0.9435531242349544,0.0
2012-06-12,23.7,23.8,38.31,62.9,15.11,25.899999999999995,46.599999999999994,120.00000000000003,7.64,0.31494162072895193,-0.9491110448902284,0.0
2012-06-13,1.7,24.5,43.14,9.9,16.22,26.399999999999995,32.599999999999994,109.90000000000003,1.1099999999999994,0.2985688173637202,-0.9543881083175908,0.0
2012-06-14,4.0,25.1,43.03,4.3,13.13,29.399999999999995,35.9,106.10000000000004,-3.089999999999998,0.2821076626819194,-0.9593827529490743,0.0
2012-06-15,0.6,25.2,42.59,2.6,10.19,6.299999999999996,34.19999999999999,102.30000000000003,-2.9400000000000013,0.26556302780405594,-0.9640935007889755,0.0
2012-06-16,2.4,24.7,42.05,15.3,9.5,6.9999999999999964,34.599999999999994,111.50000000000003,-0.6899999999999995,0.24893980855376657,-0.9685189578512204,0.0
2012-06-17,25.0,23.6,45.92,84.8,31.73,27.999999999999996,58.39999999999999,190.80000000000004,22.23,0.23224292400907015,-0.9726578145718654,0.0
2012-06-18,50.6,22.3,48.35,92.6,61.66,78.0,108.0,272.40000000000003,29.929999999999996,0.21547731504673012,-0.976508846196619,0.0
2012-06-19,0.1,23.6,48.07,14.1,61.95,75.69999999999999,84.39999999999999,223.60000000000002,0.29000000000000625,0.19864794288017112,-0.9800709131432666,0.0
2012-06-20,0.0,24.1,46.86,9.5,51.12,50.699999999999996,82.69999999999999,223.20000000000002,-10.830000000000005,0.18175978759137534,-0.9833429613388902,0.0
2012-06-21,0.6,23.6,46.15,9.8,38.9,0.6999999999999929,79.3,228.70000000000005,-12.219999999999999,0.16481784665719793,-0.9863240225317866,0.0
2012-06-22,0.2,24.0,45.7,6.4,31.51,0.7999999999999929,78.9,232.50000000000003,-7.389999999999997,0.14782713347053048,-0.9890132145779883,0.0
2012-06-23,0.5,24.0,45.03,6.5,25.55,1.299999999999993,77.0,223.70000000000005,-5.960000000000001,0.13079267585675922,-0.9914097417023038,0.0
2012-06-24,1.0,23.8,44.48,7.0,20.83,1.699999999999993,53.0,145.90000000000003,-4.720000000000002,0.11371951458594969,-0.9935128947338007,0.0
2012-06-25,1.3,24.1,44.35,10.7,18.59,2.799999999999993,3.7,64.00000000000003,-2.2399999999999984,0.0966127018812031,-0.9953220513156602,0.0
2012-06-26,0.9,23.6,44.36,16.7,18.28,3.199999999999993,4.5,66.60000000000002,-0.3099999999999987,0.07947729992362097,-0.9968366760893436,0.0
2012-06-27,2.2,23.7,44.63,12.0,20.33,4.399999999999993,6.7,69.10000000000002,2.049999999999997,0.062318379354325076,-0.998056320853012,0.0
2012-06-28,1.6,23.2,45.11,10.6,25.55,4.699999999999994,7.700000000000001,69.90000000000003,5.220000000000002,0.04514101777397193,-0.9989806246941579,0.0
2012-06-29,19.3,22.5,48.12,19.4,38.63,23.099999999999994,26.8,82.90000000000002,13.080000000000002,0.02795029824021032,-0.999609314096404,0.0
2012-06-30,88.6,22.5,48.37,99.0,305.2,109.49999999999999,114.89999999999999,175.40000000000003,266.57,0.01075130776352193,-0.9999422030204416,0.0
2012-07-01,3.3,23.1,48.14,32.3,407.32,111.19999999999999,117.19999999999999,200.70000000000002,102.12,-0.00645086419810515,-0.9999791929590823,0.0
2012-07-02,24.6,22.7,48.48,64.1,431.51,116.49999999999999,140.5,254.10000000000002,24.189999999999998,-0.023651127245231586,-0.9997202729664083,0.0
2012-07-03,7.5,22.2,48.49,35.5,452.94,35.39999999999999,147.1,272.9,21.430000000000007,-0.04084439154329611,-0.9991655196610109,0.0
2012-07-04,3.8,23.3,49.62,32.0,400.79,35.89999999999999,148.7,292.9,-52.14999999999998,-0.05802556932878035,-0.9983150972033183,0.0
2012-07-05,1.7,23.7,49.66,11.8,333.97,12.999999999999986,148.79999999999998,294.1,-66.82,-0.07518957641475855,-0.9971692572470178,0.0
2012-07-06,2.2,23.7,49.4,13.3,257.23,7.699999999999986,131.7,288.0,-76.74000000000001,-0.09233133369539122,-0.9957283388645872,0.0
2012-07-07,2.2,23.5,49.15,11.4,189.11,6.099999999999986,45.300000000000004,200.4,-68.12,-0.10944576864891556,-0.993992768446958,0.0
2012-07-08,2.0,23.4,48.98,17.1,141.89,6.399999999999986,44.00000000000001,185.20000000000002,-47.22000000000003,-0.12652781683868314,-0.9919630595773397,0.0
2012-07-09,1.9,23.7,48.91,7.3,120.62,6.099999999999985,21.3,128.40000000000003,-21.269999999999982,-0.1435724234118113,-0.9896398128792412,0.0
2012-07-10,1.6,23.7,48.63,14.3,103.23,5.499999999999986,15.4,107.20000000000003,-17.39,-0.16057454459499376,-0.9870237158387383,0.0
2012-07-11,8.5,23.5,48.91,52.8,105.41,11.999999999999986,20.1,128.00000000000003,2.1799999999999926,-0.17752914918703497,-0.984115542601034,0.0
2012-07-12,0.3,23.6,49.31,12.9,157.12,10.399999999999986,18.700000000000003,129.10000000000002,51.71000000000001,-0.19443122004766195,-0.9809161537413774,0.0
2012-07-13,2.9,23.7,48.93,9.2,152.46,11.699999999999985,19.4,125.00000000000001,-4.659999999999997,-0.2112757555821793,-0.9774264960104055,0.0
2012-07-14,0.6,23.8,48.66,8.6,122.88,3.7999999999999856,17.8,122.20000000000003,-29.580000000000013,-0.2280577712215198,-0.9736476020539838,0.0
2012-07-15,2.8,23.6,48.74,11.4,106.65,6.299999999999986,18.6,116.50000000000001,-16.22999999999999,-0.24477230089725957,-0.9695805901076308,0.0
2012-07-16,6.5,23.1,48.29,17.8,97.4,9.899999999999986,23.200000000000003,127.00000000000003,-9.25,-0.2614143985111562,-0.965226663665613,0.0
2012-07-17,7.4,23.5,47.24,38.9,102.28,16.69999999999999,29.0,151.60000000000002,4.8799999999999955,-0.2779791393987801,-0.9605871111248129,0.0
2012-07-18,5.0,22.7,49.48,33.4,147.59,18.899999999999984,25.5,132.20000000000002,45.31,-0.2944616217868012,-0.9556633054034704,0.0
2012-07-19,17.2,22.7,49.67,29.4,218.28,29.599999999999987,42.4,148.70000000000002,70.69,-0.3108569682435036,-0.9504567035349151,0.0
2012-07-20,3.7,23.3,49.29,21.6,250.19,25.899999999999988,43.2,161.10000000000002,31.909999999999997,-0.3271603271220951,-0.9449688462364056,0.0
2012-07-21,1.6,23.6,49.47,18.9,239.99,22.499999999999986,44.199999999999996,171.40000000000003,-10.199999999999989,-0.34336687399638804,-0.939201357453208,0.0
2012-07-22,0.3,23.5,48.89,11.0,203.64,5.59999999999999,41.7,171.00000000000003,-36.35000000000002,-0.3594718130884232,-0.9331559438780432,0.0
2012-07-23,0.3,23.5,48.32,14.5,158.59,2.1999999999999895,35.5,167.70000000000002,-45.04999999999998,-0.3754703786876202,-0.9268343944460494,0.0
2012-07-24,2.9,23.6,48.6,20.4,141.23,3.4999999999999893,31.0,149.20000000000002,-17.360000000000014,-0.3913578365610259,-0.9202385798054075,0.0
2012-07-25,10.4,23.0,48.47,48.2,163.44,13.59999999999999,36.4,164.00000000000003,22.210000000000008,-0.4071294853542516,-0.9133704517637858,0.0
2012-07-26,2.6,22.7,49.96,34.1,237.78,15.899999999999988,21.8,168.70000000000005,74.34,-0.4227806579826773,-0.9062320427107697,0.0
2012-07-27,1.7,23.2,50.14,15.7,266.3,14.69999999999999,19.8,162.80000000000004,28.52000000000001,-0.4383067230125192,-0.898825465016444,0.0
2012-07-28,2.2,23.3,49.8,20.3,231.27,6.499999999999988,20.4,164.20000000000005,-35.03,-0.45370308603134424,-0.8911529104063088,0.0
2012-07-29,5.1,22.7,49.95,24.2,193.98,8.999999999999988,25.2,177.40000000000003,-37.29000000000002,-0.46896519100763184,-0.8832166493127127,0.0
2012-07-30,8.9,22.6,49.78,33.0,215.27,16.19999999999999,33.800000000000004,195.90000000000003,21.29000000000002,-0.48408852163897587,-0.8750190302029955,0.0
2012-07-31,19.8,22.3,48.64,40.6,307.32,33.79999999999998,50.7,216.10000000000002,92.04999999999998,-0.4990686026885319,-0.8665624788845385,0.0
2012-08-01,6.7,22.9,48.49,25.7,379.19,35.399999999999984,47.0,193.60000000000005,71.87,-0.5139010013093103,-0.8578494977869301,0.0
2012-08-02,6.2,22.6,48.84,38.7,356.27,32.69999999999999,50.6,198.20000000000005,-22.920000000000016,-0.5285813283559292,-0.8488826652214553,0.0
2012-08-03,18.3,22.5,50.08,38.5,368.83,31.199999999999985,67.19999999999999,221.00000000000003,12.560000000000002,-0.5431052396834317,-0.8396646346181327,0.0
2012-08-04,5.9,22.5,51.11,31.7,420.7,30.399999999999984,70.89999999999999,232.40000000000003,51.870000000000005,-0.5574684374327892,-0.8301981337405212,0.0
2012-08-05,1.3,22.8,50.51,29.2,414.91,25.499999999999982,67.1,237.40000000000003,-5.789999999999964,-0.5716666713027052,-0.8204859638785327,0.0
2012-08-06,5.4,22.9,50.13,26.3,376.57,12.599999999999987,63.6,230.70000000000002,-38.34000000000003,-0.5856957398073508,-0.8105309990194823,0.0
2012-08-07,2.4,23.1,46.09,24.9,352.18,9.099999999999985,46.199999999999996,215.00000000000003,-24.389999999999986,-0.5995514915196489,-0.8003361849976323,0.0
2012-08-08,3.2,23.4,47.2,28.0,309.46,10.999999999999986,42.699999999999996,217.3,-42.72000000000003,-0.6132298262997502,-0.7899045386224707,0.0
2012-08-09,3.5,23.0,48.72,36.0,297.54,9.099999999999985,40.0,214.60000000000002,-11.919999999999959,-0.6267266965083301,-0.7792391467859886,0.0
2012-08-10,11.1,22.4,49.28,45.9,343.35,17.799999999999983,32.8,222.00000000000003,45.81,-0.6400381082043503,-0.7683431655492202,0.0
2012-08-11,2.7,22.6,49.04,35.5,417.79,17.299999999999986,29.599999999999994,225.80000000000004,74.44,-0.65316012232693,-0.7572198192083127,0.0
2012-08-12,1.9,23.4,49.35,32.1,398.02,15.699999999999985,30.199999999999996,228.70000000000002,-19.77000000000004,-0.666088855860977,-0.7458723993404063,0.0
2012-08-13,2.3,23.4,49.35,19.5,343.35,6.899999999999986,27.09999999999999,221.90000000000003,-54.66999999999996,-0.6788204829862355,-0.734304263829602,0.0
2012-08-14,1.5,23.5,48.79,10.6,275.69,5.699999999999985,26.199999999999992,207.60000000000002,-67.66000000000003,-0.6913512362094071,-0.722518835873311,0.0
2012-08-15,2.4,23.4,48.45,8.4,207.93,6.199999999999985,25.399999999999995,188.00000000000003,-67.75999999999999,-0.7036774074790128,-0.7105196029692745,0.0
2012-08-16,0.6,23.5,47.77,6.8,148.28,4.499999999999986,22.499999999999993,158.80000000000004,-59.650000000000006,-0.7157953492826642,-0.6983101158835584,0.0
2012-08-17,1.5,23.1,47.19,7.1,113.55,4.499999999999986,12.899999999999993,120.00000000000003,-34.730000000000004,-0.7277014757264236,-0.6858939875998223,0.0
2012-08-18,0.1,23.1,46.75,8.8,88.33,2.199999999999986,10.299999999999992,93.30000000000003,-25.22,-0.7393922635959241,-0.673274892250183,0.0
2012-08-19,2.4,22.5,47.18,11.7,78.8,3.999999999999986,10.799999999999994,72.90000000000003,-9.530000000000001,-0.7508642533989489,-0.6604565640279754,0.0
2012-08-20,1.0,22.9,47.65,11.6,82.37,3.499999999999986,9.499999999999993,65.00000000000003,3.5700000000000074,-0.7621140503891487,-0.6474427960827475,0.0
2012-08-21,0.3,23.3,47.08,4.0,77.89,3.6999999999999855,8.299999999999992,58.40000000000003,-4.480000000000004,-0.7731383255706026,-0.6342374393978054,0.0
2012-08-22,0.1,23.8,46.25,3.6,62.53,1.3999999999999857,5.999999999999993,53.60000000000003,-15.36,-0.7839338166829201,-0.620844401650647,0.0
2012-08-23,1.7,24.3,45.6,4.1,45.45,2.0999999999999854,7.099999999999993,50.90000000000003,-17.08,-0.7944973291665992,-0.6072676460566135,0.0
2012-08-24,2.3,24.1,45.65,5.4,34.48,4.099999999999985,7.899999999999992,49.20000000000003,-10.970000000000006,-0.8048257371083452,-0.593511190196115,0.0
2012-08-25,5.5,23.9,46.18,11.6,32.19,9.499999999999986,13.299999999999994,52.00000000000003,-2.289999999999999,-0.8149159841660791,-0.5795791048257612,0.0
2012-08-26,1.2,22.9,46.67,19.2,40.5,8.999999999999986,12.099999999999993,59.50000000000003,8.310000000000002,-0.8247650844733614,-0.5654755126737576,0.0
2012-08-27,6.6,22.2,48.19,28.7,70.12,13.299999999999986,17.699999999999992,76.60000000000002,29.620000000000005,-0.8343701235229538,-0.5512045872199277,0.0
2012-08-28,30.0,22.2,49.87,50.1,162.68,37.79999999999998,47.39999999999999,122.70000000000003,92.56,-0.8437282590292712,-0.5367705514607103,0.0
2012-08-29,1.8,23.0,50.49,38.7,255.45,38.399999999999984,49.09999999999999,157.80000000000004,92.76999999999998,-0.8528367217694595,-0.522177676659508,0.0
2012-08-30,0.8,23.2,49.67,12.4,253.1,32.59999999999999,48.199999999999996,166.10000000000005,-2.3499999999999943,-0.8616928164028522,-0.5074302810827518,0.0
2012-08-31,14.4,23.4,48.47,52.1,288.73,16.999999999999986,60.29999999999999,212.80000000000004,35.630000000000024,-0.8702939222685674,-0.49253272872205434,0.0
2012-09-01,14.5,22.7,47.95,61.8,446.71,29.699999999999985,69.29999999999998,263.00000000000006,157.97999999999996,-0.8786374941610001,-0.4774894280028391,0.0
2012-09-02,2.6,23.5,48.25,34.7,492.17,31.499999999999986,70.69999999999999,278.5,45.460000000000036,-0.886721063082993,-0.46230483047981086,0.0
2012-09-03,10.9,23.1,49.11,50.0,462.45,27.999999999999986,75.0,299.80000000000007,-29.720000000000027,-0.8945422369764496,-0.4469834295196741,0.0
2012-09-04,16.1,22.2,48.33,49.0,497.88,29.599999999999987,61.099999999999994,298.70000000000005,35.43000000000001,-0.9020987014301837,-0.43152975897147144,0.0
2012-09-05,13.4,22.4,48.37,24.6,499.03,40.399999999999984,72.7,284.6,1.1499999999999773,-0.9093882203647925,-0.4159483918249421,0.0
2012-09-06,1.8,23.2,49.28,18.1,417.79,31.299999999999986,73.7,290.30000000000007,-81.23999999999995,-0.9164086366943458,-0.4002439388573056,0.0
2012-09-07,3.6,23.5,49.11,22.4,322.59,18.799999999999986,62.89999999999999,260.6,-95.20000000000005,-0.9231578729647039,-0.38442104726885545,0.0
2012-09-08,1.9,23.5,49.19,11.3,266.3,7.2999999999999865,50.3,210.10000000000002,-56.289999999999964,-0.9296339319682695,-0.3684843993077793,0.0
2012-09-09,0.7,23.4,48.53,8.7,213.29,6.199999999999986,48.39999999999999,184.10000000000002,-53.01000000000002,-0.9358348973349941,-0.35243871088460327,0.0
2012-09-10,1.8,23.1,48.35,16.7,164.96,4.399999999999986,39.3,150.80000000000004,-48.329999999999984,-0.9417589340994617,-0.33628873017668287,0.0
2012-09-11,2.7,22.9,48.65,14.4,157.85,5.199999999999986,25.899999999999995,116.20000000000003,-7.110000000000014,-0.9474042892438845,-0.32003923622313857,0.0
2012-09-12,1.5,23.2,48.21,5.5,133.9,5.999999999999986,13.999999999999993,97.10000000000002,-23.94999999999999,-0.9527692922168511,-0.30369503751065885,0.0
2012-09-13,0.2,23.6,47.45,5.1,100.86,4.399999999999986,12.399999999999993,84.10000000000002,-33.040000000000006,-0.9578523554276669,-0.28726097055059635,0.0
2012-09-14,0.1,23.3,46.76,7.1,79.17,1.7999999999999858,8.899999999999993,68.80000000000003,-21.689999999999998,-0.9626519747161487,-0.2707418984477642,0.0
2012-09-15,0.2,23.4,46.37,7.2,69.79,0.4999999999999858,7.199999999999993,64.70000000000003,-9.379999999999995,-0.9671667297977312,-0.2541427094613622,0.0
2012-09-16,0.9,23.4,46.14,7.5,68.18,1.1999999999999857,7.399999999999993,63.50000000000003,-1.6099999999999994,-0.97139528468375,-0.23746831555846842,0.0
2012-09-17,0.2,23.3,45.74,6.1,65.07,1.2999999999999858,5.799999999999993,52.90000000000003,-3.1100000000000136,-0.9753363880767837,-0.2207236509605022,0.0
2012-09-18,0.7,23.4,45.25,3.9,58.84,1.7999999999999858,3.7999999999999927,42.40000000000003,-6.22999999999999,-0.9789888737409319,-0.20391367068311472,0.0
2012-09-19,1.2,23.2,44.7,1.5,49.0,2.099999999999986,3.499999999999993,38.40000000000003,-9.840000000000003,-0.9823516608469237,-0.18704334906991657,0.0
2012-09-20,1.7,23.2,44.32,0.9,37.46,3.5999999999999854,4.999999999999993,34.200000000000024,-11.54,-0.9854237542919524,-0.17011767832049052,0.0
2012-09-21,0.6,23.0,43.86,2.9,27.84,3.4999999999999853,5.499999999999993,30.00000000000003,-9.620000000000001,-0.9882042449941422,-0.15314166701312007,0.0
2012-09-22,0.3,23.2,43.3,2.3,21.91,2.599999999999986,5.5999999999999925,25.100000000000026,-5.93,-0.9906923101615609,-0.13612033862266704,0.0
2012-09-23,0.0,22.8,42.23,0.0,19.42,0.8999999999999857,4.699999999999992,17.600000000000026,-2.4899999999999984,-0.9928872135356962,-0.11905873003404988,0.0
2012-09-24,0.0,23.2,41.19,4.1,15.79,0.2999999999999858,4.499999999999993,15.600000000000028,-3.6300000000000026,-0.994788305609327,-0.10196189005174576,0.0
2012-09-25,0.1,23.2,40.46,1.0,12.09,0.0999999999999858,3.899999999999993,12.700000000000028,-3.6999999999999993,-0.9963950238187231,-0.08483487790576538,0.0
2012-09-26,0.1,23.8,39.5,0.8,10.86,0.1999999999999858,2.7999999999999927,12.000000000000028,-1.2300000000000004,-0.9977068927101168,-0.06768276175455162,0.0
2012-09-27,0.0,24.5,38.69,1.2,10.46,0.1999999999999858,1.099999999999993,12.300000000000027,-0.3999999999999986,-0.9987235240803972,-0.050510617185222886,0.0
2012-09-28,4.7,24.1,40.1,17.6,11.45,4.799999999999986,5.199999999999993,27.00000000000003,0.9899999999999984,-0.9994446170919858,-0.033323525711631344,0.0
2012-09-29,0.6,25.1,41.94,23.5,21.86,5.299999999999986,5.499999999999993,48.20000000000003,10.41,-0.9998699583618592,-0.016126573270657762,0.0
2012-09-30,9.1,24.9,42.6,37.0,44.81,14.399999999999984,14.599999999999993,85.20000000000003,22.950000000000003,-0.9999994220246925,0.001075151282798226,0.0
2012-10-01,6.3,23.5,46.29,23.5,70.12,15.999999999999986,20.89999999999999,104.60000000000004,25.310000000000002,-0.999832969770105,0.018276557681691223,0.0
2012-10-02,10.0,23.3,47.86,12.9,93.62,25.399999999999984,30.79999999999999,116.50000000000004,23.5,-0.9993706508539969,0.03547255575312556,0.0
2012-10-03,19.1,23.4,47.86,12.1,102.75,35.399999999999984,49.8,127.80000000000004,9.129999999999995,-0.9986126020839734,0.052658056924614005,0.0
2012-10-04,1.8,23.4,45.88,11.0,106.4,30.899999999999988,51.599999999999994,137.60000000000002,3.6500000000000057,-0.9975590477788613,0.06982797572987089,0.0
2012-10-05,21.6,22.9,49.24,31.9,117.3,42.499999999999986,68.5,151.90000000000003,10.899999999999991,-0.9962102997023297,0.0869772313136861,0.0
2012-10-06,5.2,22.9,49.48,6.3,134.83,28.599999999999987,73.1,134.70000000000002,17.530000000000015,-0.9945667569706337,0.1041007489354256,0.0
2012-10-07,0.5,23.3,48.48,0.2,120.34,27.299999999999986,64.5,97.90000000000002,-14.490000000000009,-0.9926289059345095,0.121193461470736,0.0
2012-10-08,5.5,23.6,47.76,5.3,86.9,11.199999999999985,63.699999999999996,79.70000000000003,-33.44,-0.9903973200352558,0.1382503109109819,0.0
2012-10-09,0.3,24.1,47.87,25.3,70.94,6.299999999999986,54.0,92.10000000000002,-15.960000000000008,-0.9878726596350429,0.15526624985999563,0.0
2012-10-10,0.0,24.8,47.22,0.4,85.1,5.799999999999986,34.89999999999999,80.40000000000003,14.159999999999997,-0.9850556718215013,0.172236243027682,0.0
2012-10-11,0.0,25.3,45.63,2.9,74.86,0.2999999999999858,33.099999999999994,72.30000000000003,-10.239999999999995,-0.981947190186646,0.18915526872004093,0.0
2012-10-12,0.0,25.6,44.41,0.3,47.19,0.0,11.499999999999993,40.70000000000003,-27.67,-0.9785481345802031,0.20601832032517084,0.0
2012-10-13,0.0,25.4,43.14,0.0,29.9,0.0,6.299999999999993,34.400000000000034,-17.29,-0.9748595108374125,0.22282040779479959,0.0
2012-10-14,0.0,24.7,41.72,0.0,18.86,0.0,5.799999999999993,34.20000000000003,-11.04,-0.9708824104813836,0.23955655912092708,0.0
2012-10-15,0.0,24.2,40.31,0.0,13.22,0.0,0.2999999999999929,28.90000000000003,-5.639999999999999,-0.9666180104000972,0.2562218218071163,0.0
2012-10-16,0.0,24.7,39.0,0.0,11.16,0.0,0.0,3.600000000000028,-2.0600000000000005,-0.9620675724981452,0.27281126433401914,0.0
2012-10-17,0.0,24.0,37.72,0.0,10.53,0.0,0.0,3.200000000000028,-0.6300000000000008,-0.957232443323312,0.28931997761869527,0.0
2012-10-18,0.0,24.3,36.44,0.0,10.3,0.0,0.0,0.3000000000000284,-0.22999999999999865,-0.9521140536681102,0.3057430764672831,0.0
2012-10-19,0.0,24.9,35.18,0.0,10.17,0.0,0.0,0.0,-0.13000000000000078,-0.9467139181463862,0.3220757010206104,0.0
2012-10-20,3.3,23.9,34.6,1.2,10.51,3.2999999999999856,3.2999999999999927,1.2000000000000284,0.33999999999999986,-0.9410336347451197,0.3383130181923076,0.0
2012-10-21,1.9,24.1,36.11,4.8,10.94,5.199999999999985,5.199999999999992,6.000000000000028,0.4299999999999997,-0.9350748843515574,0.3544502230989869,0.0
2012-10-22,1.0,24.6,36.9,1.7,11.22,6.199999999999985,6.199999999999992,7.700000000000029,0.28000000000000114,-0.9288394302558068,0.3704825404820963,0.0
2012-10-23,0.0,25.2,36.14,0.0,11.56,2.8999999999999857,6.199999999999992,7.700000000000029,0.33999999999999986,-0.9223291176290545,0.3864052261209853,0.0
2012-10-24,0.0,24.9,34.96,0.0,10.83,0.9999999999999858,6.199999999999992,7.700000000000029,-0.7300000000000004,-0.9155458729775467,0.40221356823680365,0.0
2012-10-25,0.0,25.3,33.99,0.0,10.25,0.0,6.199999999999992,7.700000000000029,-0.5800000000000001,-0.9084917035725082,0.41790288888678667,0.0
2012-10-26,0.2,25.7,33.2,0.0,9.86,0.1999999999999858,6.399999999999992,7.700000000000029,-0.39000000000000057,-0.9011686968561569,0.4334685453485363,0.0
2012-10-27,0.0,25.9,32.47,0.0,9.72,0.1999999999999858,3.099999999999993,6.500000000000028,-0.1399999999999988,-0.8935790198239952,0.4489059314938798,0.0
2012-10-28,0.0,25.8,31.53,0.0,9.62,0.1999999999999858,1.1999999999999929,1.7000000000000284,-0.10000000000000142,-0.8857249183835637,0.4642104791518923,0.0
2012-10-29,0.0,25.7,30.6,0.0,9.52,0.0,0.1999999999999929,0.0,-0.09999999999999964,-0.8776087166898392,0.4793776594606945,0.0
2012-10-30,0.0,23.9,29.72,0.0,9.45,0.0,0.1999999999999929,0.0,-0.07000000000000028,-0.8692328164574792,0.49440298420761813,0.0
2012-10-31,0.0,24.4,28.95,0.0,9.38,0.0,0.1999999999999929,0.0,-0.06999999999999851,-0.8605996962501181,0.5092820071573356,0.0
2012-11-01,12.3,21.4,30.53,5.6,13.0,12.299999999999986,12.499999999999993,5.600000000000028,3.619999999999999,-0.8517119107469189,0.5240103253675756,0.0
2012-11-02,9.2,22.1,39.46,3.4,16.7,21.499999999999986,21.499999999999993,9.000000000000028,3.6999999999999993,-0.8425720899866032,0.5385835804920232,0.0
2012-11-03,1.2,23.4,40.42,1.5,18.72,22.699999999999985,22.699999999999992,10.500000000000028,2.0199999999999996,-0.8331829385891785,0.5529974600700271,0.0
2012-11-04,0.0,24.6,39.43,0.4,15.56,10.399999999999984,22.699999999999992,10.900000000000029,-3.1599999999999984,-0.8235472349556007,0.5672476988027229,0.0
2012-11-05,0.0,24.2,38.2,2.6,13.76,1.1999999999999857,22.699999999999992,13.500000000000028,-1.8000000000000007,-0.8136678304455991,0.5813300798152042,0.0
2012-11-06,0.0,25.4,37.1,1.9,12.71,0.0,22.699999999999992,15.400000000000027,-1.049999999999999,-0.8035476485339116,0.5952404359043674,0.0
2012-11-07,0.3,25.0,36.05,0.1,12.21,0.2999999999999858,22.999999999999993,15.500000000000028,-0.5,-0.7931896839451843,0.6089746507720486,0.0
2012-11-08,0.3,24.9,35.36,0.4,11.97,0.5999999999999858,10.999999999999993,10.30000000000003,-0.2400000000000002,-0.7825970017677834,0.6225286602431057,0.0
2012-11-09,0.1,24.8,34.55,0.0,11.82,0.6999999999999857,1.8999999999999928,6.900000000000028,-0.15000000000000036,-0.7717727365467836,0.6358984534680745,0.0
2012-11-10,0.0,24.7,33.8,0.3,11.71,0.3999999999999858,0.6999999999999929,5.700000000000029,-0.10999999999999943,-0.7607200913564104,0.6490800741100398,0.0
2012-11-11,1.4,24.6,33.45,0.0,11.71,1.4999999999999858,2.0999999999999925,5.300000000000028,0.0,-0.7494423368521954,0.6620696215153815,0.0
2012-11-12,0.1,23.8,33.07,0.0,11.68,1.4999999999999858,2.1999999999999926,2.700000000000028,-0.030000000000001137,-0.7379428103031386,0.6748632518680403,0.0
2012-11-13,0.0,24.5,32.47,0.0,11.56,1.4999999999999858,2.1999999999999926,0.8000000000000285,-0.11999999999999922,-0.7262249146041543,0.6874571793269664,0.0
2012-11-14,0.0,24.1,31.61,0.0,10.75,0.0999999999999858,1.8999999999999928,0.7000000000000284,-0.8100000000000005,-0.7142921172691032,0.699847677146407,0.0
2012-11-15,0.0,22.9,30.62,0.0,9.64,0.0,1.599999999999993,0.3000000000000284,-1.1099999999999994,-0.7021479494046978,0.7120310787787131,0.0
2012-11-16,0.0,22.4,29.75,0.0,9.23,0.0,1.499999999999993,0.3000000000000284,-0.41000000000000014,-0.6897960046655887,0.7240037789593305,0.0
2012-11-17,0.0,21.3,28.99,0.0,9.12,0.0,1.499999999999993,0.0,-0.11000000000000121,-0.6772399381909491,0.7357622347736527,0.0
2012-11-18,0.0,21.0,28.33,0.0,9.07,0.0,0.0999999999999929,0.0,-0.049999999999998934,-0.6644834655228552,0.7473029667054296,0.0
2012-11-19,0.0,21.6,27.77,0.0,9.07,0.0,0.0,0.0,0.0,-0.6515303615068021,0.75862255966641,0.0
2012-11-20,0.0,21.9,27.32,0.0,9.07,0.0,0.0,0.0,0.0,-0.6383844591746642,0.7697176640069211,0.0
2012-11-21,0.0,23.3,26.9,0.0,9.05,0.0,0.0,0.0,-0.019999999999999574,-0.6250496486104377,0.7805849965070866,0.0
2012-11-22,0.0,24.8,26.56,0.0,9.0,0.0,0.0,0.0,-0.05000000000000071,-0.6115298757991053,0.7912213413483807,0.0
2012-11-23,0.0,25.5,26.31,0.0,8.98,0.0,0.0,0.0,-0.019999999999999574,-0.5978291414589552,0.801623551065242,0.0
2012-11-24,0.0,25.9,26.15,0.0,8.95,0.0,0.0,0.0,-0.030000000000001137,-0.5839514998576998,0.8117885474764613,0.0
2012-11-25,0.0,26.6,25.95,0.0,8.93,0.0,0.0,0.0,-0.019999999999999574,-0.5699010576127624,0.8217133225960589,0.0
2012-11-26,0.0,25.9,25.78,0.0,8.91,0.0,0.0,0.0,-0.019999999999999574,-0.5556819724760489,0.8313949395234058,0.0
2012-11-27,0.0,25.2,25.68,0.0,8.89,0.0,0.0,0.0,-0.019999999999999574,-0.5412984521036173,0.8408305333122887,0.0
2012-11-28,0.0,25.5,25.55,0.0,8.86,0.0,0.0,0.0,-0.030000000000001137,-0.5267547528105542,0.8500173118187018,0.0
2012-11-29,0.0,25.0,25.43,0.0,8.79,0.0,0.0,0.0,-0.07000000000000028,-0.5120551783114646,0.8589525565270845,0.0
2012-11-30,0.0,25.0,25.31,0.0,8.75,0.0,0.0,0.0,-0.03999999999999915,-0.4972040784469378,0.8676336233547726,0.0
2012-12-01,0.0,24.6,25.21,0.0,8.71,0.0,0.0,0.0,-0.03999999999999915,-0.4822058478963526,0.8760579434344281,0.0
2012-12-02,0.0,25.1,25.1,0.0,8.64,0.0,0.0,0.0,-0.07000000000000028,-0.46706492487743034,0.8842230238742036,0.0
2012-12-03,0.0,24.9,25.03,0.0,8.59,0.0,0.0,0.0,-0.05000000000000071,-0.451785789832884,0.8921264484954345,0.0
2012-12-04,0.0,25.3,24.95,0.0,8.57,0.0,0.0,0.0,-0.019999999999999574,-0.4363729641045924,0.8997658785476209,0.0
2012-12-05,0.0,25.7,24.93,0.0,8.55,0.0,0.0,0.0,-0.019999999999999574,-0.42083100859565564,0.9071390534005044,0.0
2012-12-06,0.0,26.0,24.98,0.0,8.57,0.0,0.0,0.0,0.019999999999999574,-0.4051645224207563,0.9142437912130223,0.0
2012-12-07,0.0,26.0,24.91,0.0,8.53,0.0,0.0,0.0,-0.040000000000000924,-0.3893781415452015,0.9210779895789526,0.0
2012-12-08,0.0,25.5,24.8,0.0,8.46,0.0,0.0,0.0,-0.06999999999999851,-0.37347653741307074,0.9276396261490467,0.0
2012-12-09,0.0,26.1,24.7,0.0,8.4,0.0,0.0,0.0,-0.0600000000000005,-0.3574644155648614,0.9339267592294762,0.0
2012-12-10,0.0,25.9,24.63,0.0,8.38,0.0,0.0,0.0,-0.019999999999999574,-0.34134651424503615,0.9399375283564133,0.0
2012-12-11,0.0,25.0,24.55,0.0,8.35,0.0,0.0,0.0,-0.030000000000001137,-0.3251276029999093,0.9456701548465688,0.0
2012-12-12,0.0,23.7,24.49,0.0,8.35,0.0,0.0,0.0,0.0,-0.30881248126625377,0.9511229423235357,0.0
2012-12-13,0.0,23.0,24.43,0.0,8.35,0.0,0.0,0.0,0.0,-0.29240597695107734,0.9562942772197719,0.0
2012-12-14,0.0,23.0,24.39,0.0,8.31,0.0,0.0,0.0,-0.03999999999999915,-0.27591294500296043,0.9611826292540837,0.0
2012-12-15,0.0,24.3,24.34,0.0,8.27,0.0,0.0,0.0,-0.040000000000000924,-0.2593382659754056,0.9657865518844574,0.0
2012-12-16,0.0,23.6,24.28,0.0,8.23,0.0,0.0,0.0,-0.03999999999999915,-0.2426868445825954,0.9701046827361175,0.0
2012-12-17,0.0,23.6,24.24,0.0,8.2,0.0,0.0,0.0,-0.030000000000001137,-0.22596360824801906,0.974135744004672,0.0
2012-12-18,0.0,23.5,24.2,0.0,8.18,0.0,0.0,0.0,-0.019999999999999574,-0.20917350564635637,0.9778785428342386,0.0
2012-12-19,0.0,22.8,24.18,0.0,8.18,0.0,0.0,0.0,0.0,-0.19232150523909483,0.9813319716704275,0.0
2012-12-20,0.0,22.9,24.13,0.0,8.16,0.0,0.0,0.0,-0.019999999999999574,-0.17541259380427843,0.9844950085880858,0.0
2012-12-21,0.0,23.7,24.1,0.0,8.14,0.0,0.0,0.0,-0.019999999999999574,-0.15845177496083632,0.9873667175937016,0.0
2012-12-22,0.0,24.0,24.08,0.0,8.1,0.0,0.0,0.0,-0.040000000000000924,-0.14144406768794202,0.9899462489023779,0.0
2012-12-23,0.0,23.9,24.05,0.0,8.1,0.0,0.0,0.0,0.0,-0.12439450483979998,0.9922328391893008,0.0
2012-12-24,0.0,24.1,24.02,0.0,8.06,0.0,0.0,0.0,-0.03999999999999915,-0.10730813165636247,0.9942258118156161,0.0
2012-12-25,0.0,23.6,23.98,0.0,8.06,0.0,0.0,0.0,0.0,-0.09019000427034513,0.9959245770286599,0.0
2012-12-26,0.0,22.7,23.95,0.0,8.04,0.0,0.0,0.0,-0.02000000000000135,-0.07304518821104743,0.9973286321364752,0.0
2012-12-27,0.0,22.0,23.93,0.0,8.04,0.0,0.0,0.0,0.0,-0.05587875690537313,0.9984375616565666,0.0
2012-12-28,0.0,22.3,23.9,0.0,7.99,0.0,0.0,0.0,-0.049999999999998934,-0.03869579017652689,0.9992510374388481,0.0
2012-12-29,0.0,23.6,23.88,0.0,7.93,0.0,0.0,0.0,-0.0600000000000005,-0.021501372740813793,0.999768818762748,0.0
2012-12-30,0.2,24.5,23.94,0.0,7.97,0.1999999999999858,0.1999999999999929,0.0,0.040000000000000036,-0.004300592702981974,0.9999907524084426,0.0
2012-12-31,3.3,25.0,24.47,0.1,8.23,3.499999999999986,3.499999999999993,0.10000000000002843,0.2600000000000007,0.012901459949419653,0.9999167727021953,0.0
2013-01-01,0.7,25.1,25.88,0.0,8.23,4.199999999999986,4.199999999999993,0.10000000000002843,0.0,0.017201575418260506,0.9998520419557735,0.0
2013-01-02,0.0,25.6,25.64,0.0,8.1,3.999999999999986,4.199999999999993,0.10000000000002843,-0.13000000000000078,0.03439806061360801,0.9994082116062598,0.0
2013-01-03,0.0,25.8,25.11,0.0,7.95,0.6999999999999857,4.199999999999993,0.10000000000002843,-0.14999999999999947,0.051584366869408364,0.9986686402879997,0.0
2013-01-04,0.0,25.0,24.59,0.0,7.83,0.0,4.199999999999993,0.10000000000002843,-0.1200000000000001,0.06875540848113941,0.9976335468520451,0.0
2013-01-05,0.0,23.9,24.24,0.0,7.71,0.0,4.199999999999993,0.10000000000002843,-0.1200000000000001,0.08590610426133272,0.9963032375991965,0.0
2013-01-06,0.0,22.8,23.99,0.0,7.69,0.0,3.999999999999993,0.10000000000002843,-0.019999999999999574,0.10303137904317879,0.9946781061893646,0.0
2013-01-07,0.0,22.8,23.84,0.0,7.71,0.0,0.6999999999999929,0.0,0.019999999999999574,0.1201261651823505,0.9927586335250793,0.0
2013-01-08,0.0,23.3,23.75,0.0,7.73,0.0,0.0,0.0,0.020000000000000462,0.13718540405660057,0.9905453876091833,0.0
2013-01-09,0.0,24.2,23.68,0.0,7.65,0.0,0.0,0.0,-0.08000000000000007,0.1542040475626894,0.988039023376751,0.0
2013-01-10,0.0,24.7,23.65,0.0,6.78,0.0,0.0,0.0,-0.8700000000000001,0.17117705961019986,0.985240282501282,0.0
2013-01-11,0.0,24.2,23.62,0.0,5.92,0.0,0.0,0.0,-0.8600000000000003,0.18809941761179758,0.9821499931752291,0.0
2013-01-12,0.0,23.5,23.58,0.0,5.58,0.0,0.0,0.0,-0.33999999999999986,0.20496611396949532,0.9787690698649216,0.0
2013-01-13,0.0,23.6,23.58,0.0,5.3,0.0,0.0,0.0,-0.28000000000000025,0.22177215755648186,0.975098513039961,0.0
2013-01-14,0.0,24.3,23.53,0.0,4.94,0.0,0.0,0.0,-0.35999999999999943,0.23851257519407648,0.9711394088771653,0.0
2013-01-15,0.0,24.5,23.5,0.0,4.55,0.0,0.0,0.0,-0.39000000000000057,0.2551824131233728,0.9668929289391521,0.0
2013-01-16,0.0,24.5,23.5,0.0,4.04,0.0,0.0,0.0,-0.5099999999999998,0.2717767384711357,0.9623603298276545,0.0
2013-01-17,0.0,23.5,23.47,0.0,3.41,0.0,0.0,0.0,-0.6299999999999999,0.2882906407095177,0.9575429528116719,0.0
2013-01-18,0.0,23.2,23.45,0.0,2.97,0.0,0.0,0.0,-0.43999999999999995,0.3047192331091634,0.9524422234305676,0.0
2013-01-19,0.0,22.7,23.45,0.0,2.52,0.0,0.0,0.0,-0.4500000000000002,0.321057654185271,0.9470596510722283,0.0
2013-01-20,0.0,22.9,23.43,0.0,2.69,0.0,0.0,0.0,0.16999999999999993,0.3373010691361842,0.9413968285264122,0.0
2013-01-21,0.0,24.0,23.4,0.0,3.35,0.0,0.0,0.0,0.6600000000000001,0.3534446712740877,0.9354554315134164,0.0
2013-01-22,0.0,23.8,23.4,0.0,3.38,0.0,0.0,0.0,0.029999999999999805,0.3694836834473831,0.9292372181882051,0.0
2013-01-23,0.0,24.1,23.4,0.0,3.21,0.0,0.0,0.0,-0.16999999999999993,0.38541335945432564,0.9227440286201427,0.0
2013-01-24,0.0,23.9,23.38,0.0,3.02,0.0,0.0,0.0,-0.18999999999999995,0.4012289854475009,0.9159777842484877,0.0
2013-01-25,0.0,24.1,23.35,0.0,2.75,0.0,0.0,0.0,-0.27,0.4169258813287287,0.908940487313808,0.0
2013-01-26,0.0,24.2,23.35,0.0,2.6,0.0,0.0,0.0,-0.1499999999999999,0.4324994021339788,0.901634220265486,0.0
2013-01-27,0.0,24.2,23.35,0.0,2.75,0.0,0.0,0.0,0.1499999999999999,0.44794493940789115,0.8940611451454876,0.0
2013-01-28,0.0,24.4,23.34,0.0,3.0,0.0,0.0,0.0,0.25,0.4632579225674917,0.88622350294858,0.0
2013-01-29,0.0,24.0,23.3,0.0,3.07,0.0,0.0,0.0,0.06999999999999984,0.4784338202547012,0.8781236129591848,0.0
2013-01-30,0.0,24.0,23.3,0.0,3.61,0.0,0.0,0.0,0.54,0.49346814167723735,0.8697638720650646,0.0
2013-01-31,0.0,24.4,23.3,0.0,4.31,0.0,0.0,0.0,0.6999999999999997,0.5083564379375122,0.8611467540480452,0.0
2013-02-01,0.0,25.1,23.3,0.0,4.6,0.0,0.0,0.0,0.29000000000000004,0.5230943033491326,0.8522748088519838,0.0
2013-02-02,0.0,25.2,23.3,0.0,4.6,0.0,0.0,0.0,0.0,0.5376773767406141,0.8431506618282,0.0
2013-02-03,0.0,25.6,23.27,0.0,4.37,0.0,0.0,0.0,-0.22999999999999954,0.5521013427459208,0.8337770129585915,0.0
2013-02-04,0.0,25.0,23.25,0.0,4.19,0.0,0.0,0.0,-0.17999999999999972,0.5663619330814524,0.8241566360566663,0.0
2013-02-05,0.0,23.9,23.25,0.0,4.47,0.0,0.0,0.0,0.27999999999999936,0.580454927809098,0.8142923779467267,0.0
2013-02-06,0.1,23.9,23.27,0.0,4.94,0.0999999999999858,0.0999999999999929,0.0,0.47000000000000064,0.5943761565849831,0.804187157621448,0.0
2013-02-07,0.0,24.2,23.32,0.0,5.25,0.0999999999999858,0.0999999999999929,0.0,0.3099999999999996,0.6081214998935418,0.7938439653781019,0.0
2013-02-08,0.0,23.5,23.31,0.0,5.41,0.0999999999999858,0.0999999999999929,0.0,0.16000000000000014,0.6216868902665479,0.7832658619336791,0.0
2013-02-09,0.0,24.3,23.24,0.0,5.25,0.0,0.0999999999999929,0.0,-0.16000000000000014,0.6350683134867438,0.7724559775191742,0.0
2013-02-10,0.0,26.1,23.21,0.4,4.94,0.0,0.0999999999999929,0.40000000000002844,-0.3099999999999996,0.6482618097757122,0.7614175109532997,0.0
2013-02-11,0.0,27.0,23.22,0.0,4.81,0.0,0.0999999999999929,0.40000000000002844,-0.13000000000000078,0.6612634749656386,0.7501537286959042,0.0
2013-02-12,0.0,26.8,23.2,0.0,4.78,0.0,0.0999999999999929,0.40000000000002844,-0.02999999999999936,0.6740694616546161,0.7386679638813748,0.0
2013-02-13,0.0,26.8,23.2,0.0,4.78,0.0,0.0,0.40000000000002844,0.0,0.6866759803451553,0.726963615332308,0.0
2013-02-14,0.0,27.1,23.2,0.0,4.78,0.0,0.0,0.40000000000002844,0.0,0.6990793005655562,0.7150441465537444,0.0
2013-02-15,0.2,25.2,23.34,2.2,5.03,0.1999999999999858,0.1999999999999929,2.6000000000000285,0.25,0.7112757519738152,0.7029130847082615,0.0
2013-02-16,0.0,24.1,23.52,0.8,5.5,0.1999999999999858,0.1999999999999929,3.4000000000000288,0.46999999999999975,0.7232617254437388,0.6905740195722293,0.0
2013-02-17,0.0,22.9,23.39,0.0,5.37,0.1999999999999858,0.1999999999999929,3.0000000000000284,-0.1299999999999999,0.7350336741329413,0.6780306024735382,0.0
2013-02-18,0.0,23.2,23.28,0.0,4.94,0.0,0.1999999999999929,3.0000000000000284,-0.4299999999999997,0.746588114532413,0.6652865452111116,0.0
2013-02-19,0.0,24.5,23.22,0.0,4.85,0.0,0.1999999999999929,3.0000000000000284,-0.09000000000000075,0.7579216274973472,0.6523456189565257,0.0
2013-02-20,0.0,26.2,23.18,0.0,4.94,0.0,0.1999999999999929,3.0000000000000284,0.09000000000000075,0.7690308592589181,0.6392116531380588,0.0
2013-02-21,0.0,26.8,23.15,0.0,5.03,0.0,0.1999999999999929,3.0000000000000284,0.08999999999999986,0.7799125224167177,0.6258885343075018,0.0
2013-02-22,0.0,27.1,23.16,0.0,5.03,0.0,0.0,0.8000000000000285,0.0,0.7905633969115482,0.612380204990065,0.0
2013-02-23,0.0,27.0,23.17,0.0,5.07,0.0,0.0,0.0,0.040000000000000036,0.8009803309782905,0.5986906625177214,0.0
2013-02-24,0.0,26.6,23.15,0.0,4.97,0.0,0.0,0.0,-0.10000000000000053,0.8111602420785621,0.5848239578463322,0.0
2013-02-25,0.0,26.6,23.15,0.2,4.87,0.0,0.0,0.20000000000002843,-0.09999999999999964,0.8211001178128892,0.5707841943569036,0.0
2013-02-26,0.0,26.3,23.11,0.0,4.94,0.0,0.0,0.20000000000002843,0.07000000000000028,0.8307970168121247,0.5565755266413303,0.0
2013-02-27,0.0,26.1,23.1,0.0,4.87,0.0,0.0,0.20000000000002843,-0.07000000000000028,0.8402480696078469,0.5422021592729844,0.0
2013-02-28,0.0,26.7,23.1,0.0,4.56,0.0,0.0,0.20000000000002843,-0.3100000000000005,0.8494504794814806,0.527668345562516,0.0
2013-03-01,0.0,27.7,23.1,0.0,4.37,0.0,0.0,0.20000000000002843,-0.1899999999999995,0.8584015232918917,0.512978386299228,0.0
2013-03-02,0.0,27.5,23.1,0.0,4.5,0.0,0.0,0.20000000000002843,0.1299999999999999,0.8670985522812081,0.4981366284784055,0.0
2013-03-03,0.0,26.9,23.1,0.0,4.6,0.0,0.0,0.20000000000002843,0.09999999999999964,0.8755389928586302,0.4831474640149687,0.0
2013-03-04,0.0,26.6,23.1,0.0,4.5,0.0,0.0,0.0,-0.09999999999999964,0.8837203473619977,0.4680153284438345,0.0
2013-03-05,0.0,27.6,23.1,0.0,4.43,0.0,0.0,0.0,-0.07000000000000028,0.8916401947968874,0.45274469960737107,0.0
2013-03-06,0.0,27.3,23.1,0.0,4.22,0.0,0.0,0.0,-0.20999999999999996,0.8992961915530253,0.4373400963303323,0.0
2013-03-07,0.0,27.7,23.1,0.0,3.94,0.0,0.0,0.0,-0.2799999999999998,0.9066860720977985,0.4218060770826634,0.0
2013-03-08,0.0,28.0,23.1,0.0,4.25,0.0,0.0,0.0,0.31000000000000005,0.9138076496466615,0.4061472386305789,0.0
2013-03-09,0.0,28.5,23.1,0.0,4.62,0.0,0.0,0.0,0.3700000000000001,0.9206588168102428,0.3903682146763026,0.0
2013-03-10,0.0,28.4,23.1,0.0,4.6,0.0,0.0,0.0,-0.020000000000000462,0.9272375462179537,0.374473674486883,0.0
2013-03-11,0.0,27.8,23.08,0.0,4.56,0.0,0.0,0.0,-0.040000000000000036,0.9335418911179212,0.35846832151248087,0.0
2013-03-12,0.0,27.2,23.05,0.0,4.5,0.0,0.0,0.0,-0.05999999999999961,0.9395699859530622,0.342356891994542,0.0
2013-03-13,0.0,27.3,23.05,0.0,4.22,0.0,0.0,0.0,-0.28000000000000025,0.945320046913132,0.3261441535642696,0.0
2013-03-14,0.0,27.1,23.05,0.0,4.09,0.0,0.0,0.0,-0.1299999999999999,0.9507903724625832,0.3098349038318025,0.0
2013-03-15,0.7,28.0,23.13,0.0,4.13,0.6999999999999857,0.6999999999999929,0.0,0.040000000000000036,0.9559793438440766,0.2934339689665273,0.0
2013-03-16,0.3,27.7,23.5,0.0,4.25,0.9999999999999858,0.9999999999999929,0.0,0.1200000000000001,0.9608854255574977,0.27694620226893646,0.0
2013-03-17,0.0,27.8,23.31,0.0,4.41,0.9999999999999858,0.9999999999999929,0.0,0.16000000000000014,0.9655071658143364,0.2603764827344581,0.0
2013-03-18,0.0,27.9,23.15,0.0,4.35,0.2999999999999858,0.9999999999999929,0.0,-0.0600000000000005,0.969843196967294,0.24372971360968387,0.0
2013-03-19,0.0,28.0,23.08,0.0,4.13,0.0,0.9999999999999929,0.0,-0.21999999999999975,0.9738922359149924,0.22701082094141847,0.0
2013-03-20,0.0,28.3,23.05,0.0,3.66,0.0,0.9999999999999929,0.0,-0.46999999999999975,0.9776530844816641,0.2102247521189836,0.0
2013-03-21,0.0,28.2,23.05,0.0,3.06,0.0,0.9999999999999929,0.0,-0.6000000000000001,0.981124629771712,0.19337647441020586,0.0
2013-03-22,0.0,27.5,23.05,0.0,2.4,0.0,0.2999999999999929,0.0,-0.6600000000000001,0.984305844499033,0.17647097349152166,0.0
2013-03-23,0.0,26.8,23.05,0.0,1.65,0.0,0.0,0.0,-0.75,0.9871957872910085,0.15951325197263655,0.0
2013-03-24,0.0,27.8,23.05,0.0,0.78,0.0,0.0,0.0,-0.8699999999999999,0.9897936029670716,0.14250832791617088,0.0
2013-03-25,0.0,28.8,23.05,0.1,0.44,0.0,0.0,0.10000000000002843,-0.34,0.992098522791769,0.12546123335273648,0.0
2013-03-26,0.0,27.7,23.02,0.0,0.5,0.0,0.0,0.10000000000002843,0.06,0.9941098647022418,0.10837701279187609,0.0
2013-03-27,0.0,28.1,23.03,0.0,0.47,0.0,0.0,0.10000000000002843,-0.030000000000000027,0.9958270335100595,0.09126072172931188,0.0
2013-03-28,0.0,28.0,23.0,0.0,0.47,0.0,0.0,0.10000000000002843,0.0,0.9972495210773451,0.07411742515094437,0.0
2013-03-29,0.0,28.2,23.0,0.0,0.47,0.0,0.0,0.10000000000002843,0.0,0.998376906467142,0.056952196034039754,0.0
2013-03-30,0.0,28.6,23.0,0.0,0.47,0.0,0.0,0.10000000000002843,0.0,0.9992088560679753,0.03977011384605572,0.0
2013-03-31,0.0,29.0,23.0,0.0,0.47,0.0,0.0,0.10000000000002843,0.0,0.9997451236925734,0.022576263041545485,0.0
2013-04-01,0.0,27.9,23.0,0.0,0.47,0.0,0.0,0.0,0.0,0.9999855506507186,0.005375731557583884,0.0
2013-04-02,0.3,27.3,23.05,0.0,0.5,0.2999999999999858,0.2999999999999929,0.0,0.030000000000000027,0.9999300657962057,-0.011826390691832589,0.0
2013-04-03,0.0,27.9,23.1,0.0,0.47,0.2999999999999858,0.2999999999999929,0.0,-0.030000000000000027,0.9995786855478958,-0.029025013321975237,0.0
2013-04-04,0.0,28.3,23.02,0.0,0.47,0.2999999999999858,0.2999999999999929,0.0,0.0,0.9989315138848577,-0.046215046983708354,0.0
2013-04-05,0.0,28.4,23.0,0.0,0.47,0.0,0.2999999999999929,0.0,0.0,0.9979887423155984,-0.06339140486951038,0.0
2013-04-06,0.0,28.3,23.0,0.0,0.47,0.0,0.2999999999999929,0.0,0.0,0.9967506498213929,-0.08054900421874167,0.0
2013-04-07,0.0,28.4,23.0,0.0,0.47,0.0,0.2999999999999929,0.0,0.0,0.9952176027737294,-0.09768276782171598,0.0
2013-04-08,0.0,29.5,22.96,0.0,0.47,0.0,0.2999999999999929,0.0,0.0,0.9933900548258936,-0.11478762552212701,0.0
2013-04-09,0.0,29.6,22.95,0.0,0.47,0.0,0.0,0.0,0.0,0.9912685467787256,-0.13185851571739118,0.0
2013-04-10,0.0,28.4,22.95,0.0,0.47,0.0,0.0,0.0,0.0,0.9888537064205885,-0.1488903868564548,0.0
2013-04-11,0.0,29.0,22.95,0.0,0.47,0.0,0.0,0.0,0.0,0.986146248341595,-0.16587819893463143,0.0
2013-04-12,0.0,30.9,22.95,0.0,0.47,0.0,0.0,0.0,0.0,0.9831469737221499,-0.1828169249850199,0.0
2013-04-13,0.0,31.0,22.95,0.0,0.44,0.0,0.0,0.0,-0.02999999999999997,0.9798567700958665,-0.1997015525660636,0.0
2013-04-14,0.0,29.4,22.95,0.0,0.44,0.0,0.0,0.0,0.0,0.9762766110869321,-0.21652708524481437,0.0
2013-04-15,0.0,28.6,22.95,0.0,0.44,0.0,0.0,0.0,0.0,0.9724075561219968,-0.23328854407545518,0.0
2013-04-16,0.0,26.9,22.95,0.0,0.44,0.0,0.0,0.0,0.0,0.9682507501166718,-0.2499809690726521,0.0
2013-04-17,0.0,25.9,22.95,0.0,0.44,0.0,0.0,0.0,0.0,0.9638074231367307,-0.26659942067929354,0.0
2013-04-18,0.0,25.6,22.95,0.0,0.44,0.0,0.0,0.0,0.0,0.9590788900341131,-0.28313898122818354,0.0
2013-04-19,0.0,25.7,22.95,0.0,0.44,0.0,0.0,0.0,0.0,0.9540665500578387,-0.2995947563972602,0.0
2013-04-20,0.0,26.1,22.93,0.0,0.44,0.0,0.0,0.0,0.0,0.9487718864399473,-0.31596187665790293,0.0
2013-04-21,0.0,26.6,22.9,0.0,0.44,0.0,0.0,0.0,0.0,0.9431964659565866,-0.33223549871590435,0.0
2013-04-22,0.0,27.5,22.9,0.0,0.41,0.0,0.0,0.0,-0.030000000000000027,0.9373419384643772,-0.3484108069446808,0.0
2013-04-23,0.0,28.4,22.9,0.0,0.41,0.0,0.0,0.0,0.0,0.9312100364121947,-0.3644830148102912,0.0
2013-04-24,0.0,29.4,22.9,0.0,0.41,0.0,0.0,0.0,0.0,0.9248025743285089,-0.38044736628785164,0.0
2013-04-25,2.3,29.2,23.35,0.7,0.47,2.2999999999999856,2.2999999999999927,0.7000000000000284,0.06,0.9181214482844364,-0.39629913726891813,0.0
2013-04-26,0.0,29.1,23.99,1.1,0.47,2.2999999999999856,2.2999999999999927,1.8000000000000285,0.0,0.9111686353326631,-0.41203363695942635,0.0
2013-04-27,0.0,30.0,23.64,0.2,0.44,2.2999999999999856,2.2999999999999927,2.0000000000000284,-0.02999999999999997,0.9039461929224011,-0.42764620926777464,0.0
2013-04-28,0.0,29.2,23.32,0.0,0.44,0.0,2.2999999999999927,2.0000000000000284,0.0,0.8964562582905575,-0.44313223418263453,0.0
2013-04-29,0.0,29.1,23.12,0.0,0.44,0.0,2.2999999999999927,2.0000000000000284,0.0,0.8887010478292915,-0.45848712914008766,0.0
2013-04-30,0.0,31.2,23.0,0.0,0.44,0.0,2.2999999999999927,2.0000000000000284,0.0,0.8806828564301475,-0.47370635037968,0.0
2013-05-01,1.3,31.2,23.24,0.4,0.44,1.2999999999999858,3.5999999999999925,2.4000000000000283,0.0,0.8724040568049612,-0.48878539428899265,0.0
2013-05-02,0.2,29.9,23.57,0.0,0.44,1.4999999999999858,1.499999999999993,1.7000000000000286,0.0,0.8638670987837349,-0.503719798736334,0.0
2013-05-03,0.0,28.8,23.27,0.0,0.44,1.4999999999999858,1.499999999999993,0.6000000000000285,0.0,0.8550745085896932,-0.518505144391157,0.0
2013-05-04,0.0,27.9,23.01,0.0,0.41,0.1999999999999858,1.499999999999993,0.40000000000002844,-0.030000000000000027,0.8460288880917339,-0.533137056031809,0.0
2013-05-05,0.0,28.8,22.9,0.0,0.41,0.0,1.499999999999993,0.40000000000002844,0.0,0.8367329140344921,-0.5476112038402312,0.0
2013-05-06,0.0,28.2,22.86,0.0,0.41,0.0,1.499999999999993,0.40000000000002844,0.0,0.8271893372462497,-0.5619233046832195,0.0
2013-05-07,0.0,27.8,22.85,0.0,0.41,0.0,1.499999999999993,0.40000000000002844,0.0,0.8174009818249189,-0.5760691233798758,0.0
2013-05-08,0.0,28.3,22.85,0.0,0.41,0.0,0.1999999999999929,0.0,0.0,0.8073707443023492,-0.5900444739548627,0.0
2013-05-09,0.2,28.6,22.88,0.0,0.37,0.1999999999999858,0.1999999999999929,0.0,-0.03999999999999998,0.7971015927871943,-0.6038452208771035,0.0
2013-05-10,0.0,28.5,22.92,0.0,0.37,0.1999999999999858,0.1999999999999929,0.0,0.0,0.7865965660866021,-0.6174672802835514,0.0
2013-05-11,0.3,28.6,22.93,0.0,0.37,0.4999999999999858,0.4999999999999929,0.0,0.0,0.7758587728069828,-0.6309066211876704,0.0
2013-05-12,0.0,28.7,22.95,0.0,0.37,0.2999999999999858,0.4999999999999929,0.0,0.0,0.7648913904341225,-0.6441592666722685,0.0
2013-05-13,0.0,28.1,22.88,0.0,0.37,0.2999999999999858,0.4999999999999929,0.0,0.0,0.753697664392914,-0.6572212950663319,0.0
2013-05-14,0.0,27.5,22.85,0.0,0.37,0.0,0.4999999999999929,0.0,0.0,0.742280907086982,-0.6700888411055113,0.0
2013-05-15,0.2,27.3,22.88,0.0,0.41,0.1999999999999858,0.6999999999999929,0.0,0.03999999999999998,0.7306444969184916,-0.6827580970759147,0.0
2013-05-16,0.0,25.5,22.95,0.0,1.16,0.1999999999999858,0.4999999999999929,0.0,0.75,0.7187918772884232,-0.6952253139408722,0.0
2013-05-17,0.0,27.7,22.9,0.0,2.25,0.1999999999999858,0.4999999999999929,0.0,1.09,0.7067265555776158,-0.7074868024503348,0.0
2013-05-18,0.0,28.5,22.87,0.0,1.88,0.0,0.1999999999999929,0.0,-0.3700000000000001,0.6944521021088763,-0.719538934232584,0.0
2013-05-19,0.0,28.9,22.82,0.0,1.81,0.0,0.1999999999999929,0.0,-0.06999999999999984,0.6819721490904629,-0.7313781428679254,0.0
2013-05-20,0.1,28.6,22.92,0.5,2.4,0.0999999999999858,0.29999999999999294,0.5000000000000284,0.5899999999999999,0.6692903895412567,-0.7430009249440493,0.0
2013-05-21,0.0,28.6,23.0,0.3,2.66,0.0999999999999858,0.29999999999999294,0.8000000000000285,0.26000000000000023,0.6564105761979381,-0.7544038410927472,0.0
2013-05-22,0.0,27.9,22.89,0.0,2.81,0.0999999999999858,0.0999999999999929,0.8000000000000285,0.1499999999999999,0.6433365204044917,-0.765583517007675,0.0
2013-05-23,0.0,27.9,22.85,0.0,3.16,0.0,0.0999999999999929,0.8000000000000285,0.3500000000000001,0.6300720909843687,-0.7765366444428655,0.0
2013-05-24,0.0,27.6,22.83,0.1,3.29,0.0,0.0999999999999929,0.9000000000000284,0.1299999999999999,0.6166212130956382,-0.7872599821916922,0.0
2013-05-25,0.0,28.0,22.86,1.1,3.22,0.0,0.0999999999999929,2.0000000000000284,-0.06999999999999984,0.6029878670694714,-0.7977503570459932,0.0
2013-05-26,0.5,27.9,23.0,2.4,3.22,0.4999999999999858,0.5999999999999929,4.400000000000029,0.0,0.5891760872322963,-0.8080046647350754,0.0
2013-05-27,0.4,27.4,23.46,2.2,3.47,0.8999999999999858,0.8999999999999929,6.100000000000028,0.25,0.5751899607119775,-0.8180198708443174,0.0
2013-05-28,1.1,26.6,24.05,7.3,3.84,1.9999999999999858,1.999999999999993,13.10000000000003,0.36999999999999966,0.5610336262283677,-0.8277930117131022,0.0
2013-05-29,1.8,26.5,24.85,9.4,4.25,3.2999999999999856,3.7999999999999927,22.50000000000003,0.41000000000000014,0.5467112728685939,-0.8373211953118121,0.0
2013-05-30,0.3,27.3,25.12,2.3,4.6,3.199999999999986,4.0999999999999925,24.80000000000003,0.34999999999999964,0.5322271388474397,-0.8466016020976267,0.0
2013-05-31,0.0,27.5,24.59,0.0,4.56,2.099999999999986,4.0999999999999925,24.700000000000028,-0.040000000000000036,0.5175855102531889,-0.8556314858488706,0.0
2013-06-01,0.2,26.5,24.1,13.8,4.69,0.4999999999999858,4.299999999999993,37.400000000000034,0.13000000000000078,0.5027907197793043,-0.8644081744776648,0.0
2013-06-02,7.1,25.5,26.02,9.7,6.59,7.299999999999986,10.899999999999991,44.70000000000003,1.8999999999999995,0.4878471454423119,-0.8729290708206411,0.0
2013-06-03,9.6,24.5,32.12,27.0,9.74,16.899999999999984,20.099999999999994,69.50000000000003,3.1500000000000004,0.47275920928627757,-0.881191653407483,0.0
2013-06-04,1.5,24.7,35.36,10.2,10.38,18.19999999999999,20.499999999999993,72.40000000000003,0.6400000000000006,0.4575313760742512,-0.8891934772070711,0.0
2013-06-05,1.3,25.4,35.34,6.7,9.38,12.399999999999986,19.999999999999993,69.70000000000003,-1.0,0.44216815196707204,-0.8969321743510065,0.0
2013-06-06,1.8,25.3,35.18,14.2,9.79,4.599999999999987,21.499999999999993,81.60000000000002,0.40999999999999837,0.42667408318992467,-0.9044054548343001,0.0
2013-06-07,33.2,23.8,41.15,96.0,25.42,36.29999999999999,54.699999999999996,177.60000000000002,15.630000000000003,0.4110537546870351,-0.9116111071930239,0.0
2013-06-08,12.0,23.3,48.13,43.8,35.22,46.99999999999999,66.5,207.60000000000002,9.799999999999997,0.3953117887649151,-0.9185469991587165,0.0
2013-06-09,30.6,22.6,47.81,63.2,45.67,75.79999999999998,90.0,261.1,10.450000000000003,0.37945284372454435,-0.925211078289358,0.0
2013-06-10,29.2,22.9,49.36,54.8,75.56,71.79999999999998,109.60000000000001,288.90000000000003,29.89,0.36348161248290634,-0.9316013725767187,0.0
2013-06-11,6.0,23.9,46.95,13.9,91.68,65.79999999999998,114.1,292.6,16.120000000000005,0.3474028211842774,-0.9377159910299093,0.0
2013-06-12,3.4,23.7,47.83,13.6,81.99,38.59999999999999,116.19999999999999,299.50000000000006,-9.690000000000012,0.3312212278016865,-0.9435531242349544,0.0
2013-06-13,7.4,23.4,48.95,19.1,70.12,16.799999999999986,121.8,304.4,-11.86999999999999,0.31494162072895193,-0.9491110448902284,0.0
2013-06-14,12.5,23.0,48.55,21.8,80.85,23.299999999999986,101.1,230.20000000000002,10.72999999999999,0.2985688173637202,-0.9543881083175908,0.0
2013-06-15,25.9,22.5,48.86,43.0,132.66,45.79999999999998,115.0,229.40000000000003,51.81,0.2821076626819194,-0.9593827529490743,0.0
2013-06-16,8.2,23.2,49.6,25.5,211.81,46.59999999999998,92.6,191.70000000000005,79.15,0.26556302780405594,-0.9640935007889755,0.0
2013-06-17,10.5,23.4,49.59,42.1,278.9,44.59999999999998,73.89999999999999,179.00000000000003,67.08999999999997,0.24893980855376657,-0.9685189578512204,0.0
2013-06-18,23.4,22.9,50.13,58.6,351.37,42.09999999999998,91.3,223.70000000000005,72.47000000000003,0.23224292400907015,-0.9726578145718654,0.0
2013-06-19,2.3,23.1,50.46,22.6,380.94,36.19999999999998,90.19999999999999,232.70000000000002,29.569999999999993,0.21547731504673012,-0.976508846196619,0.0
2013-06-20,5.2,23.2,48.06,12.9,307.32,30.899999999999984,87.99999999999999,226.50000000000003,-73.62,0.19864794288017112,-0.9800709131432666,0.0
2013-06-21,1.7,23.9,46.11,9.1,226.51,9.199999999999985,77.2,213.80000000000004,-80.81,0.18175978759137534,-0.9833429613388902,0.0
2013-06-22,2.0,23.6,46.75,16.4,170.79,8.899999999999986,53.29999999999999,187.20000000000002,-55.72,0.16481784665719793,-0.9863240225317866,0.0
2013-06-23,0.4,23.2,46.98,15.2,144.55,4.099999999999986,45.49999999999999,176.90000000000003,-26.23999999999998,0.14782713347053048,-0.9890132145779883,0.0
2013-06-24,4.1,23.2,47.75,24.9,136.4,6.499999999999986,39.09999999999999,159.70000000000002,-8.150000000000006,0.13079267585675922,-0.9914097417023038,0.0
2013-06-25,15.7,22.2,49.37,38.3,184.35,20.199999999999985,31.39999999999999,139.40000000000003,47.94999999999999,0.11371951458594969,-0.9935128947338007,0.0
2013-06-26,5.9,22.5,50.55,36.9,275.69,25.69999999999999,34.99999999999999,153.70000000000002,91.34,0.0966127018812031,-0.9953220513156602,0.0
2013-06-27,5.6,23.2,50.9,20.4,326.34,27.199999999999985,35.39999999999999,161.20000000000002,50.64999999999998,0.07947729992362097,-0.9968366760893436,0.0
2013-06-28,4.8,23.2,50.69,18.9,314.5,16.299999999999986,38.499999999999986,171.00000000000003,-11.839999999999975,0.062318379354325076,-0.998056320853012,0.0
2013-06-29,3.5,23.2,50.44,24.3,276.97,13.899999999999984,39.999999999999986,178.9,-37.52999999999997,0.04514101777397193,-0.9989806246941579,0.0
2013-06-30,4.8,22.7,50.69,38.7,275.06,13.099999999999985,44.39999999999999,202.40000000000003,-1.910000000000025,0.02795029824021032,-0.999609314096404,0.0
2013-07-01,2.5,22.6,50.62,22.5,321.85,10.799999999999986,42.8,200.00000000000003,46.79000000000002,0.01075130776352193,-0.9999422030204416,0.0
2013-07-02,12.9,23.1,48.76,50.3,375.7,20.199999999999985,39.99999999999999,212.00000000000006,53.849999999999966,-0.00645086419810515,-0.9999791929590823,0.0
2013-07-03,1.7,23.5,48.45,16.5,369.68,17.099999999999987,35.8,191.60000000000002,-6.019999999999982,-0.023651127245231586,-0.9997202729664083,0.0
2013-07-04,0.6,23.2,48.2,19.5,300.3,15.199999999999987,30.799999999999994,190.70000000000005,-69.38,-0.04084439154329611,-0.9991655196610109,0.0
2013-07-05,2.3,23.1,48.37,24.4,239.44,4.599999999999987,28.29999999999999,196.20000000000002,-60.860000000000014,-0.05802556932878035,-0.9983150972033183,0.0
2013-07-06,1.2,23.2,48.89,27.0,218.28,4.099999999999987,25.999999999999993,198.90000000000003,-21.159999999999997,-0.07518957641475855,-0.9971692572470178,0.0
2013-07-07,6.3,23.0,48.04,36.4,218.28,9.799999999999986,27.499999999999993,196.60000000000002,0.0,-0.09233133369539122,-0.9957283388645872,0.0
2013-07-08,10.0,22.7,49.13,32.2,240.55,17.499999999999986,34.99999999999999,206.3,22.27000000000001,-0.10944576864891556,-0.993992768446958,0.0
2013-07-09,5.9,22.6,50.71,26.9,270.64,22.19999999999999,27.999999999999993,182.9,30.089999999999975,-0.12652781683868314,-0.9919630595773397,0.0
2013-07-10,17.4,22.3,49.13,49.9,348.14,33.29999999999998,43.69999999999999,216.30000000000004,77.5,-0.1435724234118113,-0.9896398128792412,0.0
2013-07-11,43.7,21.8,48.12,69.3,574.44,66.99999999999999,86.79999999999998,266.1,226.30000000000007,-0.16057454459499376,-0.9870237158387383,0.0
2013-07-12,19.7,21.8,48.87,64.1,777.04,80.79999999999998,104.19999999999999,305.8,202.5999999999999,-0.17752914918703497,-0.984115542601034,0.0
2013-07-13,20.5,22.1,49.1,34.3,780.63,83.89999999999999,123.49999999999999,313.1,3.590000000000032,-0.19443122004766195,-0.9809161537413774,0.0
2013-07-14,2.2,23.1,49.99,18.7,628.51,42.399999999999984,119.39999999999999,295.40000000000003,-152.12,-0.2112757555821793,-0.9774264960104055,0.0
2013-07-15,3.3,22.9,49.7,23.7,463.52,25.999999999999986,112.69999999999999,286.9,-164.99,-0.2280577712215198,-0.9736476020539838,0.0
2013-07-16,12.4,21.8,49.25,37.1,402.65,17.899999999999984,119.19999999999999,297.1,-60.870000000000005,-0.24477230089725957,-0.9695805901076308,0.0
2013-07-17,20.6,21.9,48.97,60.2,487.65,36.29999999999998,122.4,307.40000000000003,85.0,-0.2614143985111562,-0.965226663665613,0.0
2013-07-18,15.2,21.9,48.22,44.8,586.49,48.19999999999999,93.89999999999999,282.9,98.84000000000003,-0.2779791393987801,-0.9605871111248129,1.0
2013-07-19,25.8,22.2,47.83,67.3,720.11,61.59999999999998,100.0,286.1,133.62,-0.2944616217868012,-0.9556633054034704,1.0
2013-07-20,45.3,21.8,48.53,80.3,987.55,86.29999999999998,124.79999999999998,332.1,267.43999999999994,-0.3108569682435036,-0.9504567035349151,1.0
2013-07-21,34.6,22.0,48.59,89.3,1187.5,105.69999999999997,157.2,402.70000000000005,199.95000000000005,-0.3271603271220951,-0.9449688462364056,1.0
2013-07-22,20.8,22.0,48.45,67.3,1249.26,100.69999999999997,174.70000000000002,446.30000000000007,61.75999999999999,-0.34336687399638804,-0.939201357453208,1.0
2013-07-23,50.9,21.9,48.59,98.8,1363.58,106.29999999999998,213.2,508.0,114.31999999999994,-0.3594718130884232,-0.9331559438780432,1.0
2013-07-24,12.8,22.2,49.69,62.5,1398.59,84.49999999999999,205.39999999999998,510.3,35.00999999999999,-0.3754703786876202,-0.9268343944460494,1.0
2013-07-25,13.5,22.2,48.86,66.8,1237.8,77.19999999999997,203.7,532.3,-160.78999999999996,-0.3913578365610259,-0.9202385798054075,0.0
2013-07-26,6.4,22.4,48.52,52.3,1053.39,32.69999999999999,184.29999999999998,517.3,-184.40999999999985,-0.4071294853542516,-0.9133704517637858,0.0
2013-07-27,5.4,22.8,49.42,42.8,873.98,25.299999999999986,144.4,479.80000000000007,-179.41000000000008,-0.4227806579826773,-0.9062320427107697,0.0
2013-07-28,7.3,22.7,50.93,33.6,754.09,19.099999999999987,117.10000000000001,424.1,-119.88999999999999,-0.4383067230125192,-0.898825465016444,0.0
2013-07-29,7.3,22.8,50.87,21.6,646.14,19.999999999999986,103.6,378.40000000000003,-107.95000000000005,-0.45370308603134424,-0.8911529104063088,0.0
2013-07-30,10.7,22.4,49.84,56.0,583.79,25.299999999999983,63.4,335.6,-62.35000000000002,-0.46896519100763184,-0.8832166493127127,0.0
2013-07-31,23.1,21.5,49.04,53.2,690.83,41.09999999999998,73.69999999999999,326.3,107.04000000000008,-0.48408852163897587,-0.8750190302029955,0.0
2013-08-01,20.1,21.9,47.81,67.4,913.11,53.89999999999999,80.3,326.9,222.27999999999997,-0.4990686026885319,-0.8665624788845385,0.0
2013-08-02,19.3,21.8,48.81,53.9,1022.29,62.499999999999986,93.2,328.50000000000006,109.17999999999995,-0.5139010013093103,-0.8578494977869301,0.0
2013-08-03,5.8,22.5,49.47,40.9,902.65,45.19999999999998,93.6,326.6,-119.63999999999999,-0.5285813283559292,-0.8488826652214553,0.0
2013-08-04,2.7,22.7,50.01,22.5,703.69,27.799999999999983,89.0,315.5,-198.95999999999992,-0.5431052396834317,-0.8396646346181327,0.0
2013-08-05,0.9,22.5,49.16,13.7,503.66,9.399999999999983,82.60000000000001,307.6,-200.03000000000003,-0.5574684374327892,-0.8301981337405212,0.0
2013-08-06,1.2,22.2,48.86,16.7,351.37,4.799999999999983,73.10000000000001,268.30000000000007,-152.29000000000002,-0.5716666713027052,-0.8204859638785327,0.0
2013-08-07,0.2,22.8,48.52,14.6,253.68,2.2999999999999825,50.2,229.70000000000002,-97.69,-0.5856957398073508,-0.8105309990194823,0.0
2013-08-08,0.9,22.9,47.98,14.8,180.13,2.2999999999999825,31.0,177.10000000000002,-73.55000000000001,-0.5995514915196489,-0.8003361849976323,0.0
2013-08-09,0.7,22.8,47.79,12.5,141.56,1.7999999999999823,12.4,135.70000000000002,-38.56999999999999,-0.6132298262997502,-0.7899045386224707,0.0
2013-08-10,1.4,22.7,47.65,14.5,117.3,2.9999999999999822,8.0,109.30000000000003,-24.260000000000005,-0.6267266965083301,-0.7792391467859886,0.0
2013-08-11,1.2,22.9,47.33,12.9,101.57,3.299999999999982,6.5,99.70000000000003,-15.730000000000004,-0.6400381082043503,-0.7683431655492202,0.0
2013-08-12,1.5,22.8,47.34,12.6,90.2,4.099999999999982,7.1,98.60000000000002,-11.36999999999999,-0.65316012232693,-0.7572198192083127,0.0
2013-08-13,3.2,22.6,47.88,19.3,84.31,5.899999999999983,9.100000000000001,101.20000000000005,-5.890000000000001,-0.666088855860977,-0.7458723993404063,0.0
2013-08-14,1.3,22.9,48.31,12.8,94.5,5.999999999999982,10.2,99.40000000000003,10.189999999999998,-0.6788204829862355,-0.734304263829602,0.0
2013-08-15,2.4,23.0,48.14,18.2,97.86,6.899999999999982,11.700000000000001,102.80000000000004,3.3599999999999994,-0.6913512362094071,-0.722518835873311,0.0
2013-08-16,5.6,22.8,48.45,20.9,97.17,9.299999999999981,16.6,111.20000000000003,-0.6899999999999977,-0.7036774074790128,-0.7105196029692745,0.0
2013-08-17,6.6,22.4,50.03,30.5,118.95,14.59999999999998,21.799999999999997,127.20000000000003,21.78,-0.7157953492826642,-0.6983101158835584,0.0
2013-08-18,5.6,22.3,49.53,32.3,151.76,17.79999999999998,26.2,146.60000000000002,32.80999999999999,-0.7277014757264236,-0.6858939875998223,0.0
2013-08-19,3.2,22.5,48.21,26.1,192.2,15.39999999999998,27.9,160.10000000000002,40.44,-0.7393922635959241,-0.673274892250183,0.0
2013-08-20,0.5,22.6,48.96,16.9,212.8,9.299999999999981,25.2,157.70000000000002,20.600000000000023,-0.7508642533989489,-0.6604565640279754,0.0
2013-08-21,1.7,22.4,49.29,32.3,206.97,5.399999999999982,25.599999999999998,177.20000000000005,-5.8300000000000125,-0.7621140503891487,-0.6474427960827475,0.0
2013-08-22,1.1,22.3,49.17,21.8,209.38,3.299999999999981,24.299999999999997,180.8,2.4099999999999966,-0.7731383255706026,-0.6342374393978054,0.0
2013-08-23,1.1,22.7,48.79,12.4,190.43,3.8999999999999817,19.8,172.30000000000004,-18.94999999999999,-0.7839338166829201,-0.620844401650647,0.0
2013-08-24,0.3,23.0,48.26,12.7,162.31,2.4999999999999813,13.5,154.5,-28.120000000000005,-0.7944973291665992,-0.6072676460566135,0.0
2013-08-25,0.2,23.0,47.66,11.0,136.72,1.5999999999999814,8.1,133.20000000000002,-25.590000000000003,-0.8048257371083452,-0.593511190196115,0.0
2013-08-26,0.0,22.9,47.21,6.0,114.08,0.49999999999998135,4.9,113.10000000000004,-22.64,-0.8149159841660791,-0.5795791048257612,0.0
2013-08-27,2.3,22.9,47.23,7.8,95.38,2.4999999999999813,6.7,104.00000000000003,-18.700000000000003,-0.8247650844733614,-0.5654755126737576,0.0
2013-08-28,2.0,22.9,47.11,6.2,80.1,4.299999999999981,7.0,77.90000000000003,-15.280000000000001,-0.8343701235229538,-0.5512045872199277,0.0
2013-08-29,0.6,23.2,46.7,1.7,67.08,4.899999999999981,6.5,57.80000000000003,-13.019999999999996,-0.8437282590292712,-0.5367705514607103,0.0
2013-08-30,0.9,23.7,45.93,1.9,51.97,3.4999999999999813,6.3,47.300000000000026,-15.11,-0.8528367217694595,-0.522177676659508,0.0
2013-08-31,0.8,24.0,45.22,1.1,37.19,2.299999999999981,6.8,35.70000000000003,-14.780000000000001,-0.8616928164028522,-0.5074302810827518,0.0
2013-09-01,0.0,24.8,44.07,0.0,27.31,1.6999999999999813,6.6,24.70000000000003,-9.879999999999999,-0.8702939222685674,-0.49253272872205434,0.0
2013-09-02,0.0,25.1,42.51,0.0,19.56,0.7999999999999814,6.6,18.70000000000003,-7.75,-0.8786374941610001,-0.4774894280028391,0.0
2013-09-03,0.1,24.0,41.42,1.7,13.06,0.09999999999998135,4.4,12.60000000000003,-6.499999999999998,-0.886721063082993,-0.46230483047981086,0.0
2013-09-04,0.1,23.5,40.84,5.7,10.64,0.19999999999998136,2.5,12.100000000000028,-2.42,-0.8945422369764496,-0.4469834295196741,0.0
2013-09-05,1.8,23.3,40.68,6.4,10.53,1.9999999999999813,3.7,16.80000000000003,-0.11000000000000121,-0.9020987014301837,-0.43152975897147144,0.0
2013-09-06,0.8,23.3,40.69,3.4,11.94,2.6999999999999815,3.6,18.30000000000003,1.4100000000000001,-0.9093882203647925,-0.4159483918249421,0.0
2013-09-07,0.4,23.7,40.23,1.7,12.77,2.9999999999999813,3.1999999999999997,18.900000000000027,0.8300000000000001,-0.9164086366943458,-0.4002439388573056,0.0
2013-09-08,0.0,23.6,39.62,2.7,12.0,1.1999999999999815,3.2,21.600000000000026,-0.7699999999999996,-0.9231578729647039,-0.38442104726885545,0.0
2013-09-09,0.0,22.5,39.58,2.8,11.91,0.39999999999998137,3.2,24.400000000000027,-0.08999999999999986,-0.9296339319682695,-0.3684843993077793,0.0
2013-09-10,9.7,22.4,42.3,29.5,33.75,9.699999999999982,12.799999999999999,52.20000000000003,21.84,-0.9358348973349941,-0.35243871088460327,0.0
2013-09-11,12.5,23.2,47.27,44.9,105.91,22.19999999999998,25.2,91.40000000000002,72.16,-0.9417589340994617,-0.33628873017668287,0.0
2013-09-12,6.8,24.0,47.73,20.6,147.94,28.999999999999982,30.2,105.60000000000002,42.03,-0.9474042892438845,-0.32003923622313857,0.0
2013-09-13,6.4,24.3,46.35,19.7,179.72,25.69999999999998,35.8,121.90000000000002,31.78,-0.9527692922168511,-0.30369503751065885,0.0
2013-09-14,1.1,24.5,48.36,20.6,189.55,14.299999999999983,36.5,140.8,9.830000000000013,-0.9578523554276669,-0.28726097055059635,0.0
2013-09-15,3.9,24.2,48.39,13.7,157.49,11.399999999999983,40.4,151.80000000000004,-32.06,-0.9626519747161487,-0.2707418984477642,0.0
2013-09-16,8.6,23.2,49.83,11.0,142.22,13.599999999999982,49.0,160.00000000000003,-15.27000000000001,-0.9671667297977312,-0.2541427094613622,0.0
2013-09-17,27.1,22.9,48.43,30.0,154.24,39.59999999999998,66.4,160.50000000000003,12.02000000000001,-0.97139528468375,-0.23746831555846842,0.0
2013-09-18,12.2,22.5,49.15,53.3,255.45,47.899999999999984,66.1,168.90000000000003,101.20999999999998,-0.9753363880767837,-0.2207236509605022,0.0
2013-09-19,27.6,23.0,45.7,41.4,350.56,66.89999999999998,86.9,189.70000000000005,95.11000000000001,-0.9789888737409319,-0.20391367068311472,0.0
2013-09-20,5.2,22.7,47.42,34.1,321.11,44.999999999999986,85.7,204.10000000000002,-29.44999999999999,-0.9823516608469237,-0.18704334906991657,0.0
2013-09-21,0.0,23.7,46.6,4.8,250.77,32.79999999999998,84.60000000000001,188.3,-70.34,-0.9854237542919524,-0.17011767832049052,0.0
2013-09-22,0.9,22.8,46.01,9.3,171.98,6.099999999999983,81.6,183.90000000000003,-78.79000000000002,-0.9882042449941422,-0.15314166701312007,0.0
2013-09-23,0.2,23.2,46.11,9.2,139.28,1.0999999999999823,73.2,182.10000000000002,-32.69999999999999,-0.9906923101615609,-0.13612033862266704,0.0
2013-09-24,0.7,23.0,45.77,6.3,117.85,1.7999999999999823,46.800000000000004,158.40000000000003,-21.430000000000007,-0.9928872135356962,-0.11905873003404988,0.0
2013-09-25,1.5,23.2,45.63,5.1,98.77,2.399999999999982,36.10000000000001,110.20000000000002,-19.08,-0.994788305609327,-0.10196189005174576,0.0
2013-09-26,2.1,23.6,45.49,3.9,78.62,4.299999999999982,10.600000000000001,72.70000000000003,-20.14999999999999,-0.9963950238187231,-0.08483487790576538,0.0
2013-09-27,1.1,23.6,45.31,3.4,59.53,4.699999999999982,6.5,42.00000000000003,-19.090000000000003,-0.9977068927101168,-0.06768276175455162,0.0
2013-09-28,1.8,23.4,45.01,2.2,45.45,4.999999999999982,8.3,39.400000000000034,-14.079999999999998,-0.9987235240803972,-0.050510617185222886,0.0
2013-09-29,2.0,22.9,45.12,12.6,37.02,4.899999999999983,9.4,42.70000000000003,-8.43,-0.9994446170919858,-0.033323525711631344,0.0
2013-09-30,0.8,23.3,45.16,4.1,37.9,4.599999999999982,10.0,37.60000000000002,0.8799999999999955,-0.9998699583618592,-0.016126573270657762,0.0
2013-10-01,0.4,23.8,44.59,3.5,39.09,3.1999999999999824,9.7,34.800000000000026,1.1900000000000048,-0.9999994220246925,0.001075151282798226,0.0
2013-10-02,1.5,23.5,44.11,1.7,32.5,2.6999999999999824,9.7,31.40000000000003,-6.590000000000003,-0.999832969770105,0.018276557681691223,0.0
2013-10-03,0.8,23.6,43.71,4.8,26.61,2.6999999999999824,8.4,32.300000000000026,-5.890000000000001,-0.9993706508539969,0.03547255575312556,0.0
2013-10-04,15.0,23.0,43.92,49.2,62.1,17.299999999999983,22.3,78.10000000000002,35.49,-0.9986126020839734,0.052658056924614005,0.0
2013-10-05,25.1,22.7,48.08,26.2,165.72,40.899999999999984,45.6,102.10000000000002,103.62,-0.9975590477788613,0.06982797572987089,0.0
2013-10-06,4.0,23.7,46.55,5.7,177.65,44.09999999999999,47.6,95.20000000000003,11.930000000000007,-0.9962102997023297,0.0869772313136861,0.0
2013-10-07,0.8,24.0,46.94,3.2,133.28,29.899999999999984,47.6,94.30000000000003,-44.370000000000005,-0.9945667569706337,0.1041007489354256,0.0
2013-10-08,0.0,24.4,45.89,3.0,94.06,4.799999999999982,47.199999999999996,93.80000000000003,-39.22,-0.9926289059345095,0.121193461470736,0.0
2013-10-09,0.0,23.9,44.75,2.7,63.42,0.7999999999999823,45.699999999999996,94.80000000000004,-30.64,-0.9903973200352558,0.1382503109109819,0.0
2013-10-10,0.0,23.5,43.89,1.4,42.85,0.0,44.9,91.40000000000002,-20.57,-0.9878726596350429,0.15526624985999563,0.0
2013-10-11,0.1,22.9,43.21,3.1,30.77,0.09999999999998224,30.0,45.300000000000026,-12.080000000000002,-0.9850556718215013,0.172236243027682,0.0
2013-10-12,5.9,23.0,43.92,5.6,24.59,5.999999999999982,10.8,24.700000000000028,-6.18,-0.981947190186646,0.18915526872004093,0.0
2013-10-13,1.3,23.4,45.51,4.2,25.18,7.299999999999982,8.100000000000001,23.20000000000003,0.5899999999999999,-0.9785481345802031,0.20601832032517084,0.0
2013-10-14,1.7,23.8,45.12,1.9,28.44,8.899999999999983,9.0,21.900000000000027,3.2600000000000016,-0.9748595108374125,0.22282040779479959,0.0
2013-10-15,0.1,24.1,44.54,2.3,25.55,3.0999999999999823,9.100000000000001,21.200000000000028,-2.8900000000000006,-0.9708824104813836,0.23955655912092708,0.0
2013-10-16,0.4,24.5,43.71,1.3,20.33,2.1999999999999824,9.5,19.800000000000026,-5.220000000000002,-0.9666180104000972,0.2562218218071163,0.0
2013-10-17,2.2,25.2,43.12,21.6,16.58,2.6999999999999824,11.700000000000001,40.00000000000003,-3.75,-0.9620675724981452,0.27281126433401914,0.0
2013-10-18,0.0,24.8,43.17,5.4,16.91,2.5999999999999823,11.600000000000001,42.300000000000026,0.33000000000000185,-0.957232443323312,0.28931997761869527,0.0
2013-10-19,0.0,24.9,42.13,0.0,18.68,2.1999999999999824,5.7,36.700000000000024,1.7699999999999996,-0.9521140536681102,0.3057430764672831,0.0
2013-10-20,0.0,25.0,40.7,0.9,15.56,0.0,4.4,33.40000000000003,-3.119999999999999,-0.9467139181463862,0.3220757010206104,0.0
2013-10-21,0.0,25.1,39.51,0.0,12.84,0.0,2.7,31.50000000000003,-2.7200000000000006,-0.9410336347451197,0.3383130181923076,0.0
2013-10-22,0.0,25.5,38.31,0.0,11.68,0.0,2.6,29.200000000000028,-1.1600000000000001,-0.9350748843515574,0.3544502230989869,0.0
2013-10-23,8.8,24.8,38.23,6.0,13.03,8.799999999999983,11.0,33.900000000000034,1.3499999999999996,-0.9288394302558068,0.3704825404820963,0.0
2013-10-24,1.2,24.4,42.32,2.1,16.66,9.999999999999982,10.0,14.400000000000029,3.630000000000001,-0.9223291176290545,0.3864052261209853,0.0
2013-10-25,20.1,23.7,43.91,18.0,29.9,30.099999999999984,30.1,27.00000000000003,13.239999999999998,-0.9155458729775467,0.40221356823680365,0.0
2013-10-26,11.0,23.2,49.75,21.5,56.02,32.29999999999998,41.1,48.50000000000003,26.120000000000005,-0.9084917035725082,0.41790288888678667,0.0
2013-10-27,2.5,23.4,49.77,15.3,79.54,33.59999999999998,43.6,62.900000000000034,23.520000000000003,-0.9011686968561569,0.4334685453485363,0.0
2013-10-28,0.6,24.0,48.54,3.1,65.07,14.099999999999982,44.2,66.00000000000003,-14.470000000000013,-0.8935790198239952,0.4489059314938798,0.0
2013-10-29,0.0,24.8,47.21,2.4,44.19,3.0999999999999823,44.2,68.40000000000003,-20.879999999999995,-0.8857249183835637,0.4642104791518923,0.0
2013-10-30,0.0,24.9,45.72,0.0,29.06,0.5999999999999822,35.400000000000006,62.400000000000034,-15.129999999999999,-0.8776087166898392,0.4793776594606945,0.0
2013-10-31,0.0,23.8,44.26,0.0,19.23,0.0,34.2,60.300000000000026,-9.829999999999998,-0.8692328164574792,0.49440298420761813,0.0
2013-11-01,0.0,23.1,42.97,0.0,13.62,0.0,14.1,42.300000000000026,-5.610000000000001,-0.8605996962501181,0.5092820071573356,0.0
2013-11-02,0.0,23.8,41.97,0.0,11.53,0.0,3.1,20.80000000000003,-2.09,-0.8517119107469189,0.5240103253675756,0.0
2013-11-03,0.3,24.5,41.23,0.0,10.8,0.2999999999999822,0.8999999999999999,5.500000000000028,-0.7299999999999986,-0.8425720899866032,0.5385835804920232,0.0
2013-11-04,0.0,24.3,40.38,0.0,10.48,0.2999999999999822,0.3,2.4000000000000283,-0.3200000000000003,-0.8331829385891785,0.5529974600700271,0.0
2013-11-05,0.0,24.0,39.39,0.0,11.05,0.2999999999999822,0.3,0.0,0.5700000000000003,-0.8235472349556007,0.5672476988027229,0.0
2013-11-06,0.0,23.4,38.46,0.0,11.91,0.0,0.3,0.0,0.8599999999999994,-0.8136678304455991,0.5813300798152042,0.0
2013-11-07,0.0,23.2,37.44,0.0,12.06,0.0,0.3,0.0,0.15000000000000036,-0.8035476485339116,0.5952404359043674,0.0
2013-11-08,0.0,23.9,36.49,0.0,12.06,0.0,0.3,0.0,0.0,-0.7931896839451843,0.6089746507720486,0.0
2013-11-09,0.0,23.7,35.64,0.0,12.03,0.0,0.3,0.0,-0.030000000000001137,-0.7825970017677834,0.6225286602431057,0.0
2013-11-10,0.0,22.8,34.73,0.0,12.0,0.0,0.0,0.0,-0.02999999999999936,-0.7717727365467836,0.6358984534680745,0.0
2013-11-11,0.0,22.2,33.84,0.0,11.94,0.0,0.0,0.0,-0.0600000000000005,-0.7607200913564104,0.6490800741100398,0.0
2013-11-12,0.0,21.8,33.03,0.0,11.85,0.0,0.0,0.0,-0.08999999999999986,-0.7494423368521954,0.6620696215153815,0.0
2013-11-13,0.0,22.6,32.28,0.0,11.85,0.0,0.0,0.0,0.0,-0.7379428103031386,0.6748632518680403,0.0
2013-11-14,0.0,22.5,31.56,0.0,11.85,0.0,0.0,0.0,0.0,-0.7262249146041543,0.6874571793269664,0.0
2013-11-15,0.0,21.9,30.88,0.0,11.08,0.0,0.0,0.0,-0.7699999999999996,-0.7142921172691032,0.699847677146407,0.0
2013-11-16,0.0,21.1,30.2,0.0,10.04,0.0,0.0,0.0,-1.040000000000001,-0.7021479494046978,0.7120310787787131,0.0
2013-11-17,0.0,22.5,29.62,0.0,9.72,0.0,0.0,0.0,-0.3199999999999985,-0.6897960046655887,0.7240037789593305,0.0
2013-11-18,0.0,24.2,29.13,1.0,9.62,0.0,0.0,1.0000000000000284,-0.10000000000000142,-0.6772399381909491,0.7357622347736527,0.0
2013-11-19,0.0,25.0,28.7,0.0,9.57,0.0,0.0,1.0000000000000284,-0.049999999999998934,-0.6644834655228552,0.7473029667054296,0.0
2013-11-20,0.0,23.7,28.26,0.0,9.52,0.0,0.0,1.0000000000000284,-0.05000000000000071,-0.6515303615068021,0.75862255966641,0.0
2013-11-21,0.0,22.9,27.84,0.0,9.5,0.0,0.0,1.0000000000000284,-0.019999999999999574,-0.6383844591746642,0.7697176640069211,0.0
2013-11-22,0.0,22.8,27.47,0.0,9.45,0.0,0.0,1.0000000000000284,-0.05000000000000071,-0.6250496486104377,0.7805849965070866,0.0
2013-11-23,0.0,23.4,27.17,0.0,9.4,0.0,0.0,1.0000000000000284,-0.049999999999998934,-0.6115298757991053,0.7912213413483807,0.0
2013-11-24,0.0,24.7,26.98,0.0,9.38,0.0,0.0,1.0000000000000284,-0.019999999999999574,-0.5978291414589552,0.801623551065242,0.0
2013-11-25,0.0,25.2,26.9,0.4,9.35,0.0,0.0,0.40000000000002844,-0.030000000000001137,-0.5839514998576998,0.8117885474764613,0.0
2013-11-26,0.1,25.3,26.99,1.5,9.3,0.09999999999998224,0.1,1.9000000000000283,-0.049999999999998934,-0.5699010576127624,0.8217133225960589,0.0
2013-11-27,0.0,25.9,26.88,0.2,9.3,0.09999999999998224,0.1,2.1000000000000285,0.0,-0.5556819724760489,0.8313949395234058,0.0
2013-11-28,0.0,23.7,26.58,0.0,9.28,0.09999999999998224,0.1,2.1000000000000285,-0.02000000000000135,-0.5412984521036173,0.8408305333122887,0.0
2013-11-29,0.8,23.0,26.37,0.0,9.23,0.7999999999999823,0.9,2.1000000000000285,-0.049999999999998934,-0.5267547528105542,0.8500173118187018,0.0
2013-11-30,0.0,24.5,26.57,0.5,9.21,0.7999999999999823,0.9,2.6000000000000285,-0.019999999999999574,-0.5120551783114646,0.8589525565270845,0.0
2013-12-01,0.0,25.6,26.43,0.1,9.16,0.7999999999999823,0.9,2.700000000000028,-0.05000000000000071,-0.4972040784469378,0.8676336233547726,0.0
2013-12-02,3.8,24.9,26.88,1.3,9.5,3.799999999999982,4.7,3.6000000000000285,0.33999999999999986,-0.4822058478963526,0.8760579434344281,0.0
2013-12-03,0.3,24.7,28.49,0.8,9.54,4.099999999999982,4.9,2.9000000000000288,0.03999999999999915,-0.46706492487743034,0.8842230238742036,0.0
2013-12-04,0.0,24.5,28.01,0.0,9.4,4.099999999999982,4.9,2.7000000000000286,-0.1399999999999988,-0.451785789832884,0.8921264484954345,0.0
2013-12-05,0.0,24.3,27.38,0.0,9.26,0.2999999999999822,4.9,2.7000000000000286,-0.14000000000000057,-0.4363729641045924,0.8997658785476209,0.0
2013-12-06,0.0,22.5,26.75,0.0,9.16,0.0,4.1,2.7000000000000286,-0.09999999999999964,-0.42083100859565564,0.9071390534005044,0.0
2013-12-07,0.0,21.0,26.32,0.0,9.09,0.0,4.1,2.2000000000000286,-0.07000000000000028,-0.4051645224207563,0.9142437912130223,0.0
2013-12-08,0.0,20.5,25.94,0.0,9.07,0.0,4.1,2.100000000000029,-0.019999999999999574,-0.3893781415452015,0.9210779895789526,0.0
2013-12-09,0.0,21.5,25.65,0.0,9.02,0.0,0.3,0.8000000000000285,-0.05000000000000071,-0.37347653741307074,0.9276396261490467,0.0
2013-12-10,0.0,21.2,25.46,0.0,9.0,0.0,0.0,0.0,-0.019999999999999574,-0.3574644155648614,0.9339267592294762,0.0
2013-12-11,0.0,21.1,25.26,0.0,8.95,0.0,0.0,0.0,-0.05000000000000071,-0.34134651424503615,0.9399375283564133,0.0
2013-12-12,0.0,20.8,25.12,0.0,8.93,0.0,0.0,0.0,-0.019999999999999574,-0.3251276029999093,0.9456701548465688,0.0
2013-12-13,0.0,21.3,25.01,0.0,8.89,0.0,0.0,0.0,-0.03999999999999915,-0.30881248126625377,0.9511229423235357,0.0
2013-12-14,0.0,21.5,24.94,0.0,8.86,0.0,0.0,0.0,-0.030000000000001137,-0.29240597695107734,0.9562942772197719,0.0
2013-12-15,0.0,22.9,24.85,0.0,8.82,0.0,0.0,0.0,-0.03999999999999915,-0.27591294500296043,0.9611826292540837,0.0
2013-12-16,0.0,21.9,24.79,0.0,8.79,0.0,0.0,0.0,-0.030000000000001137,-0.2593382659754056,0.9657865518844574,0.0
2013-12-17,0.0,21.2,24.72,0.0,8.77,0.0,0.0,0.0,-0.019999999999999574,-0.2426868445825954,0.9701046827361175,0.0
2013-12-18,0.0,21.2,24.68,0.0,8.73,0.0,0.0,0.0,-0.03999999999999915,-0.22596360824801906,0.974135744004672,0.0
2013-12-19,0.0,21.5,24.63,0.0,8.73,0.0,0.0,0.0,0.0,-0.20917350564635637,0.9778785428342386,0.0
2013-12-20,0.0,21.9,24.58,0.0,8.75,0.0,0.0,0.0,0.019999999999999574,-0.19232150523909483,0.9813319716704275,0.0
2013-12-21,0.0,22.3,24.52,0.0,8.73,0.0,0.0,0.0,-0.019999999999999574,-0.17541259380427843,0.9844950085880858,0.0
2013-12-22,0.0,22.0,24.49,0.0,8.71,0.0,0.0,0.0,-0.019999999999999574,-0.15845177496083632,0.9873667175937016,0.0
2013-12-23,0.0,21.8,24.45,0.0,8.66,0.0,0.0,0.0,-0.05000000000000071,-0.14144406768794202,0.9899462489023779,0.0
2013-12-24,0.0,21.7,24.42,0.0,8.62,0.0,0.0,0.0,-0.040000000000000924,-0.12439450483979998,0.9922328391893008,0.0
2013-12-25,0.0,22.3,24.38,0.0,8.57,0.0,0.0,0.0,-0.049999999999998934,-0.10730813165636247,0.9942258118156161,0.0
2013-12-26,0.0,22.2,24.34,0.0,8.55,0.0,0.0,0.0,-0.019999999999999574,-0.09019000427034513,0.9959245770286599,0.0
2013-12-27,0.0,22.4,24.3,0.0,8.53,0.0,0.0,0.0,-0.02000000000000135,-0.07304518821104743,0.9973286321364752,0.0
2013-12-28,0.0,22.4,24.26,0.0,8.53,0.0,0.0,0.0,0.0,-0.05587875690537313,0.9984375616565666,0.0
2013-12-29,0.0,23.0,24.22,0.0,8.51,0.0,0.0,0.0,-0.019999999999999574,-0.03869579017652689,0.9992510374388481,0.0
2013-12-30,0.0,22.7,24.19,0.0,8.51,0.0,0.0,0.0,0.0,-0.021501372740813793,0.999768818762748,0.0
2013-12-31,0.0,22.6,24.14,0.0,8.46,0.0,0.0,0.0,-0.049999999999998934,-0.004300592702981974,0.9999907524084426,0.0
2014-01-01,0.0,22.5,24.1,0.0,8.44,0.0,0.0,0.0,-0.02000000000000135,0.017201575418260506,0.9998520419557735,0.0
2014-01-02,0.0,22.5,24.08,0.0,8.4,0.0,0.0,0.0,-0.03999999999999915,0.03439806061360801,0.9994082116062598,0.0
2014-01-03,0.0,22.3,24.05,0.0,8.35,0.0,0.0,0.0,-0.05000000000000071,0.051584366869408364,0.9986686402879997,0.0
2014-01-04,0.0,22.8,24.03,0.0,8.29,0.0,0.0,0.0,-0.0600000000000005,0.06875540848113941,0.9976335468520451,0.0
2014-01-05,0.0,23.1,24.0,0.0,8.23,0.0,0.0,0.0,-0.05999999999999872,0.08590610426133272,0.9963032375991965,0.0
2014-01-06,0.0,23.0,23.97,0.0,8.18,0.0,0.0,0.0,-0.05000000000000071,0.10303137904317879,0.9946781061893646,0.0
2014-01-07,0.0,23.4,23.93,0.0,8.12,0.0,0.0,0.0,-0.0600000000000005,0.1201261651823505,0.9927586335250793,0.0
2014-01-08,0.0,23.2,23.9,0.0,8.06,0.0,0.0,0.0,-0.05999999999999872,0.13718540405660057,0.9905453876091833,0.0
2014-01-09,0.0,23.1,23.88,0.0,8.04,0.0,0.0,0.0,-0.02000000000000135,0.1542040475626894,0.988039023376751,0.0
2014-01-10,0.0,23.2,23.85,0.0,7.34,0.0,0.0,0.0,-0.6999999999999993,0.17117705961019986,0.985240282501282,0.0
2014-01-11,0.0,22.3,23.83,0.0,6.64,0.0,0.0,0.0,-0.7000000000000002,0.18809941761179758,0.9821499931752291,0.0
2014-01-12,0.0,22.8,23.8,0.0,6.36,0.0,0.0,0.0,-0.27999999999999936,0.20496611396949532,0.9787690698649216,0.0
2014-01-13,0.0,23.7,23.8,0.0,6.14,0.0,0.0,0.0,-0.22000000000000064,0.22177215755648186,0.975098513039961,0.0
2014-01-14,0.0,23.9,23.76,0.0,5.93,0.0,0.0,0.0,-0.20999999999999996,0.23851257519407648,0.9711394088771653,0.0
2014-01-15,0.0,23.8,23.75,0.0,5.68,0.0,0.0,0.0,-0.25,0.2551824131233728,0.9668929289391521,0.0
2014-01-16,0.0,24.0,23.72,0.0,5.44,0.0,0.0,0.0,-0.23999999999999932,0.2717767384711357,0.9623603298276545,0.0
2014-01-17,0.0,23.1,23.7,0.0,5.22,0.0,0.0,0.0,-0.22000000000000064,0.2882906407095177,0.9575429528116719,0.0
2014-01-18,0.0,22.7,23.7,0.0,4.98,0.0,0.0,0.0,-0.23999999999999932,0.3047192331091634,0.9524422234305676,0.0
2014-01-19,0.0,23.7,23.67,0.0,4.66,0.0,0.0,0.0,-0.3200000000000003,0.321057654185271,0.9470596510722283,0.0
2014-01-20,0.0,24.3,23.64,0.0,4.75,0.0,0.0,0.0,0.08999999999999986,0.3373010691361842,0.9413968285264122,0.0
2014-01-21,0.0,23.6,23.65,0.0,4.85,0.0,0.0,0.0,0.09999999999999964,0.3534446712740877,0.9354554315134164,0.0
2014-01-22,0.0,23.9,23.62,0.0,4.6,0.0,0.0,0.0,-0.25,0.3694836834473831,0.9292372181882051,0.0
2014-01-23,0.0,23.4,23.6,0.0,4.71,0.0,0.0,0.0,0.11000000000000032,0.38541335945432564,0.9227440286201427,0.0
2014-01-24,0.0,23.8,23.6,0.0,4.85,0.0,0.0,0.0,0.13999999999999968,0.4012289854475009,0.9159777842484877,0.0
2014-01-25,0.0,24.3,23.58,0.0,4.62,0.0,0.0,0.0,-0.22999999999999954,0.4169258813287287,0.908940487313808,0.0
2014-01-26,0.0,24.3,23.55,0.0,4.41,0.0,0.0,0.0,-0.20999999999999996,0.4324994021339788,0.901634220265486,0.0
2014-01-27,0.0,24.4,23.53,0.0,4.28,0.0,0.0,0.0,-0.1299999999999999,0.44794493940789115,0.8940611451454876,0.0
2014-01-28,0.0,23.3,23.53,0.0,4.28,0.0,0.0,0.0,0.0,0.4632579225674917,0.88622350294858,0.0
2014-01-29,0.0,23.4,23.5,0.0,4.47,0.0,0.0,0.0,0.1899999999999995,0.4784338202547012,0.8781236129591848,0.0
2014-01-30,0.0,23.7,23.46,0.0,5.28,0.0,0.0,0.0,0.8100000000000005,0.49346814167723735,0.8697638720650646,0.0
2014-01-31,0.0,23.4,23.46,0.0,5.78,0.0,0.0,0.0,0.5,0.5083564379375122,0.8611467540480452,0.0
2014-02-01,0.0,23.4,23.45,0.0,5.9,0.0,0.0,0.0,0.1200000000000001,0.5230943033491326,0.8522748088519838,0.0
2014-02-02,0.0,23.5,23.42,0.0,5.93,0.0,0.0,0.0,0.02999999999999936,0.5376773767406141,0.8431506618282,0.0
2014-02-03,0.0,24.4,23.4,0.0,5.81,0.0,0.0,0.0,-0.1200000000000001,0.5521013427459208,0.8337770129585915,0.0
2014-02-04,0.0,25.0,23.4,0.0,5.87,0.0,0.0,0.0,0.0600000000000005,0.5663619330814524,0.8241566360566663,0.0
2014-02-05,0.0,25.6,23.4,0.0,6.06,0.0,0.0,0.0,0.1899999999999995,0.580454927809098,0.8142923779467267,0.0
2014-02-06,0.0,26.1,23.35,0.0,6.06,0.0,0.0,0.0,0.0,0.5943761565849831,0.804187157621448,0.0
2014-02-07,0.0,25.5,23.35,0.0,6.06,0.0,0.0,0.0,0.0,0.6081214998935418,0.7938439653781019,0.0
2014-02-08,0.0,25.3,23.35,0.0,5.97,0.0,0.0,0.0,-0.08999999999999986,0.6216868902665479,0.7832658619336791,0.0
2014-02-09,0.0,24.4,23.35,0.0,6.03,0.0,0.0,0.0,0.0600000000000005,0.6350683134867438,0.7724559775191742,0.0
2014-02-10,0.0,23.0,23.32,0.0,5.9,0.0,0.0,0.0,-0.1299999999999999,0.6482618097757122,0.7614175109532997,0.0
2014-02-11,0.0,23.4,23.3,0.0,5.68,0.0,0.0,0.0,-0.22000000000000064,0.6612634749656386,0.7501537286959042,0.0
2014-02-12,0.0,23.3,23.3,0.0,5.75,0.0,0.0,0.0,0.07000000000000028,0.6740694616546161,0.7386679638813748,0.0
2014-02-13,0.0,21.8,23.32,0.0,6.13,0.0,0.0,0.0,0.3799999999999999,0.6866759803451553,0.726963615332308,0.0
2014-02-14,0.0,21.5,23.35,0.0,6.21,0.0,0.0,0.0,0.08000000000000007,0.6990793005655562,0.7150441465537444,0.0
2014-02-15,0.0,21.2,23.32,0.0,6.19,0.0,0.0,0.0,-0.019999999999999574,0.7112757519738152,0.7029130847082615,0.0
2014-02-16,0.0,20.9,23.28,0.0,6.19,0.0,0.0,0.0,0.0,0.7232617254437388,0.6905740195722293,0.0
2014-02-17,0.0,21.6,23.26,0.0,6.03,0.0,0.0,0.0,-0.16000000000000014,0.7350336741329413,0.6780306024735382,0.0
2014-02-18,0.0,23.5,23.25,0.0,5.84,0.0,0.0,0.0,-0.1900000000000004,0.746588114532413,0.6652865452111116,0.0
2014-02-19,0.0,24.8,23.25,0.0,5.87,0.0,0.0,0.0,0.03000000000000025,0.7579216274973472,0.6523456189565257,0.0
2014-02-20,0.2,24.3,23.36,0.4,6.03,0.19999999999998225,0.2,0.40000000000002844,0.16000000000000014,0.7690308592589181,0.6392116531380588,0.0
2014-02-21,0.0,24.5,23.48,0.0,6.0,0.19999999999998225,0.2,0.40000000000002844,-0.03000000000000025,0.7799125224167177,0.6258885343075018,0.0
2014-02-22,0.4,23.5,23.46,0.2,6.03,0.5999999999999823,0.6000000000000001,0.6000000000000285,0.03000000000000025,0.7905633969115482,0.612380204990065,0.0
2014-02-23,0.0,24.9,23.48,0.0,5.97,0.39999999999998226,0.6000000000000001,0.6000000000000285,-0.0600000000000005,0.8009803309782905,0.5986906625177214,0.0
2014-02-24,0.0,25.9,23.35,0.2,5.65,0.39999999999998226,0.6000000000000001,0.8000000000000285,-0.3199999999999994,0.8111602420785621,0.5848239578463322,0.0
2014-02-25,0.0,25.7,23.3,0.0,5.41,0.0,0.6000000000000001,0.8000000000000285,-0.2400000000000002,0.8211001178128892,0.5707841943569036,0.0
2014-02-26,2.2,25.9,23.74,0.0,5.56,2.1999999999999824,2.8000000000000003,0.8000000000000285,0.14999999999999947,0.8307970168121247,0.5565755266413303,0.0
2014-02-27,0.9,24.6,24.49,0.7,5.84,3.0999999999999823,3.5,1.1000000000000285,0.28000000000000025,0.8402480696078469,0.5422021592729844,0.0
2014-02-28,0.0,23.6,24.43,0.0,6.16,3.0999999999999823,3.5,1.1000000000000285,0.3200000000000003,0.8494504794814806,0.527668345562516,0.0
2014-03-01,0.0,22.5,23.96,0.0,6.16,0.8999999999999823,3.1,0.9000000000000284,0.0,0.8584015232918917,0.512978386299228,0.0
2014-03-02,0.0,22.8,23.59,0.0,5.9,0.0,3.1,0.9000000000000283,-0.2599999999999998,0.8670985522812081,0.4981366284784055,0.0
2014-03-03,0.0,24.0,23.36,0.0,5.84,0.0,3.1,0.7000000000000284,-0.0600000000000005,0.8755389928586302,0.4831474640149687,0.0
2014-03-04,0.0,23.9,23.28,0.0,5.81,0.0,3.1,0.7000000000000284,-0.03000000000000025,0.8837203473619977,0.4680153284438345,0.0
2014-03-05,0.0,23.8,23.23,0.0,5.75,0.0,0.9,0.7000000000000284,-0.05999999999999961,0.8916401947968874,0.45274469960737107,0.0
2014-03-06,0.0,23.8,23.18,0.0,5.78,0.0,0.0,0.0,0.03000000000000025,0.8992961915530253,0.4373400963303323,0.0
2014-03-07,0.0,24.0,23.17,0.0,5.71,0.0,0.0,0.0,-0.07000000000000028,0.9066860720977985,0.4218060770826634,0.0
2014-03-08,2.1,25.4,23.52,0.0,5.84,2.0999999999999823,2.1,0.0,0.1299999999999999,0.9138076496466615,0.4061472386305789,0.0
2014-03-09,5.0,24.6,25.17,2.0,6.62,7.099999999999982,7.1,2.0000000000000284,0.7800000000000002,0.9206588168102428,0.3903682146763026,0.0
2014-03-10,0.0,25.0,26.59,0.0,6.74,7.099999999999982,7.1,2.0000000000000284,0.1200000000000001,0.9272375462179537,0.374473674486883,0.0
2014-03-11,0.0,25.9,25.71,0.0,6.28,4.999999999999982,7.1,2.0000000000000284,-0.45999999999999996,0.9335418911179212,0.35846832151248087,0.0
2014-03-12,0.1,27.0,24.89,0.2,6.06,0.09999999999998224,7.199999999999999,2.2000000000000286,-0.22000000000000064,0.9395699859530622,0.342356891994542,0.0
2014-03-13,0.0,26.5,24.3,0.0,5.93,0.09999999999998224,7.199999999999999,2.2000000000000286,-0.1299999999999999,0.945320046913132,0.3261441535642696,0.0
2014-03-14,0.0,27.6,23.79,0.0,5.68,0.09999999999998224,7.199999999999999,2.2000000000000286,-0.25,0.9507903724625832,0.3098349038318025,0.0
2014-03-15,0.0,28.1,23.43,0.4,5.5,0.0,5.1,2.6000000000000285,-0.17999999999999972,0.9559793438440766,0.2934339689665273,0.0
2014-03-16,0.0,28.7,23.23,0.0,5.31,0.0,0.1,0.6000000000000285,-0.1900000000000004,0.9608854255574977,0.27694620226893646,0.0
2014-03-17,0.0,28.8,23.15,0.0,5.28,0.0,0.1,0.6000000000000285,-0.02999999999999936,0.9655071658143364,0.2603764827344581,0.0
2014-03-18,0.0,29.8,23.12,0.0,5.19,0.0,0.1,0.6000000000000285,-0.08999999999999986,0.969843196967294,0.24372971360968387,0.0
2014-03-19,0.0,30.1,23.1,0.0,5.1,0.0,0.0,0.40000000000002844,-0.09000000000000075,0.9738922359149924,0.22701082094141847,0.0
2014-03-20,0.0,28.9,23.1,0.0,4.94,0.0,0.0,0.40000000000002844,-0.15999999999999925,0.9776530844816641,0.2102247521189836,0.0
2014-03-21,0.0,29.2,23.1,0.0,4.78,0.0,0.0,0.40000000000002844,-0.16000000000000014,0.981124629771712,0.19337647441020586,0.0
2014-03-22,0.0,28.6,23.1,0.0,4.62,0.0,0.0,0.0,-0.16000000000000014,0.984305844499033,0.17647097349152166,0.0
2014-03-23,0.0,28.6,23.1,0.0,4.5,0.0,0.0,0.0,-0.1200000000000001,0.9871957872910085,0.15951325197263655,0.0
2014-03-24,0.0,27.9,23.1,0.0,4.5,0.0,0.0,0.0,0.0,0.9897936029670716,0.14250832791617088,0.0
2014-03-25,0.0,28.5,23.1,0.0,4.41,0.0,0.0,0.0,-0.08999999999999986,0.992098522791769,0.12546123335273648,0.0
2014-03-26,0.0,30.2,23.1,0.0,3.94,0.0,0.0,0.0,-0.4700000000000002,0.9941098647022418,0.10837701279187609,0.0
2014-03-27,0.0,29.7,23.1,0.4,3.22,0.0,0.0,0.40000000000002844,-0.7199999999999998,0.9958270335100595,0.09126072172931188,0.0
2014-03-28,0.0,30.0,23.08,0.0,2.87,0.0,0.0,0.40000000000002844,-0.3500000000000001,0.9972495210773451,0.07411742515094437,0.0
2014-03-29,0.0,30.8,23.05,0.0,2.56,0.0,0.0,0.40000000000002844,-0.31000000000000005,0.998376906467142,0.056952196034039754,0.0
2014-03-30,0.0,30.3,23.05,0.0,1.88,0.0,0.0,0.40000000000002844,-0.6800000000000002,0.9992088560679753,0.03977011384605572,0.0
2014-03-31,0.3,29.0,23.19,0.4,1.12,0.2999999999999822,0.3,0.8000000000000285,-0.7599999999999998,0.9997451236925734,0.022576263041545485,0.0
2014-04-01,0.0,28.6,23.28,0.0,0.66,0.2999999999999822,0.3,0.8000000000000285,-0.4600000000000001,0.9999855506507186,0.005375731557583884,0.0
2014-04-02,0.0,29.1,23.15,0.0,0.56,0.2999999999999822,0.3,0.8000000000000285,-0.09999999999999998,0.9999300657962057,-0.011826390691832589,0.0
2014-04-03,0.0,30.1,23.08,0.0,0.56,0.0,0.3,0.40000000000002844,0.0,0.9995786855478958,-0.029025013321975237,0.0
2014-04-04,0.0,30.3,23.05,0.0,0.56,0.0,0.3,0.40000000000002844,0.0,0.9989315138848577,-0.046215046983708354,0.0
2014-04-05,0.0,29.7,23.05,0.0,0.56,0.0,0.3,0.40000000000002844,0.0,0.9979887423155984,-0.06339140486951038,0.0
2014-04-06,0.0,29.1,23.21,1.1,0.56,0.0,0.3,1.5000000000000284,0.0,0.9967506498213929,-0.08054900421874167,0.0
2014-04-07,0.1,28.6,23.48,0.3,0.56,0.09999999999998224,0.1,1.4000000000000286,0.0,0.9952176027737294,-0.09768276782171598,0.0
2014-04-08,0.0,28.0,23.46,0.4,0.56,0.09999999999998224,0.1,1.8000000000000282,0.0,0.9933900548258936,-0.11478762552212701,0.0
2014-04-09,2.3,27.5,23.84,0.3,0.63,2.399999999999982,2.4,2.100000000000028,0.06999999999999995,0.9912685467787256,-0.13185851571739118,0.0
2014-04-10,0.0,28.5,24.06,0.0,0.63,2.299999999999982,2.4,2.100000000000028,0.0,0.9888537064205885,-0.1488903868564548,0.0
2014-04-11,0.0,29.1,23.51,0.0,0.59,2.299999999999982,2.4,2.100000000000028,-0.040000000000000036,0.986146248341595,-0.16587819893463143,0.0
2014-04-12,0.0,29.2,23.19,0.0,0.56,0.0,2.4,2.100000000000028,-0.029999999999999916,0.9831469737221499,-0.1828169249850199,0.0
2014-04-13,0.0,28.4,23.03,0.0,0.56,0.0,2.4,1.0000000000000282,0.0,0.9798567700958665,-0.1997015525660636,0.0
2014-04-14,0.0,28.2,23.0,0.0,0.56,0.0,2.3,0.7000000000000282,0.0,0.9762766110869321,-0.21652708524481437,0.0
2014-04-15,0.0,28.0,23.0,0.0,0.56,0.0,2.3,0.3000000000000282,0.0,0.9724075561219968,-0.23328854407545518,0.0
2014-04-16,0.1,28.1,23.04,0.2,0.53,0.09999999999998224,0.1,0.2000000000000282,-0.030000000000000027,0.9682507501166718,-0.2499809690726521,0.0
2014-04-17,1.2,27.1,23.43,0.5,0.56,1.2999999999999823,1.3,0.7000000000000282,0.030000000000000027,0.9638074231367307,-0.26659942067929354,0.0
2014-04-18,4.4,26.5,24.93,3.0,1.25,5.699999999999982,5.7,3.700000000000028,0.69,0.9590788900341131,-0.28313898122818354,0.0
2014-04-19,1.0,27.2,27.74,1.3,1.94,6.599999999999983,6.7,5.000000000000028,0.69,0.9540665500578387,-0.2995947563972602,0.0
2014-04-20,1.1,28.4,27.73,0.9,1.97,6.499999999999982,7.800000000000001,5.900000000000028,0.030000000000000027,0.9487718864399473,-0.31596187665790293,0.0
2014-04-21,0.0,29.0,27.08,0.3,1.56,2.0999999999999823,7.800000000000001,6.200000000000029,-0.4099999999999999,0.9431964659565866,-0.33223549871590435,0.0
2014-04-22,0.0,30.1,25.84,0.0,1.0,1.0999999999999823,7.800000000000001,6.200000000000029,-0.56,0.9373419384643772,-0.3484108069446808,0.0
2014-04-23,0.0,30.9,24.65,2.0,0.69,0.0,7.700000000000001,8.000000000000028,-0.31000000000000005,0.9312100364121947,-0.3644830148102912,0.0
2014-04-24,0.3,30.1,24.04,1.0,0.59,0.2999999999999822,6.800000000000001,8.500000000000028,-0.09999999999999998,0.9248025743285089,-0.38044736628785164,0.0
2014-04-25,0.0,30.3,23.82,0.0,0.59,0.2999999999999822,2.4,5.500000000000028,0.0,0.9181214482844364,-0.39629913726891813,0.0
2014-04-26,0.3,30.1,23.52,0.3,0.63,0.5999999999999822,1.7000000000000002,4.500000000000028,0.040000000000000036,0.9111686353326631,-0.41203363695942635,0.0
2014-04-27,0.0,30.3,23.49,0.3,0.66,0.2999999999999822,0.6,3.900000000000028,0.030000000000000027,0.9039461929224011,-0.42764620926777464,0.0
2014-04-28,0.3,30.0,23.38,0.4,0.69,0.5999999999999822,0.8999999999999999,4.000000000000028,0.029999999999999916,0.8964562582905575,-0.44313223418263453,0.0
2014-04-29,3.8,29.2,24.42,2.0,1.0,4.099999999999982,4.699999999999999,6.000000000000028,0.31000000000000005,0.8887010478292915,-0.45848712914008766,0.0
2014-04-30,2.2,29.1,26.43,0.6,1.03,6.299999999999982,6.9,4.600000000000028,0.030000000000000027,0.8806828564301475,-0.47370635037968,0.0
2014-05-01,2.9,29.1,26.81,1.0,0.97,8.899999999999983,9.5,4.600000000000028,-0.06000000000000005,0.8724040568049612,-0.48878539428899265,0.0
2014-05-02,0.9,29.0,26.84,0.1,0.85,5.999999999999982,10.4,4.700000000000028,-0.12,0.8638670987837349,-0.503719798736334,0.0
2014-05-03,0.8,29.3,26.06,0.0,0.69,4.599999999999982,10.899999999999999,4.400000000000028,-0.16000000000000003,0.8550745085896932,-0.518505144391157,0.0
2014-05-04,1.4,29.3,25.57,1.2,0.66,3.0999999999999823,12.299999999999999,5.300000000000028,-0.029999999999999916,0.8460288880917339,-0.533137056031809,0.0
2014-05-05,0.0,29.1,25.26,0.0,0.63,2.1999999999999824,12.0,4.900000000000028,-0.030000000000000027,0.8367329140344921,-0.5476112038402312,0.0
2014-05-06,0.0,29.3,24.29,0.4,0.56,1.3999999999999821,8.2,3.300000000000028,-0.06999999999999995,0.8271893372462497,-0.5619233046832195,0.0
2014-05-07,1.1,29.1,24.08,12.3,0.75,1.0999999999999823,7.1000000000000005,15.000000000000028,0.18999999999999995,0.8174009818249189,-0.5760691233798758,0.0
2014-05-08,10.4,27.2,25.48,17.5,4.78,11.499999999999982,14.600000000000001,31.50000000000003,4.03,0.8073707443023492,-0.5900444739548627,0.0
2014-05-09,8.4,25.8,34.39,8.3,8.75,19.899999999999984,22.1,39.70000000000003,3.9699999999999998,0.7971015927871943,-0.6038452208771035,0.0
2014-05-10,0.0,26.3,34.81,0.0,8.4,18.799999999999983,21.299999999999997,39.70000000000003,-0.34999999999999964,0.7865965660866021,-0.6174672802835514,0.0
2014-05-11,0.0,26.5,32.4,0.0,7.38,8.399999999999983,19.9,38.50000000000003,-1.0200000000000005,0.7758587728069828,-0.6309066211876704,0.0
2014-05-12,0.0,26.5,30.28,0.0,6.91,0.0,19.9,38.50000000000003,-0.46999999999999975,0.7648913904341225,-0.6441592666722685,0.0
2014-05-13,0.0,27.1,28.49,0.0,6.57,0.0,19.9,38.10000000000002,-0.33999999999999986,0.753697664392914,-0.6572212950663319,0.0
2014-05-14,0.2,26.8,27.07,0.0,6.35,0.19999999999998225,19.0,25.80000000000003,-0.22000000000000064,0.742280907086982,-0.6700888411055113,0.0
2014-05-15,0.0,26.8,25.98,0.0,6.1,0.19999999999998225,8.6,8.30000000000003,-0.25,0.7306444969184916,-0.6827580970759147,0.0
2014-05-16,0.2,27.6,25.12,0.0,5.87,0.39999999999998226,0.4,0.0,-0.22999999999999954,0.7187918772884232,-0.6952253139408722,0.0
2014-05-17,0.0,28.1,24.53,0.0,5.75,0.19999999999998225,0.4,0.0,-0.1200000000000001,0.7067265555776158,-0.7074868024503348,0.0
2014-05-18,2.9,28.5,25.08,3.8,6.06,3.0999999999999823,3.3,3.8000000000000282,0.3099999999999996,0.6944521021088763,-0.719538934232584,0.0
2014-05-19,0.6,29.5,26.81,1.4,6.31,3.4999999999999822,3.9,5.200000000000028,0.25,0.6819721490904629,-0.7313781428679254,0.0
2014-05-20,0.4,27.9,26.74,1.4,6.41,3.899999999999982,4.3,6.600000000000028,0.10000000000000053,0.6692903895412567,-0.7430009249440493,0.0
2014-05-21,1.7,27.4,26.95,7.2,6.57,2.6999999999999824,5.8,13.80000000000003,0.16000000000000014,0.6564105761979381,-0.7544038410927472,0.0
2014-05-22,0.0,27.6,27.04,0.0,6.43,2.099999999999982,5.8,13.80000000000003,-0.14000000000000057,0.6433365204044917,-0.765583517007675,0.0
2014-05-23,0.0,27.4,25.85,0.0,6.03,1.6999999999999822,5.6,13.80000000000003,-0.39999999999999947,0.6300720909843687,-0.7765366444428655,0.0
2014-05-24,0.5,27.6,25.0,0.0,5.78,0.49999999999998224,6.1,13.80000000000003,-0.25,0.6166212130956382,-0.7872599821916922,0.0
2014-05-25,0.0,27.6,24.51,0.0,5.68,0.49999999999998224,3.2,10.000000000000028,-0.10000000000000053,0.6029878670694714,-0.7977503570459932,0.0
2014-05-26,0.3,27.9,24.07,0.0,5.59,0.7999999999999823,2.9,8.60000000000003,-0.08999999999999986,0.5891760872322963,-0.8080046647350754,0.0
2014-05-27,1.3,27.5,24.19,2.4,5.71,1.5999999999999823,3.8,9.600000000000028,0.1200000000000001,0.5751899607119775,-0.8180198708443174,0.0
2014-05-28,2.2,27.9,25.0,4.1,6.06,3.7999999999999825,4.3,6.5000000000000275,0.34999999999999964,0.5610336262283677,-0.8277930117131022,0.0
2014-05-29,0.4,28.0,25.68,0.2,6.1,3.8999999999999826,4.7,6.700000000000028,0.040000000000000036,0.5467112728685939,-0.8373211953118121,0.0
2014-05-30,0.6,27.5,25.29,1.0,5.93,3.1999999999999824,5.3,7.700000000000028,-0.16999999999999993,0.5322271388474397,-0.8466016020976267,0.0
2014-05-31,0.0,28.0,24.84,0.0,5.78,0.9999999999999822,4.8,7.700000000000028,-0.14999999999999947,0.5175855102531889,-0.8556314858488706,0.0
2014-06-01,0.0,27.9,24.16,0.0,5.62,0.5999999999999822,4.8,7.700000000000028,-0.16000000000000014,0.5027907197793043,-0.8644081744776648,0.0
2014-06-02,0.3,28.1,23.76,0.4,5.56,0.2999999999999822,4.8,8.100000000000028,-0.0600000000000005,0.4878471454423119,-0.8729290708206411,0.0
2014-06-03,1.2,26.7,24.44,4.3,5.68,1.4999999999999822,4.7,10.000000000000027,0.1200000000000001,0.47275920928627757,-0.881191653407483,0.0
2014-06-04,1.4,27.0,25.41,9.3,6.13,2.899999999999982,3.9,15.200000000000028,0.4500000000000002,0.4575313760742512,-0.8891934772070711,0.0
2014-06-05,0.8,27.2,26.54,4.3,6.43,3.3999999999999826,4.3,19.30000000000003,0.2999999999999998,0.44216815196707204,-0.8969321743510065,0.0
2014-06-06,0.2,27.6,26.29,0.2,6.35,2.399999999999982,3.9,18.50000000000003,-0.08000000000000007,0.42667408318992467,-0.9044054548343001,0.0
2014-06-07,0.0,27.3,25.62,8.9,6.1,0.9999999999999822,3.9,27.400000000000027,-0.25,0.4110537546870351,-0.9116111071930239,0.0
2014-06-08,0.3,27.1,25.3,3.4,5.93,0.49999999999998224,4.2,30.80000000000003,-0.16999999999999993,0.3953117887649151,-0.9185469991587165,0.0
2014-06-09,0.8,26.9,25.52,6.0,5.93,1.0999999999999823,4.7,36.40000000000003,0.0,0.37945284372454435,-0.925211078289358,0.0
2014-06-10,1.6,26.1,25.77,2.8,6.13,2.6999999999999824,5.1,34.90000000000003,0.20000000000000018,0.36348161248290634,-0.9316013725767187,0.0
2014-06-11,0.7,26.1,26.29,8.0,6.16,3.0999999999999828,4.4,33.60000000000003,0.03000000000000025,0.3474028211842774,-0.9377159910299093,0.0
2014-06-12,0.6,25.9,26.27,2.4,5.97,2.899999999999982,4.2,31.700000000000028,-0.1900000000000004,0.3312212278016865,-0.9435531242349544,0.0
2014-06-13,0.7,25.2,26.33,7.4,5.9,1.9999999999999822,4.7,38.900000000000034,-0.0699999999999994,0.31494162072895193,-0.9491110448902284,0.0
2014-06-14,2.3,25.1,26.88,4.6,6.16,3.599999999999982,7.0,34.60000000000003,0.2599999999999998,0.2985688173637202,-0.9543881083175908,0.0
2014-06-15,1.3,24.6,27.77,10.8,6.43,4.299999999999982,8.0,42.00000000000003,0.2699999999999996,0.2821076626819194,-0.9593827529490743,0.0
2014-06-16,2.2,24.6,28.56,10.2,6.66,5.799999999999983,9.399999999999999,46.20000000000003,0.23000000000000043,0.26556302780405594,-0.9640935007889755,0.0
2014-06-17,2.1,24.7,29.6,7.9,6.96,5.599999999999983,9.9,51.30000000000003,0.2999999999999998,0.24893980855376657,-0.9685189578512204,0.0
2014-06-18,3.8,24.5,30.97,19.3,8.1,8.099999999999984,13.0,62.60000000000002,1.1399999999999997,0.23224292400907015,-0.9726578145718654,0.0
2014-06-19,3.2,24.3,33.79,21.6,9.47,9.099999999999984,15.6,81.80000000000003,1.370000000000001,0.21547731504673012,-0.976508846196619,0.0
2014-06-20,0.7,24.6,34.65,14.1,9.91,7.699999999999983,15.6,88.50000000000004,0.4399999999999995,0.19864794288017112,-0.9800709131432666,0.0
2014-06-21,0.8,24.7,35.03,14.3,9.84,4.699999999999983,14.100000000000001,98.20000000000003,-0.07000000000000028,0.18175978759137534,-0.9833429613388902,0.0
2014-06-22,0.3,24.6,35.17,10.8,9.52,1.7999999999999827,13.1,98.20000000000003,-0.3200000000000003,0.16481784665719793,-0.9863240225317866,0.0
2014-06-23,0.0,25.0,34.71,10.4,8.82,1.0999999999999828,10.899999999999999,98.40000000000003,-0.6999999999999993,0.14782713347053048,-0.9890132145779883,0.0
2014-06-24,0.0,25.2,33.73,6.0,7.71,0.29999999999998267,8.799999999999999,96.50000000000003,-1.1100000000000003,0.13079267585675922,-0.9914097417023038,0.0
2014-06-25,0.0,25.4,32.59,5.8,6.66,0.0,5.000000000000001,83.00000000000003,-1.0499999999999998,0.11371951458594969,-0.9935128947338007,0.0
2014-06-26,0.2,25.7,31.61,7.0,5.93,0.1999999999999827,2.0,68.40000000000003,-0.7300000000000004,0.0966127018812031,-0.9953220513156602,0.0
2014-06-27,0.3,26.1,30.55,2.6,5.44,0.4999999999999827,1.6,56.900000000000034,-0.4899999999999993,0.07947729992362097,-0.9968366760893436,0.0
2014-06-28,0.5,26.1,29.61,0.3,5.1,0.9999999999999827,1.3,42.90000000000003,-0.34000000000000075,0.062318379354325076,-0.998056320853012,0.0
2014-06-29,0.0,26.3,28.72,1.2,4.78,0.7999999999999827,1.0,33.30000000000003,-0.3199999999999994,0.04514101777397193,-0.9989806246941579,0.0
2014-06-30,0.2,25.9,27.84,1.0,4.47,0.6999999999999826,1.2,23.900000000000027,-0.3100000000000005,0.02795029824021032,-0.999609314096404,0.0
2014-07-01,1.2,25.3,27.36,5.8,4.25,1.3999999999999826,2.4,23.700000000000028,-0.21999999999999975,0.01075130776352193,-0.9999422030204416,0.0
2014-07-02,0.1,25.2,27.26,2.3,4.15,1.4999999999999827,2.5,20.200000000000028,-0.09999999999999964,-0.00645086419810515,-0.9999791929590823,0.0
2014-07-03,1.3,24.0,27.47,14.4,4.43,2.5999999999999828,3.5999999999999996,27.600000000000026,0.27999999999999936,-0.023651127245231586,-0.9997202729664083,0.0
2014-07-04,1.6,23.9,28.91,13.0,5.65,2.999999999999983,4.9,38.00000000000003,1.2200000000000006,-0.04084439154329611,-0.9991655196610109,0.0
2014-07-05,3.6,24.0,30.95,16.0,7.57,6.499999999999982,8.0,53.700000000000024,1.92,-0.05802556932878035,-0.9983150972033183,0.0
2014-07-06,0.6,24.5,32.46,13.7,8.75,5.799999999999983,8.6,66.20000000000003,1.1799999999999997,-0.07518957641475855,-0.9971692572470178,0.0
2014-07-07,1.6,24.3,33.17,11.3,10.94,5.799999999999983,10.0,76.50000000000003,2.1899999999999995,-0.09233133369539122,-0.9957283388645872,0.0
2014-07-08,12.9,23.2,38.18,21.0,13.86,15.099999999999984,21.700000000000003,91.70000000000003,2.92,-0.10944576864891556,-0.993992768446958,0.0
2014-07-09,10.1,22.8,40.76,27.3,20.83,24.599999999999984,31.700000000000003,116.70000000000003,6.969999999999999,-0.12652781683868314,-0.9919630595773397,0.0
2014-07-10,20.9,22.5,46.63,54.3,32.27,43.89999999999998,51.3,156.60000000000002,11.440000000000005,-0.1435724234118113,-0.9896398128792412,0.0
2014-07-11,31.0,22.2,48.54,70.7,170.0,61.999999999999986,80.7,214.3,137.73,-0.16057454459499376,-0.9870237158387383,0.0
2014-07-12,19.9,22.3,48.6,67.2,265.07,71.79999999999998,97.0,265.5,95.07,-0.17752914918703497,-0.984115542601034,0.0
2014-07-13,6.9,23.1,50.06,31.6,256.63,57.79999999999998,103.3,283.40000000000003,-8.439999999999998,-0.19443122004766195,-0.9809161537413774,0.0
2014-07-14,8.8,23.0,48.95,48.8,275.06,35.59999999999998,110.5,320.90000000000003,18.430000000000007,-0.2112757555821793,-0.9774264960104055,0.0
2014-07-15,16.7,22.5,48.7,67.0,414.91,32.399999999999984,114.3,366.90000000000003,139.85000000000002,-0.2280577712215198,-0.9736476020539838,0.0
2014-07-16,13.7,22.6,48.15,45.5,541.0,39.19999999999999,117.9,385.1,126.08999999999997,-0.24477230089725957,-0.9695805901076308,0.0
2014-07-17,6.9,23.2,50.48,43.5,567.85,37.29999999999998,103.89999999999999,374.30000000000007,26.850000000000023,-0.2614143985111562,-0.965226663665613,0.0
2014-07-18,8.1,23.1,51.06,47.0,567.85,28.699999999999985,81.00000000000001,350.6,0.0,-0.2779791393987801,-0.9605871111248129,0.0
2014-07-19,8.6,23.0,49.63,63.5,583.79,23.599999999999987,69.7,346.90000000000003,15.93999999999994,-0.2944616217868012,-0.9556633054034704,0.0
2014-07-20,5.0,22.7,49.5,37.8,582.45,21.69999999999999,67.80000000000001,353.1,-1.3399999999999181,-0.3108569682435036,-0.9504567035349151,0.0
2014-07-21,7.0,22.2,49.24,55.6,553.63,20.599999999999987,66.0,359.90000000000003,-28.82000000000005,-0.3271603271220951,-0.9449688462364056,0.0
2014-07-22,13.7,21.5,48.55,55.2,624.17,25.699999999999985,63.00000000000001,348.1,70.53999999999996,-0.34336687399638804,-0.939201357453208,0.0
2014-07-23,21.6,21.8,48.1,74.8,815.58,42.29999999999998,70.9,377.4,191.41000000000008,-0.3594718130884232,-0.9331559438780432,0.0
2014-07-24,15.6,22.3,47.58,65.0,956.19,50.899999999999984,79.60000000000001,398.9,140.61,-0.3754703786876202,-0.9268343944460494,0.0
2014-07-25,11.0,22.6,47.04,48.4,898.5,48.19999999999999,82.50000000000001,400.3,-57.690000000000055,-0.3913578365610259,-0.9202385798054075,0.0
2014-07-26,2.0,23.2,47.88,22.2,720.11,28.599999999999987,75.9,359.00000000000006,-178.39,-0.4071294853542516,-0.9133704517637858,0.0
2014-07-27,7.6,23.1,48.5,36.5,554.9,20.599999999999987,78.5,357.70000000000005,-165.21000000000004,-0.4227806579826773,-0.9062320427107697,0.0
2014-07-28,40.3,22.2,49.03,54.3,601.56,49.899999999999984,111.8,356.40000000000003,46.65999999999997,-0.4383067230125192,-0.898825465016444,1.0
2014-07-29,47.0,22.2,48.38,76.4,806.24,94.89999999999998,145.10000000000002,377.6,204.68000000000006,-0.45370308603134424,-0.8911529104063088,1.0
2014-07-30,32.1,22.5,47.44,91.3,1100.54,119.39999999999999,155.6,394.1,294.29999999999995,-0.46896519100763184,-0.8832166493127127,1.0
2014-07-31,34.1,23.1,48.74,73.5,1287.25,113.19999999999999,174.10000000000002,402.6,186.71000000000004,-0.48408852163897587,-0.8750190302029955,1.0
2014-08-01,10.4,23.4,47.85,57.9,1195.74,76.6,173.5,412.1,-91.50999999999999,-0.4990686026885319,-0.8665624788845385,0.0
2014-08-02,5.5,23.2,50.37,36.8,985.28,49.999999999999986,177.0,426.7,-210.46000000000004,-0.5139010013093103,-0.8578494977869301,0.0
2014-08-03,8.2,23.1,50.46,51.4,786.05,24.099999999999987,177.60000000000002,441.6,-199.23000000000002,-0.5285813283559292,-0.8488826652214553,0.0
2014-08-04,13.1,22.9,47.43,72.1,731.82,26.799999999999983,150.4,459.40000000000003,-54.229999999999905,-0.5431052396834317,-0.8396646346181327,0.0
2014-08-05,10.9,22.2,49.2,53.4,789.68,32.19999999999999,114.3,436.4,57.8599999999999,-0.5574684374327892,-0.8301981337405212,0.0
2014-08-06,7.5,22.4,48.91,42.3,796.99,31.499999999999986,89.69999999999999,387.40000000000003,7.310000000000059,-0.5716666713027052,-0.8204859638785327,0.0
2014-08-07,5.1,22.7,50.54,39.9,715.14,23.499999999999986,60.7,353.79999999999995,-81.85000000000002,-0.5856957398073508,-0.8105309990194823,0.0
2014-08-08,4.4,22.5,50.82,29.4,602.95,16.999999999999986,54.7,325.3,-112.18999999999994,-0.5995514915196489,-0.8003361849976323,0.0
2014-08-09,2.4,22.8,50.53,32.3,491.04,11.899999999999986,51.6,320.8,-111.91000000000003,-0.6132298262997502,-0.7899045386224707,0.0
2014-08-10,2.4,22.8,50.27,27.2,409.2,9.199999999999985,45.8,296.6,-81.84000000000003,-0.6267266965083301,-0.7792391467859886,0.0
2014-08-11,0.9,23.0,49.54,13.0,324.84,5.699999999999986,33.6,237.50000000000003,-84.36000000000001,-0.6400381082043503,-0.7683431655492202,0.0
2014-08-12,1.0,23.2,48.98,13.9,246.17,4.299999999999986,23.7,198.0,-78.66999999999999,-0.65316012232693,-0.7572198192083127,0.0
2014-08-13,1.0,23.2,48.58,9.0,182.65,2.8999999999999857,17.200000000000003,164.70000000000002,-63.51999999999998,-0.666088855860977,-0.7458723993404063,0.0
2014-08-14,1.1,23.1,48.3,17.2,144.88,3.099999999999986,13.2,142.00000000000003,-37.77000000000001,-0.6788204829862355,-0.734304263829602,0.0
2014-08-15,2.2,23.0,48.53,22.6,130.22,4.2999999999999865,11.0,135.20000000000002,-14.659999999999997,-0.6913512362094071,-0.722518835873311,0.0
2014-08-16,1.7,22.9,48.7,15.1,135.14,4.999999999999986,10.299999999999999,118.00000000000003,4.9199999999999875,-0.7036774074790128,-0.7105196029692745,0.0
2014-08-17,1.5,23.2,48.56,10.8,134.83,5.399999999999986,9.4,101.60000000000004,-0.30999999999997385,-0.7157953492826642,-0.6983101158835584,0.0
2014-08-18,1.6,24.0,47.76,0.9,111.98,4.799999999999986,10.1,89.50000000000003,-22.85000000000001,-0.7277014757264236,-0.6858939875998223,0.0
2014-08-19,0.1,24.5,46.9,9.3,78.98,3.1999999999999855,9.2,84.90000000000003,-33.0,-0.7393922635959241,-0.673274892250183,0.0
2014-08-20,2.1,24.7,46.68,10.6,58.57,3.7999999999999856,10.3,86.50000000000003,-20.410000000000004,-0.7508642533989489,-0.6604565640279754,0.0
2014-08-21,2.8,25.1,47.02,7.9,54.72,4.999999999999986,12.0,77.20000000000005,-3.8500000000000014,-0.7621140503891487,-0.6474427960827475,0.0
2014-08-22,4.0,24.7,47.48,8.2,53.95,8.899999999999986,13.8,62.800000000000026,-0.769999999999996,-0.7731383255706026,-0.6342374393978054,0.0
2014-08-23,4.8,25.0,47.81,19.5,57.88,11.599999999999985,16.9,67.20000000000003,3.9299999999999997,-0.7839338166829201,-0.620844401650647,0.0
2014-08-24,7.3,24.3,48.32,25.5,84.31,16.099999999999987,22.7,81.90000000000003,26.43,-0.7944973291665992,-0.6072676460566135,0.0
2014-08-25,8.4,23.7,48.56,20.4,119.5,20.499999999999986,29.5,101.40000000000002,35.19,-0.8048257371083452,-0.593511190196115,0.0
2014-08-26,13.3,22.3,48.03,30.4,142.55,28.999999999999986,42.7,122.50000000000003,23.05000000000001,-0.8149159841660791,-0.5795791048257612,0.0
2014-08-27,5.2,22.1,49.17,27.7,154.96,26.899999999999984,45.8,139.60000000000002,12.409999999999997,-0.8247650844733614,-0.5654755126737576,0.0
2014-08-28,11.3,22.0,50.32,29.6,180.13,29.799999999999986,54.300000000000004,161.3,25.169999999999987,-0.8343701235229538,-0.5512045872199277,0.0
2014-08-29,8.5,22.6,50.12,15.1,201.3,24.999999999999986,58.800000000000004,168.20000000000005,21.170000000000016,-0.8437282590292712,-0.5367705514607103,0.0
2014-08-30,13.2,22.7,47.73,26.1,210.35,32.999999999999986,67.2,174.80000000000004,9.049999999999983,-0.8528367217694595,-0.522177676659508,0.0
2014-08-31,24.0,22.3,48.89,49.7,308.03,45.69999999999999,83.9,199.00000000000006,97.67999999999998,-0.8616928164028522,-0.5074302810827518,0.0
2014-09-01,8.2,22.5,45.9,25.6,399.87,45.399999999999984,83.69999999999999,204.20000000000005,91.84000000000003,-0.8702939222685674,-0.49253272872205434,0.0
2014-09-02,2.5,23.0,47.42,19.9,379.19,34.69999999999999,72.9,193.70000000000005,-20.680000000000007,-0.8786374941610001,-0.4774894280028391,0.0
2014-09-03,2.5,23.3,47.95,22.4,318.89,13.199999999999985,70.19999999999999,188.40000000000003,-60.30000000000001,-0.886721063082993,-0.46230483047981086,0.0
2014-09-04,3.2,22.9,48.66,26.1,281.49,8.199999999999985,62.1,184.90000000000003,-37.39999999999998,-0.8945422369764496,-0.4469834295196741,0.0
2014-09-05,4.1,22.8,49.63,33.4,277.61,9.799999999999986,57.699999999999996,203.20000000000002,-3.8799999999999955,-0.9020987014301837,-0.43152975897147144,0.0
2014-09-06,1.1,22.6,49.79,22.1,273.79,8.399999999999986,45.6,199.20000000000005,-3.819999999999993,-0.9093882203647925,-0.4159483918249421,0.0
2014-09-07,0.2,22.7,49.15,7.9,241.66,5.399999999999985,21.8,157.40000000000003,-32.130000000000024,-0.9164086366943458,-0.4002439388573056,0.0
2014-09-08,1.2,22.7,48.77,15.9,184.78,2.499999999999986,14.8,147.70000000000002,-56.879999999999995,-0.9231578729647039,-0.38442104726885545,0.0
2014-09-09,3.6,22.6,49.25,21.4,160.06,4.999999999999986,15.9,149.20000000000002,-24.72,-0.9296339319682695,-0.3684843993077793,0.0
2014-09-10,2.1,22.6,49.23,11.6,157.12,6.899999999999986,15.5,138.40000000000003,-2.9399999999999977,-0.9358348973349941,-0.35243871088460327,0.0
2014-09-11,0.7,22.8,48.48,5.7,137.04,6.399999999999986,13.0,118.00000000000003,-20.080000000000013,-0.9417589340994617,-0.33628873017668287,0.0
2014-09-12,0.7,23.3,47.67,6.6,104.44,3.499999999999986,9.6,91.20000000000002,-32.599999999999994,-0.9474042892438845,-0.32003923622313857,0.0
2014-09-13,3.2,23.1,47.67,9.6,78.8,4.599999999999985,11.7,78.70000000000003,-25.64,-0.9527692922168511,-0.30369503751065885,0.0
2014-09-14,3.1,23.3,48.0,5.4,66.14,6.999999999999986,14.600000000000001,76.20000000000002,-12.659999999999997,-0.9578523554276669,-0.28726097055059635,0.0
2014-09-15,2.6,23.3,47.81,4.2,58.02,8.899999999999986,16.0,64.50000000000003,-8.119999999999997,-0.9626519747161487,-0.2707418984477642,0.0
2014-09-16,2.3,23.2,47.66,6.3,49.93,7.999999999999986,14.7,49.40000000000003,-8.090000000000003,-0.9671667297977312,-0.2541427094613622,0.0
2014-09-17,0.0,23.6,46.95,1.6,48.43,4.899999999999986,12.6,39.400000000000034,-1.5,-0.97139528468375,-0.23746831555846842,0.0
2014-09-18,0.1,23.6,46.18,7.9,43.26,2.3999999999999857,12.0,41.60000000000003,-5.170000000000002,-0.9753363880767837,-0.2207236509605022,0.0
2014-09-19,2.2,23.4,46.49,3.1,42.35,2.299999999999986,13.5,38.10000000000003,-0.9099999999999966,-0.9789888737409319,-0.20391367068311472,0.0
2014-09-20,0.6,23.4,46.29,2.1,47.42,2.899999999999986,10.9,30.60000000000003,5.07,-0.9823516608469237,-0.18704334906991657,0.0
2014-09-21,0.9,23.9,45.56,1.8,38.81,3.699999999999986,8.7,27.000000000000032,-8.61,-0.9854237542919524,-0.17011767832049052,0.0
2014-09-22,0.0,24.2,44.7,0.0,28.11,1.4999999999999858,6.1000000000000005,22.80000000000003,-10.700000000000003,-0.9882042449941422,-0.15314166701312007,0.0
2014-09-23,0.0,25.1,43.44,0.0,20.58,0.8999999999999858,3.8000000000000003,16.50000000000003,-7.530000000000001,-0.9906923101615609,-0.13612033862266704,0.0
2014-09-24,4.1,25.2,43.15,1.9,14.28,4.099999999999985,7.9,16.80000000000003,-6.299999999999999,-0.9928872135356962,-0.11905873003404988,0.0
2014-09-25,3.9,25.4,44.57,29.7,14.1,7.999999999999986,11.700000000000001,38.60000000000003,-0.17999999999999972,-0.994788305609327,-0.10196189005174576,0.0
2014-09-26,0.6,25.6,45.72,18.9,35.39,8.599999999999985,10.1,54.40000000000002,21.29,-0.9963950238187231,-0.08483487790576538,0.0
2014-09-27,0.0,26.3,43.87,6.9,50.4,4.499999999999986,9.5,59.200000000000024,15.009999999999998,-0.9977068927101168,-0.06768276175455162,0.0
2014-09-28,0.0,26.5,42.4,4.2,35.22,0.5999999999999858,8.6,61.60000000000002,-15.18,-0.9987235240803972,-0.050510617185222886,0.0
2014-09-29,0.0,26.6,41.21,8.1,23.43,0.0,8.6,69.70000000000002,-11.79,-0.9994446170919858,-0.033323525711631344,0.0
2014-09-30,1.1,25.5,40.54,4.9,17.79,1.0999999999999859,9.7,74.60000000000002,-5.640000000000001,-0.9998699583618592,-0.016126573270657762,0.0
2014-10-01,0.0,26.0,40.2,11.0,16.74,1.0999999999999859,5.6,83.70000000000002,-1.0500000000000007,-0.9999994220246925,0.001075151282798226,0.0
2014-10-02,0.0,26.5,39.19,2.8,19.8,1.0999999999999859,1.7000000000000002,56.80000000000003,3.0600000000000023,-0.999832969770105,0.018276557681691223,0.0
2014-10-03,0.0,26.6,37.89,11.7,19.75,0.0,1.1,49.60000000000003,-0.05000000000000071,-0.9993706508539969,0.03547255575312556,0.0
2014-10-04,2.5,26.2,37.37,5.9,15.44,2.499999999999986,3.6,48.60000000000002,-4.3100000000000005,-0.9986126020839734,0.052658056924614005,0.0
2014-10-05,0.9,26.1,37.86,4.8,14.6,3.3999999999999857,4.5,49.20000000000003,-0.8399999999999999,-0.9975590477788613,0.06982797572987089,0.0
2014-10-06,1.8,25.7,38.72,9.6,17.32,5.199999999999986,6.300000000000001,50.70000000000003,2.7200000000000006,-0.9962102997023297,0.0869772313136861,0.0
2014-10-07,2.7,25.1,39.69,8.1,23.89,5.399999999999986,7.9,53.90000000000003,6.57,-0.9945667569706337,0.1041007489354256,0.0
2014-10-08,3.2,24.6,40.9,10.2,32.04,7.699999999999986,11.100000000000001,53.10000000000003,8.149999999999999,-0.9926289059345095,0.121193461470736,0.0
2014-10-09,4.9,24.6,42.2,11.0,38.99,10.799999999999986,16.0,61.300000000000026,6.950000000000003,-0.9903973200352558,0.1382503109109819,0.0
2014-10-10,2.3,24.9,43.61,8.1,44.6,10.399999999999988,18.3,57.70000000000003,5.609999999999999,-0.9878726596350429,0.15526624985999563,0.0
2014-10-11,3.1,25.2,44.05,15.4,51.0,10.299999999999986,18.900000000000002,67.20000000000003,6.399999999999999,-0.9850556718215013,0.172236243027682,0.0
2014-10-12,0.0,26.5,43.3,0.0,54.34,5.399999999999986,18.0,62.40000000000003,3.3400000000000034,-0.981947190186646,0.18915526872004093,0.0
2014-10-13,0.0,25.2,41.27,0.0,43.57,3.099999999999986,16.200000000000003,52.800000000000026,-10.770000000000003,-0.9785481345802031,0.20601832032517084,0.0
2014-10-14,0.0,25.3,39.75,0.0,27.18,0.0,13.500000000000002,44.70000000000003,-16.39,-0.9748595108374125,0.22282040779479959,0.0
2014-10-15,0.0,26.2,38.41,0.0,17.16,0.0,10.3,34.50000000000003,-10.02,-0.9708824104813836,0.23955655912092708,0.0
2014-10-16,0.4,27.0,37.26,1.5,12.24,0.3999999999999858,5.8,25.00000000000003,-4.92,-0.9666180104000972,0.2562218218071163,0.0
2014-10-17,0.8,26.5,36.37,3.6,10.61,1.199999999999986,4.3,20.50000000000003,-1.6300000000000008,-0.9620675724981452,0.27281126433401914,0.0
2014-10-18,4.4,25.3,36.71,10.9,11.27,5.599999999999986,5.6,16.00000000000003,0.6600000000000001,-0.957232443323312,0.28931997761869527,0.0
2014-10-19,0.1,25.4,38.36,3.6,14.07,5.299999999999986,5.699999999999999,19.60000000000003,2.8000000000000007,-0.9521140536681102,0.3057430764672831,0.0
2014-10-20,0.0,26.3,37.2,0.0,16.58,4.499999999999986,5.699999999999999,19.60000000000003,2.509999999999998,-0.9467139181463862,0.3220757010206104,0.0
2014-10-21,0.0,26.8,35.86,0.2,13.86,0.0999999999999858,5.699999999999999,19.80000000000003,-2.719999999999999,-0.9410336347451197,0.3383130181923076,0.0
2014-10-22,0.0,26.9,34.59,0.0,11.02,0.0,5.699999999999999,19.80000000000003,-2.84,-0.9350748843515574,0.3544502230989869,0.0
2014-10-23,0.2,26.3,33.45,2.9,9.99,0.1999999999999858,5.499999999999999,21.200000000000028,-1.0299999999999994,-0.9288394302558068,0.3704825404820963,0.0
2014-10-24,2.1,25.3,33.23,7.8,10.8,2.299999999999986,6.799999999999999,25.400000000000027,0.8100000000000005,-0.9223291176290545,0.3864052261209853,0.0
2014-10-25,31.6,21.8,41.22,58.6,59.39,33.899999999999984,34.0,73.10000000000002,48.59,-0.9155458729775467,0.40221356823680365,0.0
2014-10-26,25.3,20.6,49.08,26.3,152.46,58.999999999999986,59.2,95.80000000000004,93.07000000000001,-0.9084917035725082,0.41790288888678667,0.0
2014-10-27,9.3,21.2,48.07,14.4,173.18,66.19999999999999,68.5,110.20000000000003,20.72,-0.9011686968561569,0.4334685453485363,0.0
2014-10-28,0.0,23.3,47.18,0.0,130.52,34.59999999999998,68.5,110.00000000000003,-42.66,-0.8935790198239952,0.4489059314938798,0.0
2014-10-29,0.0,23.6,45.6,0.0,82.75,9.299999999999986,68.5,110.00000000000003,-47.77000000000001,-0.8857249183835637,0.4642104791518923,0.0
2014-10-30,0.0,22.7,44.06,0.0,50.05,0.0,68.3,107.10000000000002,-32.7,-0.8776087166898392,0.4793776594606945,0.0
2014-10-31,0.0,22.6,42.7,0.0,30.55,0.0,66.2,99.30000000000003,-19.499999999999996,-0.8692328164574792,0.49440298420761813,0.0
2014-11-01,0.0,23.7,41.47,0.0,19.84,0.0,34.6,40.70000000000003,-10.71,-0.8605996962501181,0.5092820071573356,0.0
2014-11-02,0.0,24.5,40.28,0.0,15.11,0.0,9.3,14.400000000000029,-4.73,-0.8517119107469189,0.5240103253675756,0.0
2014-11-03,0.0,24.5,39.1,0.0,13.29,0.0,0.0,0.0,-1.8200000000000003,-0.8425720899866032,0.5385835804920232,0.0
2014-11-04,0.0,25.1,37.95,0.0,12.27,0.0,0.0,0.0,-1.0199999999999996,-0.8331829385891785,0.5529974600700271,0.0
2014-11-05,0.0,24.6,36.85,0.0,12.4,0.0,0.0,0.0,0.13000000000000078,-0.8235472349556007,0.5672476988027229,0.0
2014-11-06,0.0,24.5,35.79,0.0,12.9,0.0,0.0,0.0,0.5,-0.8136678304455991,0.5813300798152042,0.0
2014-11-07,0.0,24.5,34.8,0.0,12.74,0.0,0.0,0.0,-0.16000000000000014,-0.8035476485339116,0.5952404359043674,0.0
2014-11-08,0.0,23.9,33.85,0.0,12.49,0.0,0.0,0.0,-0.25,-0.7931896839451843,0.6089746507720486,0.0
2014-11-09,0.0,24.1,32.96,0.0,12.27,0.0,0.0,0.0,-0.22000000000000064,-0.7825970017677834,0.6225286602431057,0.0
2014-11-10,0.0,25.1,32.16,0.0,12.09,0.0,0.0,0.0,-0.17999999999999972,-0.7717727365467836,0.6358984534680745,0.0
2014-11-11,0.3,25.0,31.79,3.9,11.94,0.2999999999999858,0.3,3.9000000000000283,-0.15000000000000036,-0.7607200913564104,0.6490800741100398,0.0
2014-11-12,0.0,25.6,31.53,0.4,11.85,0.2999999999999858,0.3,4.300000000000028,-0.08999999999999986,-0.7494423368521954,0.6620696215153815,0.0
2014-11-13,0.0,25.4,30.85,0.0,11.79,0.2999999999999858,0.3,4.300000000000028,-0.0600000000000005,-0.7379428103031386,0.6748632518680403,0.0
2014-11-14,25.7,22.2,36.12,31.8,19.94,25.699999999999985,26.0,36.10000000000003,8.150000000000002,-0.7262249146041543,0.6874571793269664,0.0
2014-11-15,0.7,22.7,43.42,1.3,38.9,26.399999999999984,26.7,37.40000000000003,18.959999999999997,-0.7142921172691032,0.699847677146407,0.0
2014-11-16,0.6,24.1,42.71,0.0,47.42,26.999999999999986,27.3,37.40000000000003,8.520000000000003,-0.7021479494046978,0.7120310787787131,0.0
2014-11-17,0.0,24.0,41.15,0.0,29.76,1.2999999999999856,27.3,37.40000000000003,-17.66,-0.6897960046655887,0.7240037789593305,0.0
2014-11-18,0.0,24.4,39.74,0.0,17.92,0.5999999999999858,27.0,33.50000000000003,-11.84,-0.6772399381909491,0.7357622347736527,0.0
2014-11-19,0.0,24.7,38.47,0.0,12.34,0.0,27.0,33.10000000000003,-5.580000000000002,-0.6644834655228552,0.7473029667054296,0.0
2014-11-20,0.0,24.7,37.28,0.0,10.53,0.0,27.0,33.10000000000003,-1.8100000000000005,-0.6515303615068021,0.75862255966641,0.0
2014-11-21,0.0,24.0,36.2,0.0,9.96,0.0,1.2999999999999998,1.3000000000000285,-0.5699999999999985,-0.6383844591746642,0.7697176640069211,0.0
2014-11-22,0.0,24.7,35.22,0.0,9.67,0.0,0.6,0.0,-0.2900000000000009,-0.6250496486104377,0.7805849965070866,0.0
2014-11-23,0.0,25.1,34.35,0.0,9.45,0.0,0.0,0.0,-0.22000000000000064,-0.6115298757991053,0.7912213413483807,0.0
2014-11-24,0.0,25.0,33.48,0.0,9.3,0.0,0.0,0.0,-0.14999999999999858,-0.5978291414589552,0.801623551065242,0.0
2014-11-25,0.0,23.7,32.62,0.0,9.19,0.0,0.0,0.0,-0.11000000000000121,-0.5839514998576998,0.8117885474764613,0.0
2014-11-26,0.0,22.7,31.78,0.0,9.09,0.0,0.0,0.0,-0.09999999999999964,-0.5699010576127624,0.8217133225960589,0.0
2014-11-27,0.0,22.5,31.0,0.0,9.0,0.0,0.0,0.0,-0.08999999999999986,-0.5556819724760489,0.8313949395234058,0.0
2014-11-28,0.0,23.1,30.28,0.0,8.93,0.0,0.0,0.0,-0.07000000000000028,-0.5412984521036173,0.8408305333122887,0.0
2014-11-29,0.0,23.3,29.64,0.0,8.89,0.0,0.0,0.0,-0.03999999999999915,-0.5267547528105542,0.8500173118187018,0.0
2014-11-30,0.0,23.2,29.04,0.0,8.82,0.0,0.0,0.0,-0.07000000000000028,-0.5120551783114646,0.8589525565270845,0.0
2014-12-01,0.0,22.9,28.5,0.0,8.77,0.0,0.0,0.0,-0.05000000000000071,-0.4972040784469378,0.8676336233547726,0.0
2014-12-02,0.0,23.8,28.03,0.0,8.68,0.0,0.0,0.0,-0.08999999999999986,-0.4822058478963526,0.8760579434344281,0.0
2014-12-03,0.0,23.8,27.61,0.0,8.62,0.0,0.0,0.0,-0.0600000000000005,-0.46706492487743034,0.8842230238742036,0.0
2014-12-04,0.0,24.6,27.25,0.0,8.57,0.0,0.0,0.0,-0.049999999999998934,-0.451785789832884,0.8921264484954345,0.0
2014-12-05,0.0,23.4,26.91,0.0,8.53,0.0,0.0,0.0,-0.040000000000000924,-0.4363729641045924,0.8997658785476209,0.0
2014-12-06,0.0,23.1,26.64,0.0,8.48,0.0,0.0,0.0,-0.049999999999998934,-0.42083100859565564,0.9071390534005044,0.0
2014-12-07,0.0,23.5,26.4,0.0,8.46,0.0,0.0,0.0,-0.019999999999999574,-0.4051645224207563,0.9142437912130223,0.0
2014-12-08,0.0,24.3,26.21,0.0,8.42,0.0,0.0,0.0,-0.040000000000000924,-0.3893781415452015,0.9210779895789526,0.0
2014-12-09,0.0,25.3,26.19,0.8,8.4,0.0,0.0,0.8000000000000285,-0.019999999999999574,-0.37347653741307074,0.9276396261490467,0.0
2014-12-10,0.0,26.2,26.25,0.3,8.4,0.0,0.0,1.1000000000000285,0.0,-0.3574644155648614,0.9339267592294762,0.0
2014-12-11,1.6,25.2,26.17,7.6,8.75,1.5999999999999859,1.6,8.700000000000028,0.34999999999999964,-0.34134651424503615,0.9399375283564133,0.0
2014-12-12,10.5,23.1,30.29,16.2,12.15,12.099999999999985,12.1,24.900000000000027,3.4000000000000004,-0.3251276029999093,0.9456701548465688,0.0
2014-12-13,10.1,22.2,38.43,4.5,15.22,22.199999999999985,22.2,29.400000000000027,3.0700000000000003,-0.30881248126625377,0.9511229423235357,0.0
2014-12-14,0.2,23.2,38.99,0.1,16.66,20.799999999999983,22.4,29.50000000000003,1.4399999999999995,-0.29240597695107734,0.9562942772197719,0.0
2014-12-15,0.0,23.6,37.72,0.0,13.45,10.299999999999985,22.4,29.50000000000003,-3.210000000000001,-0.27591294500296043,0.9611826292540837,0.0
2014-12-16,0.0,23.3,36.21,0.0,10.72,0.1999999999999858,22.4,28.700000000000028,-2.7299999999999986,-0.2593382659754056,0.9657865518844574,0.0
2014-12-17,0.0,22.3,34.69,0.0,9.57,0.0,22.4,28.400000000000027,-1.1500000000000004,-0.2426868445825954,0.9701046827361175,0.0
2014-12-18,0.0,21.1,33.34,0.0,9.09,0.0,20.799999999999997,20.80000000000003,-0.4800000000000004,-0.22596360824801906,0.974135744004672,0.0
2014-12-19,0.0,22.6,32.21,0.0,8.84,0.0,10.299999999999999,4.600000000000028,-0.25,-0.20917350564635637,0.9778785428342386,0.0
2014-12-20,0.0,22.6,31.23,0.0,8.68,0.0,0.2,0.10000000000002843,-0.16000000000000014,-0.19232150523909483,0.9813319716704275,0.0
2014-12-21,0.0,22.1,30.34,0.0,8.57,0.0,0.0,0.0,-0.10999999999999943,-0.17541259380427843,0.9844950085880858,0.0
2014-12-22,0.0,21.3,29.46,0.0,8.46,0.0,0.0,0.0,-0.10999999999999943,-0.15845177496083632,0.9873667175937016,0.0
2014-12-23,0.0,21.3,28.69,0.0,8.38,0.0,0.0,0.0,-0.08000000000000007,-0.14144406768794202,0.9899462489023779,0.0
2014-12-24,0.0,21.8,28.03,0.0,8.33,0.0,0.0,0.0,-0.05000000000000071,-0.12439450483979998,0.9922328391893008,0.0
2014-12-25,0.0,22.3,27.46,0.0,8.27,0.0,0.0,0.0,-0.0600000000000005,-0.10730813165636247,0.9942258118156161,0.0
2014-12-26,0.0,21.7,26.94,0.0,8.2,0.0,0.0,0.0,-0.07000000000000028,-0.09019000427034513,0.9959245770286599,0.0
2014-12-27,0.0,20.7,26.54,0.0,8.16,0.0,0.0,0.0,-0.03999999999999915,-0.07304518821104743,0.9973286321364752,0.0
2014-12-28,0.0,20.9,26.2,0.0,8.16,0.0,0.0,0.0,0.0,-0.05587875690537313,0.9984375616565666,0.0
2014-12-29,0.0,21.9,25.92,0.0,8.12,0.0,0.0,0.0,-0.040000000000000924,-0.03869579017652689,0.9992510374388481,0.0
2014-12-30,0.0,22.4,25.72,0.0,8.1,0.0,0.0,0.0,-0.019999999999999574,-0.021501372740813793,0.999768818762748,0.0
2014-12-31,0.5,21.2,25.78,0.1,8.06,0.4999999999999858,0.5,0.10000000000002843,-0.03999999999999915,-0.004300592702981974,0.9999907524084426,0.0
2015-01-01,1.5,20.3,26.36,0.5,8.1,1.9999999999999858,2.0,0.6000000000000284,0.03999999999999915,0.017201575418260506,0.9998520419557735,0.0
2015-01-02,0.0,20.4,26.62,0.0,8.12,1.9999999999999858,2.0,0.6000000000000284,0.019999999999999574,0.03439806061360801,0.9994082116062598,0.0
2015-01-03,0.0,21.4,26.37,0.0,8.1,1.4999999999999858,2.0,0.6000000000000284,-0.019999999999999574,0.051584366869408364,0.9986686402879997,0.0
2015-01-04,0.0,21.8,26.12,0.0,8.02,0.0,2.0,0.6000000000000284,-0.08000000000000007,0.06875540848113941,0.9976335468520451,0.0
2015-01-05,0.0,22.6,25.88,0.0,7.95,0.0,2.0,0.6000000000000284,-0.0699999999999994,0.08590610426133272,0.9963032375991965,0.0
2015-01-06,0.0,23.2,25.59,0.0,7.87,0.0,2.0,0.6000000000000284,-0.08000000000000007,0.10303137904317879,0.9946781061893646,0.0
2015-01-07,0.0,23.3,25.3,0.0,7.83,0.0,1.5,0.5000000000000284,-0.040000000000000036,0.1201261651823505,0.9927586335250793,0.0
2015-01-08,0.0,23.2,25.1,0.0,7.75,0.0,0.0,0.0,-0.08000000000000007,0.13718540405660057,0.9905453876091833,0.0
2015-01-09,0.0,22.4,24.91,0.0,7.71,0.0,0.0,0.0,-0.040000000000000036,0.1542040475626894,0.988039023376751,0.0
2015-01-10,0.0,21.2,24.77,0.0,7.07,0.0,0.0,0.0,-0.6399999999999997,0.17117705961019986,0.985240282501282,0.0
2015-01-11,0.0,20.9,24.66,0.0,6.41,0.0,0.0,0.0,-0.6600000000000001,0.18809941761179758,0.9821499931752291,0.0
2015-01-12,0.0,20.8,24.6,0.0,6.13,0.0,0.0,0.0,-0.28000000000000025,0.20496611396949532,0.9787690698649216,0.0
2015-01-13,0.0,21.2,24.53,0.0,5.9,0.0,0.0,0.0,-0.22999999999999954,0.22177215755648186,0.975098513039961,0.0
2015-01-14,0.0,21.9,24.46,0.0,5.68,0.0,0.0,0.0,-0.22000000000000064,0.23851257519407648,0.9711394088771653,0.0
2015-01-15,0.0,21.8,24.4,0.0,5.52,0.0,0.0,0.0,-0.16000000000000014,0.2551824131233728,0.9668929289391521,0.0
2015-01-16,0.0,22.5,24.35,0.0,5.34,0.0,0.0,0.0,-0.17999999999999972,0.2717767384711357,0.9623603298276545,0.0
2015-01-17,0.0,22.6,24.29,0.0,5.05,0.0,0.0,0.0,-0.29000000000000004,0.2882906407095177,0.9575429528116719,0.0
2015-01-18,0.0,23.1,24.23,0.0,4.68,0.0,0.0,0.0,-0.3700000000000001,0.3047192331091634,0.9524422234305676,0.0
2015-01-19,0.0,23.8,24.18,0.0,4.37,0.0,0.0,0.0,-0.3099999999999996,0.321057654185271,0.9470596510722283,0.0
2015-01-20,0.0,23.2,24.15,0.0,4.61,0.0,0.0,0.0,0.2400000000000002,0.3373010691361842,0.9413968285264122,0.0
2015-01-21,0.0,23.0,24.12,0.0,4.96,0.0,0.0,0.0,0.34999999999999964,0.3534446712740877,0.9354554315134164,0.0
2015-01-22,0.0,22.9,24.08,0.0,4.98,0.0,0.0,0.0,0.020000000000000462,0.3694836834473831,0.9292372181882051,0.0
2015-01-23,0.0,22.6,24.05,0.0,4.9,0.0,0.0,0.0,-0.08000000000000007,0.38541335945432564,0.9227440286201427,0.0
2015-01-24,0.0,24.0,24.02,0.0,4.68,0.0,0.0,0.0,-0.22000000000000064,0.4012289854475009,0.9159777842484877,0.0
2015-01-25,0.0,24.3,23.99,0.0,4.42,0.0,0.0,0.0,-0.2599999999999998,0.4169258813287287,0.908940487313808,0.0
2015-01-26,0.0,24.3,23.97,0.0,4.24,0.0,0.0,0.0,-0.17999999999999972,0.4324994021339788,0.901634220265486,0.0
2015-01-27,0.0,23.9,23.93,0.0,4.09,0.0,0.0,0.0,-0.15000000000000036,0.44794493940789115,0.8940611451454876,0.0
2015-01-28,0.0,23.7,23.89,0.0,3.94,0.0,0.0,0.0,-0.1499999999999999,0.4632579225674917,0.88622350294858,0.0
2015-01-29,0.0,24.2,23.85,0.0,3.84,0.0,0.0,0.0,-0.10000000000000009,0.4784338202547012,0.8781236129591848,0.0
2015-01-30,0.0,24.7,23.83,0.0,4.31,0.0,0.0,0.0,0.46999999999999975,0.49346814167723735,0.8697638720650646,0.0
2015-01-31,0.0,24.9,23.78,0.0,4.94,0.0,0.0,0.0,0.6300000000000008,0.5083564379375122,0.8611467540480452,0.0
2015-02-01,0.0,24.8,23.75,0.0,5.22,0.0,0.0,0.0,0.27999999999999936,0.5230943033491326,0.8522748088519838,0.0
2015-02-02,0.0,24.5,23.72,0.0,5.41,0.0,0.0,0.0,0.1900000000000004,0.5376773767406141,0.8431506618282,0.0
2015-02-03,0.0,23.9,23.69,0.0,5.62,0.0,0.0,0.0,0.20999999999999996,0.5521013427459208,0.8337770129585915,0.0
2015-02-04,0.0,23.7,23.66,0.0,5.75,0.0,0.0,0.0,0.1299999999999999,0.5663619330814524,0.8241566360566663,0.0
2015-02-05,0.0,23.8,23.63,0.0,5.65,0.0,0.0,0.0,-0.09999999999999964,0.580454927809098,0.8142923779467267,0.0
2015-02-06,0.0,23.9,23.61,0.0,5.37,0.0,0.0,0.0,-0.28000000000000025,0.5943761565849831,0.804187157621448,0.0
2015-02-07,0.0,23.6,23.58,0.0,5.25,0.0,0.0,0.0,-0.1200000000000001,0.6081214998935418,0.7938439653781019,0.0
2015-02-08,0.0,23.8,23.55,0.0,5.44,0.0,0.0,0.0,0.1900000000000004,0.6216868902665479,0.7832658619336791,0.0
2015-02-09,0.0,24.3,23.53,0.0,5.56,0.0,0.0,0.0,0.11999999999999922,0.6350683134867438,0.7724559775191742,0.0
2015-02-10,0.0,25.2,23.5,0.0,5.59,0.0,0.0,0.0,0.03000000000000025,0.6482618097757122,0.7614175109532997,0.0
2015-02-11,0.0,24.6,23.51,0.0,5.68,0.0,0.0,0.0,0.08999999999999986,0.6612634749656386,0.7501537286959042,0.0
2015-02-12,0.0,24.9,23.47,0.0,5.81,0.0,0.0,0.0,0.1299999999999999,0.6740694616546161,0.7386679638813748,0.0
2015-02-13,0.0,25.7,23.45,0.0,5.78,0.0,0.0,0.0,-0.02999999999999936,0.6866759803451553,0.726963615332308,0.0
2015-02-14,0.0,26.1,23.45,0.0,5.62,0.0,0.0,0.0,-0.16000000000000014,0.6990793005655562,0.7150441465537444,0.0
2015-02-15,0.0,26.7,23.42,0.0,5.53,0.0,0.0,0.0,-0.08999999999999986,0.7112757519738152,0.7029130847082615,0.0
2015-02-16,0.0,26.7,23.4,0.0,5.56,0.0,0.0,0.0,0.02999999999999936,0.7232617254437388,0.6905740195722293,0.0
2015-02-17,0.0,26.7,23.4,0.0,5.41,0.0,0.0,0.0,-0.14999999999999947,0.7350336741329413,0.6780306024735382,0.0
2015-02-18,0.0,26.6,23.37,0.0,5.22,0.0,0.0,0.0,-0.1900000000000004,0.746588114532413,0.6652865452111116,0.0
2015-02-19,0.0,24.9,23.35,0.0,5.25,0.0,0.0,0.0,0.03000000000000025,0.7579216274973472,0.6523456189565257,0.0
2015-02-20,0.0,25.7,23.35,0.0,5.44,0.0,0.0,0.0,0.1900000000000004,0.7690308592589181,0.6392116531380588,0.0
2015-02-21,0.0,26.3,23.33,0.0,5.47,0.0,0.0,0.0,0.02999999999999936,0.7799125224167177,0.6258885343075018,0.0
2015-02-22,0.0,26.8,23.3,0.0,5.37,0.0,0.0,0.0,-0.09999999999999964,0.7905633969115482,0.612380204990065,0.0
2015-02-23,0.0,26.4,23.3,0.0,5.28,0.0,0.0,0.0,-0.08999999999999986,0.8009803309782905,0.5986906625177214,0.0
2015-02-24,0.0,26.5,23.3,0.0,5.19,0.0,0.0,0.0,-0.08999999999999986,0.8111602420785621,0.5848239578463322,0.0
2015-02-25,0.0,26.1,23.28,0.0,5.22,0.0,0.0,0.0,0.02999999999999936,0.8211001178128892,0.5707841943569036,0.0
2015-02-26,0.0,25.7,23.25,0.0,5.19,0.0,0.0,0.0,-0.02999999999999936,0.8307970168121247,0.5565755266413303,0.0
2015-02-27,0.0,25.1,23.25,0.0,5.0,0.0,0.0,0.0,-0.1900000000000004,0.8402480696078469,0.5422021592729844,0.0
2015-02-28,0.0,23.9,23.25,0.0,5.37,0.0,0.0,0.0,0.3700000000000001,0.8494504794814806,0.527668345562516,0.0
2015-03-01,22.4,19.9,30.97,28.3,11.45,22.399999999999984,22.4,28.30000000000003,6.079999999999999,0.8584015232918917,0.512978386299228,0.0
2015-03-02,1.8,21.2,37.16,3.4,11.85,24.199999999999985,24.2,31.700000000000028,0.40000000000000036,0.8670985522812081,0.4981366284784055,0.0
2015-03-03,0.0,20.3,35.14,0.0,9.81,24.199999999999985,24.2,31.700000000000028,-2.039999999999999,0.8755389928586302,0.4831474640149687,0.0
2015-03-04,0.0,20.3,33.25,0.0,8.12,1.7999999999999858,24.2,31.700000000000028,-1.6900000000000013,0.8837203473619977,0.4680153284438345,0.0
2015-03-05,0.0,22.4,31.62,0.0,7.09,0.0,24.2,31.700000000000028,-1.0299999999999994,0.8916401947968874,0.45274469960737107,0.0
2015-03-06,0.0,24.8,30.14,0.0,6.53,0.0,24.2,31.700000000000028,-0.5599999999999996,0.8992961915530253,0.4373400963303323,0.0
2015-03-07,0.0,25.6,28.75,0.0,6.24,0.0,24.2,31.700000000000028,-0.29000000000000004,0.9066860720977985,0.4218060770826634,0.0
2015-03-08,0.0,26.3,27.47,0.0,6.21,0.0,1.8,3.4000000000000283,-0.03000000000000025,0.9138076496466615,0.4061472386305789,0.0
2015-03-09,0.0,25.9,26.43,0.0,6.24,0.0,0.0,0.0,0.03000000000000025,0.9206588168102428,0.3903682146763026,0.0
2015-03-10,1.4,25.7,26.04,1.5,6.35,1.3999999999999857,1.4,1.5000000000000284,0.10999999999999943,0.9272375462179537,0.374473674486883,0.0
2015-03-11,0.0,26.6,26.18,0.0,6.31,1.3999999999999857,1.4,1.5000000000000284,-0.040000000000000036,0.9335418911179212,0.35846832151248087,0.0
2015-03-12,0.0,26.7,25.33,0.0,6.06,1.3999999999999857,1.4,1.5000000000000284,-0.25,0.9395699859530622,0.342356891994542,0.0
2015-03-13,3.3,26.8,25.39,0.2,6.19,3.2999999999999856,4.699999999999999,1.7000000000000284,0.13000000000000078,0.945320046913132,0.3261441535642696,0.0
2015-03-14,2.2,26.3,26.62,1.6,6.41,5.499999999999986,6.9,3.3000000000000282,0.21999999999999975,0.9507903724625832,0.3098349038318025,0.0
2015-03-15,0.4,25.5,26.85,0.5,6.38,5.899999999999986,7.3,3.8000000000000282,-0.03000000000000025,0.9559793438440766,0.2934339689665273,0.0
2015-03-16,0.0,26.2,26.09,0.0,6.24,2.599999999999986,7.3,3.8000000000000282,-0.13999999999999968,0.9608854255574977,0.27694620226893646,0.0
2015-03-17,0.2,27.4,25.23,0.0,5.97,0.5999999999999859,6.1000000000000005,2.3000000000000282,-0.27000000000000046,0.9655071658143364,0.2603764827344581,0.0
2015-03-18,0.0,28.2,24.6,0.0,5.71,0.1999999999999858,6.1,2.3000000000000282,-0.2599999999999998,0.969843196967294,0.24372971360968387,0.0
2015-03-19,0.0,28.3,24.16,0.0,5.62,0.1999999999999858,6.1,2.3000000000000282,-0.08999999999999986,0.9738922359149924,0.22701082094141847,0.0
2015-03-20,0.0,28.7,23.91,0.0,5.5,0.0,2.8000000000000003,2.100000000000028,-0.1200000000000001,0.9776530844816641,0.2102247521189836,0.0
2015-03-21,0.0,29.1,23.76,0.0,5.37,0.0,0.6000000000000001,0.5000000000000284,-0.1299999999999999,0.981124629771712,0.19337647441020586,0.0
2015-03-22,0.0,28.8,23.7,0.5,5.34,0.0,0.2,0.5000000000000284,-0.03000000000000025,0.984305844499033,0.17647097349152166,0.0
2015-03-23,0.0,28.7,23.65,0.0,5.5,0.0,0.2,0.5000000000000284,0.16000000000000014,0.9871957872910085,0.15951325197263655,0.0
2015-03-24,0.0,29.7,23.63,2.0,5.41,0.0,0.0,2.5000000000000284,-0.08999999999999986,0.9897936029670716,0.14250832791617088,0.0
2015-03-25,0.0,29.7,23.65,0.0,5.22,0.0,0.0,2.5000000000000284,-0.1900000000000004,0.992098522791769,0.12546123335273648,0.0
2015-03-26,0.0,29.0,23.59,0.9,5.15,0.0,0.0,3.4000000000000283,-0.0699999999999994,0.9941098647022418,0.10837701279187609,0.0
2015-03-27,0.0,28.8,23.57,1.4,5.1,0.0,0.0,4.800000000000028,-0.05000000000000071,0.9958270335100595,0.09126072172931188,0.0
2015-03-28,0.0,28.6,23.72,1.8,5.0,0.0,0.0,6.600000000000028,-0.09999999999999964,0.9972495210773451,0.07411742515094437,0.0
2015-03-29,9.3,27.6,25.89,6.4,6.35,9.299999999999986,9.3,12.500000000000028,1.3499999999999996,0.998376906467142,0.056952196034039754,0.0
2015-03-30,0.6,27.8,29.71,3.2,6.46,9.899999999999986,9.9,15.700000000000028,0.11000000000000032,0.9992088560679753,0.03977011384605572,0.0
2015-03-31,0.0,28.0,28.58,0.0,5.97,9.899999999999986,9.9,13.700000000000028,-0.4900000000000002,0.9997451236925734,0.022576263041545485,0.0
2015-04-01,0.0,28.1,27.16,0.0,5.53,0.5999999999999858,9.9,13.700000000000028,-0.4399999999999995,0.9999855506507186,0.005375731557583884,0.0
2015-04-02,0.0,27.7,25.72,0.0,5.15,0.0,9.9,12.80000000000003,-0.3799999999999999,0.9999300657962057,-0.011826390691832589,0.0
2015-04-03,0.0,27.4,24.64,0.0,4.9,0.0,9.9,11.40000000000003,-0.25,0.9995786855478958,-0.029025013321975237,0.0
2015-04-04,0.0,27.9,23.97,0.0,4.43,0.0,9.9,9.60000000000003,-0.47000000000000064,0.9989315138848577,-0.046215046983708354,0.0
2015-04-05,0.0,28.3,23.57,0.0,4.04,0.0,0.6,3.2000000000000286,-0.3899999999999997,0.9979887423155984,-0.06339140486951038,0.0
2015-04-06,0.0,28.5,23.4,0.0,3.72,0.0,0.0,0.0,-0.31999999999999984,0.9967506498213929,-0.08054900421874167,0.0
2015-04-07,0.0,27.7,23.31,0.0,3.25,0.0,0.0,0.0,-0.4700000000000002,0.9952176027737294,-0.09768276782171598,0.0
2015-04-08,0.0,27.6,23.25,0.0,2.6,0.0,0.0,0.0,-0.6499999999999999,0.9933900548258936,-0.11478762552212701,0.0
2015-04-09,0.2,27.8,23.32,0.2,2.22,0.1999999999999858,0.2,0.20000000000002843,-0.3799999999999999,0.9912685467787256,-0.13185851571739118,0.0
2015-04-10,3.2,27.4,24.07,0.2,3.19,3.399999999999986,3.4000000000000004,0.40000000000002844,0.9699999999999998,0.9888537064205885,-0.1488903868564548,0.0
2015-04-11,14.5,25.4,29.28,3.3,6.31,17.899999999999984,17.9,3.700000000000028,3.1199999999999997,0.986146248341595,-0.16587819893463143,0.0
2015-04-12,1.9,25.8,32.77,0.8,7.09,19.599999999999987,19.8,4.500000000000028,0.7800000000000002,0.9831469737221499,-0.1828169249850199,0.0
2015-04-13,0.0,25.3,31.52,0.0,5.93,16.399999999999984,19.8,4.500000000000028,-1.1600000000000001,0.9798567700958665,-0.1997015525660636,0.0
2015-04-14,0.0,24.9,29.64,0.0,5.07,1.8999999999999857,19.8,4.500000000000028,-0.8599999999999994,0.9762766110869321,-0.21652708524481437,0.0
2015-04-15,0.0,25.4,28.06,0.2,4.78,0.0,19.8,4.700000000000029,-0.29000000000000004,0.9724075561219968,-0.23328854407545518,0.0
2015-04-16,2.0,26.1,27.24,4.5,4.94,1.9999999999999858,21.6,9.000000000000028,0.16000000000000014,0.9682507501166718,-0.2499809690726521,0.0
2015-04-17,0.0,26.7,27.19,1.8,5.03,1.9999999999999858,18.4,10.60000000000003,0.08999999999999986,0.9638074231367307,-0.26659942067929354,0.0
2015-04-18,0.0,28.8,26.03,0.8,4.66,1.9999999999999858,3.9,8.100000000000028,-0.3700000000000001,0.9590788900341131,-0.28313898122818354,0.0
2015-04-19,0.0,29.5,24.92,0.0,4.25,0.0,2.0,7.300000000000029,-0.41000000000000014,0.9540665500578387,-0.2995947563972602,0.0
2015-04-20,0.0,29.4,24.22,0.3,4.15,0.0,2.0,7.600000000000029,-0.09999999999999964,0.9487718864399473,-0.31596187665790293,0.0
2015-04-21,0.0,28.9,23.9,0.3,4.06,0.0,2.0,7.900000000000029,-0.09000000000000075,0.9431964659565866,-0.33223549871590435,0.0
2015-04-22,0.2,28.3,23.72,0.0,4.0,0.1999999999999858,2.2,7.700000000000029,-0.05999999999999961,0.9373419384643772,-0.3484108069446808,0.0
2015-04-23,5.4,27.5,24.58,0.4,4.66,5.599999999999986,5.6000000000000005,3.6000000000000285,0.6600000000000001,0.9312100364121947,-0.3644830148102912,0.0
2015-04-24,0.0,28.3,26.0,0.1,4.85,5.599999999999986,5.6000000000000005,1.9000000000000286,0.1899999999999995,0.9248025743285089,-0.38044736628785164,0.0
2015-04-25,0.0,27.6,24.88,0.0,4.53,5.399999999999986,5.6000000000000005,1.1000000000000285,-0.3199999999999994,0.9181214482844364,-0.39629913726891813,0.0
2015-04-26,0.0,27.0,24.06,0.0,4.31,0.0,5.6000000000000005,1.1000000000000285,-0.22000000000000064,0.9111686353326631,-0.41203363695942635,0.0
2015-04-27,0.0,28.2,23.68,0.4,4.09,0.0,5.6000000000000005,1.2000000000000284,-0.21999999999999975,0.9039461929224011,-0.42764620926777464,0.0
2015-04-28,0.0,28.5,23.59,0.1,3.91,0.0,5.6000000000000005,1.0000000000000284,-0.17999999999999972,0.8964562582905575,-0.44313223418263453,0.0
2015-04-29,0.1,28.3,23.47,0.0,3.69,0.0999999999999858,5.5,1.0000000000000284,-0.2200000000000002,0.8887010478292915,-0.45848712914008766,0.0
2015-04-30,0.3,27.8,23.38,0.0,3.35,0.3999999999999858,0.4,0.6000000000000284,-0.33999999999999986,0.8806828564301475,-0.47370635037968,0.0
2015-05-01,0.4,28.1,23.38,0.0,2.87,0.7999999999999858,0.8,0.5000000000000284,-0.48,0.8724040568049612,-0.48878539428899265,0.0
2015-05-02,0.0,28.2,23.35,0.0,2.6,0.6999999999999857,0.8,0.5000000000000284,-0.27,0.8638670987837349,-0.503719798736334,0.0
2015-05-03,0.0,28.3,23.29,0.3,2.4,0.39999999999998576,0.8,0.8000000000000285,-0.20000000000000018,0.8550745085896932,-0.518505144391157,0.0
2015-05-04,0.0,28.8,23.31,0.3,1.94,0.0,0.8,0.7000000000000284,-0.45999999999999996,0.8460288880917339,-0.533137056031809,0.0
2015-05-05,2.7,28.3,23.97,2.9,2.16,2.699999999999986,3.5,3.5000000000000284,0.2200000000000002,0.8367329140344921,-0.5476112038402312,0.0
2015-05-06,1.1,28.2,25.49,2.1,2.16,3.799999999999986,4.5,5.600000000000028,0.0,0.8271893372462497,-0.5619233046832195,0.0
2015-05-07,2.1,28.7,25.37,0.4,1.62,5.899999999999986,6.300000000000001,6.000000000000028,-0.54,0.8174009818249189,-0.5760691233798758,0.0
2015-05-08,0.0,29.1,25.39,1.4,1.19,3.199999999999986,5.9,7.400000000000029,-0.43000000000000016,0.8073707443023492,-0.5900444739548627,0.0
2015-05-09,4.4,28.8,26.23,3.5,1.38,6.499999999999986,10.3,10.900000000000029,0.18999999999999995,0.7971015927871943,-0.6038452208771035,0.0
2015-05-10,0.8,28.9,28.19,0.4,1.06,5.199999999999986,11.100000000000001,11.000000000000028,-0.31999999999999984,0.7865965660866021,-0.6174672802835514,0.0
2015-05-11,0.7,29.4,27.39,1.8,0.85,5.899999999999985,11.8,12.500000000000028,-0.21000000000000008,0.7758587728069828,-0.6309066211876704,0.0
2015-05-12,10.4,27.6,28.3,3.0,3.29,11.899999999999984,19.5,12.600000000000028,2.44,0.7648913904341225,-0.6441592666722685,0.0
2015-05-13,5.8,27.4,33.4,3.2,6.59,16.899999999999984,24.2,13.70000000000003,3.3,0.753697664392914,-0.6572212950663319,0.0
2015-05-14,0.2,27.3,34.76,10.5,7.75,16.399999999999984,22.3,23.80000000000003,1.1600000000000001,0.742280907086982,-0.6700888411055113,0.0
2015-05-15,2.2,26.7,35.2,3.1,8.1,8.199999999999985,24.5,25.500000000000032,0.34999999999999964,0.7306444969184916,-0.6827580970759147,0.0
2015-05-16,0.4,27.3,34.61,14.4,7.59,2.799999999999986,20.5,36.400000000000034,-0.5099999999999998,0.7187918772884232,-0.6952253139408722,0.0
2015-05-17,0.3,27.8,33.81,1.6,7.18,2.899999999999986,20.0,37.60000000000003,-0.41000000000000014,0.7067265555776158,-0.7074868024503348,0.0
2015-05-18,0.0,27.8,32.26,0.0,6.73,0.6999999999999857,19.3,35.800000000000026,-0.4499999999999993,0.6944521021088763,-0.719538934232584,0.0
2015-05-19,0.0,27.3,30.41,0.0,6.21,0.2999999999999858,8.9,32.800000000000026,-0.5200000000000005,0.6819721490904629,-0.7313781428679254,0.0
2015-05-20,0.0,27.6,28.81,0.0,5.87,0.0,3.1000000000000005,29.60000000000003,-0.33999999999999986,0.6692903895412567,-0.7430009249440493,0.0
2015-05-21,0.0,27.5,27.43,0.0,5.62,0.0,2.9000000000000004,19.10000000000003,-0.25,0.6564105761979381,-0.7544038410927472,0.0
2015-05-22,0.0,27.9,26.29,0.0,5.41,0.0,0.7,16.00000000000003,-0.20999999999999996,0.6433365204044917,-0.765583517007675,0.0
2015-05-23,0.0,27.8,25.4,0.6,5.31,0.0,0.3,2.2000000000000286,-0.10000000000000053,0.6300720909843687,-0.7765366444428655,0.0
2015-05-24,0.9,27.8,24.9,0.0,5.28,0.8999999999999858,0.9,0.6000000000000284,-0.02999999999999936,0.6166212130956382,-0.7872599821916922,0.0
2015-05-25,0.0,27.7,24.7,0.6,5.34,0.8999999999999858,0.9,1.2000000000000284,0.05999999999999961,0.6029878670694714,-0.7977503570459932,0.0
2015-05-26,0.0,27.7,24.3,0.1,5.41,0.8999999999999858,0.9,1.3000000000000285,0.07000000000000028,0.5891760872322963,-0.8080046647350754,0.0
2015-05-27,0.3,27.8,24.04,0.0,5.31,0.2999999999999858,1.2,1.3000000000000285,-0.10000000000000053,0.5751899607119775,-0.8180198708443174,0.0
2015-05-28,0.2,28.3,23.9,0.0,5.22,0.4999999999999858,1.4,1.3000000000000285,-0.08999999999999986,0.5610336262283677,-0.8277930117131022,0.0
2015-05-29,0.0,28.3,23.85,0.0,5.19,0.4999999999999858,1.4,1.3000000000000285,-0.02999999999999936,0.5467112728685939,-0.8373211953118121,0.0
2015-05-30,0.0,29.3,23.87,0.4,5.12,0.1999999999999858,1.4,1.1000000000000285,-0.07000000000000028,0.5322271388474397,-0.8466016020976267,0.0
2015-05-31,1.3,28.4,23.93,0.5,5.1,1.2999999999999858,1.8000000000000003,1.6000000000000285,-0.020000000000000462,0.5175855102531889,-0.8556314858488706,0.0
2015-06-01,0.0,27.4,24.19,0.7,5.15,1.2999999999999858,1.8000000000000003,1.7000000000000282,0.05000000000000071,0.5027907197793043,-0.8644081744776648,0.0
2015-06-02,0.0,27.3,23.93,0.0,5.15,1.2999999999999858,1.8000000000000003,1.6000000000000285,0.0,0.4878471454423119,-0.8729290708206411,0.0
2015-06-03,0.0,27.9,23.71,0.0,5.0,0.0,1.5000000000000002,1.6000000000000285,-0.15000000000000036,0.47275920928627757,-0.881191653407483,0.0
2015-06-04,0.2,27.9,23.67,1.3,4.9,0.1999999999999858,1.5000000000000002,2.9000000000000283,-0.09999999999999964,0.4575313760742512,-0.8891934772070711,0.0
2015-06-05,6.9,26.4,25.79,20.8,6.24,7.099999999999986,8.4,23.700000000000028,1.3399999999999999,0.44216815196707204,-0.8969321743510065,0.0
2015-06-06,0.3,27.2,29.41,3.3,7.28,7.399999999999986,8.700000000000001,26.60000000000003,1.04,0.42667408318992467,-0.9044054548343001,0.0
2015-06-07,5.7,26.7,31.08,6.2,8.16,12.899999999999986,13.100000000000001,32.300000000000026,0.8799999999999999,0.4110537546870351,-0.9116111071930239,0.0
2015-06-08,1.8,25.9,33.11,6.2,8.57,7.799999999999986,14.9,37.800000000000026,0.41000000000000014,0.3953117887649151,-0.9185469991587165,0.0
2015-06-09,1.4,25.6,33.06,3.3,9.19,8.899999999999986,16.3,41.10000000000002,0.6199999999999992,0.37945284372454435,-0.925211078289358,0.0
2015-06-10,7.3,25.2,35.89,4.4,8.66,10.499999999999986,23.6,45.50000000000003,-0.5299999999999994,0.36348161248290634,-0.9316013725767187,0.0
2015-06-11,0.8,25.5,35.1,8.6,7.65,9.499999999999986,24.200000000000003,52.800000000000026,-1.0099999999999998,0.3474028211842774,-0.9377159910299093,0.0
2015-06-12,2.9,24.7,35.09,12.3,7.49,10.999999999999986,20.2,44.30000000000003,-0.16000000000000014,0.3312212278016865,-0.9435531242349544,0.0
2015-06-13,1.6,23.9,35.75,32.1,9.72,5.2999999999999865,21.5,73.10000000000002,2.2300000000000004,0.31494162072895193,-0.9491110448902284,0.0
2015-06-14,34.4,22.9,41.65,45.5,18.95,38.899999999999984,50.2,112.40000000000003,9.229999999999999,0.2985688173637202,-0.9543881083175908,0.0
2015-06-15,10.8,23.2,44.66,19.8,22.17,46.79999999999998,59.2,126.00000000000003,3.2200000000000024,0.2821076626819194,-0.9593827529490743,0.0
2015-06-16,7.7,23.1,46.62,21.4,21.7,52.899999999999984,65.5,144.10000000000002,-0.4700000000000024,0.26556302780405594,-0.9640935007889755,0.0
2015-06-17,1.9,23.2,47.58,25.0,21.23,20.399999999999988,60.099999999999994,164.70000000000002,-0.46999999999999886,0.24893980855376657,-0.9685189578512204,0.0
2015-06-18,13.0,23.5,47.38,60.1,43.57,22.599999999999987,72.3,216.20000000000005,22.34,0.23224292400907015,-0.9726578145718654,0.0
2015-06-19,7.5,23.1,48.31,39.3,89.16,22.399999999999984,76.89999999999999,243.20000000000002,45.589999999999996,0.21547731504673012,-0.976508846196619,0.0
2015-06-20,17.8,23.2,49.59,42.4,163.82,38.29999999999998,93.1,253.50000000000003,74.66,0.19864794288017112,-0.9800709131432666,0.0
2015-06-21,33.9,23.0,49.05,69.0,318.89,59.19999999999999,92.6,277.0,155.07,0.18175978759137534,-0.9833429613388902,0.0
2015-06-22,7.8,23.4,50.54,25.6,389.84,59.499999999999986,89.60000000000001,282.8,70.94999999999999,0.16481784665719793,-0.9863240225317866,0.0
2015-06-23,15.2,23.6,50.31,58.2,464.59,56.89999999999999,97.1,319.6,74.75,0.14782713347053048,-0.9890132145779883,0.0
2015-06-24,12.1,24.0,48.36,51.2,556.19,35.099999999999994,107.3,345.80000000000007,91.60000000000008,0.13079267585675922,-0.9914097417023038,0.0
2015-06-25,4.4,24.1,49.92,21.1,517.8,31.699999999999992,98.69999999999999,306.8,-38.3900000000001,0.11371951458594969,-0.9935128947338007,0.0
2015-06-26,1.2,24.2,49.2,13.1,409.2,17.699999999999992,92.39999999999999,280.6,-108.59999999999997,0.0966127018812031,-0.9953220513156602,0.0
2015-06-27,0.3,24.6,48.51,10.4,306.61,5.899999999999993,74.89999999999999,248.60000000000002,-102.58999999999997,0.07947729992362097,-0.9968366760893436,0.0
2015-06-28,0.1,24.5,47.49,9.1,225.46,1.5999999999999928,41.1,188.70000000000005,-81.15,0.062318379354325076,-0.998056320853012,0.0
2015-06-29,0.5,24.5,46.58,6.4,150.01,0.8999999999999929,33.800000000000004,169.50000000000006,-75.45000000000002,0.04514101777397193,-0.9989806246941579,0.0
2015-06-30,1.0,23.9,46.15,4.2,109.66,1.599999999999993,19.6,115.50000000000003,-40.349999999999994,0.02795029824021032,-0.999609314096404,0.0
2015-07-01,1.9,24.0,45.99,5.6,80.28,3.399999999999993,9.4,69.90000000000003,-29.379999999999995,0.01075130776352193,-0.9999422030204416,0.0
2015-07-02,0.7,24.4,45.65,5.3,60.52,3.5999999999999925,5.7,54.10000000000003,-19.759999999999998,-0.00645086419810515,-0.9999791929590823,0.0
2015-07-03,0.1,24.5,45.28,6.6,49.47,2.6999999999999926,4.6,47.60000000000002,-11.050000000000004,-0.023651127245231586,-0.9997202729664083,0.0
2015-07-04,0.0,24.7,44.68,8.0,44.19,0.7999999999999928,4.3,45.20000000000003,-5.280000000000001,-0.04084439154329611,-0.9991655196610109,0.0
2015-07-05,0.0,24.6,43.91,6.2,41.76,0.0999999999999929,4.2,42.300000000000026,-2.4299999999999997,-0.05802556932878035,-0.9983150972033183,0.0
2015-07-06,0.0,24.3,43.27,6.3,40.88,0.0,3.6999999999999997,42.20000000000003,-0.8799999999999955,-0.07518957641475855,-0.9971692572470178,0.0
2015-07-07,1.3,24.0,43.34,13.2,43.16,1.299999999999993,4.0,51.200000000000024,2.279999999999994,-0.09233133369539122,-0.9957283388645872,0.0
2015-07-08,2.3,24.0,44.42,14.3,52.83,3.5999999999999925,4.4,59.900000000000034,9.670000000000002,-0.10944576864891556,-0.993992768446958,0.0
2015-07-09,1.2,24.1,45.08,19.7,68.5,4.799999999999993,4.8999999999999995,74.30000000000003,15.670000000000002,-0.12652781683868314,-0.9919630595773397,0.0
2015-07-10,1.9,23.9,45.86,16.3,86.5,5.399999999999992,6.7,84.00000000000003,18.0,-0.1435724234118113,-0.9896398128792412,0.0
2015-07-11,2.5,23.8,46.48,14.6,104.44,5.5999999999999925,9.2,90.60000000000004,17.939999999999998,-0.16057454459499376,-0.9870237158387383,0.0
2015-07-12,1.6,23.9,46.89,11.3,114.08,5.999999999999993,10.8,95.70000000000003,9.64,-0.17752914918703497,-0.984115542601034,0.0
2015-07-13,0.7,24.4,46.4,6.1,106.4,4.799999999999993,11.5,95.50000000000003,-7.679999999999993,-0.19443122004766195,-0.9809161537413774,0.0
2015-07-14,1.0,24.8,45.59,5.6,84.9,3.2999999999999927,11.2,87.90000000000003,-21.5,-0.2112757555821793,-0.9774264960104055,0.0
2015-07-15,0.0,24.6,44.67,6.5,62.39,1.6999999999999929,8.9,80.10000000000004,-22.510000000000005,-0.2280577712215198,-0.9736476020539838,0.0
2015-07-16,1.5,24.0,44.59,15.6,51.84,2.499999999999993,9.200000000000001,76.00000000000003,-10.549999999999997,-0.24477230089725957,-0.9695805901076308,0.0
2015-07-17,2.4,24.0,45.55,17.0,64.92,3.899999999999993,9.7,76.70000000000003,13.079999999999998,-0.2614143985111562,-0.965226663665613,0.0
2015-07-18,2.4,24.0,46.42,20.3,92.54,6.299999999999993,9.6,82.40000000000003,27.620000000000005,-0.2779791393987801,-0.9605871111248129,0.0
2015-07-19,4.1,23.7,47.47,31.9,124.6,8.899999999999991,12.1,103.00000000000003,32.05999999999999,-0.2944616217868012,-0.9556633054034704,0.0
2015-07-20,2.2,23.6,47.65,18.8,149.66,8.699999999999992,13.599999999999998,115.70000000000002,25.060000000000002,-0.3108569682435036,-0.9504567035349151,0.0
2015-07-21,1.9,23.4,47.9,18.0,153.88,8.199999999999992,14.499999999999998,128.10000000000002,4.219999999999999,-0.3271603271220951,-0.9449688462364056,0.0
2015-07-22,1.8,23.7,47.97,18.5,151.05,5.899999999999993,16.299999999999997,140.10000000000002,-2.829999999999984,-0.34336687399638804,-0.939201357453208,0.0
2015-07-23,2.1,23.7,47.91,15.3,148.62,5.799999999999993,16.9,139.80000000000004,-2.430000000000007,-0.3594718130884232,-0.9331559438780432,0.0
2015-07-24,3.6,23.5,46.54,42.0,151.76,7.499999999999993,18.1,164.80000000000004,3.1399999999999864,-0.3754703786876202,-0.9268343944460494,0.0
2015-07-25,3.3,23.3,46.5,19.4,185.64,8.999999999999993,19.0,163.90000000000003,33.879999999999995,-0.3913578365610259,-0.9202385798054075,0.0
2015-07-26,5.1,23.1,48.19,26.1,198.07,11.999999999999993,20.0,158.10000000000002,12.430000000000007,-0.4071294853542516,-0.9133704517637858,0.0
2015-07-27,4.2,23.2,48.8,18.8,196.7,12.599999999999993,22.0,158.10000000000005,-1.3700000000000045,-0.4227806579826773,-0.9062320427107697,0.0
2015-07-28,3.5,23.4,48.62,6.8,178.89,12.799999999999992,23.599999999999998,146.90000000000003,-17.810000000000002,-0.4383067230125192,-0.898825465016444,0.0
2015-07-29,1.1,23.0,47.79,7.6,137.04,8.799999999999992,22.900000000000002,136.00000000000003,-41.849999999999994,-0.45370308603134424,-0.8911529104063088,0.0
2015-07-30,1.0,23.2,47.47,10.4,106.89,5.5999999999999925,21.8,131.10000000000002,-30.14999999999999,-0.46896519100763184,-0.8832166493127127,0.0
2015-07-31,2.6,23.2,47.84,17.8,95.38,4.699999999999992,20.799999999999997,106.90000000000003,-11.510000000000005,-0.48408852163897587,-0.8750190302029955,0.0
2015-08-01,1.2,23.4,47.76,13.4,98.31,4.799999999999992,18.700000000000003,100.90000000000002,2.930000000000007,-0.4990686026885319,-0.8665624788845385,0.0
2015-08-02,0.5,23.4,46.99,4.9,90.41,4.299999999999992,14.1,79.70000000000003,-7.900000000000006,-0.5139010013093103,-0.8578494977869301,0.0
2015-08-03,0.0,22.9,46.38,6.3,72.28,1.699999999999992,9.899999999999999,67.20000000000003,-18.129999999999995,-0.5285813283559292,-0.8488826652214553,0.0
2015-08-04,0.0,23.1,46.17,10.8,60.38,0.499999999999992,6.4,71.20000000000003,-11.899999999999999,-0.5431052396834317,-0.8396646346181327,0.0
2015-08-05,1.6,22.5,46.81,20.7,63.27,1.599999999999992,6.9,84.30000000000003,2.8900000000000006,-0.5574684374327892,-0.8301981337405212,0.0
2015-08-06,0.9,22.6,47.39,22.3,81.6,2.499999999999992,6.800000000000001,96.20000000000005,18.32999999999999,-0.5716666713027052,-0.8204859638785327,0.0
2015-08-07,1.8,23.5,47.91,22.9,105.17,4.299999999999992,6.0,101.30000000000003,23.570000000000007,-0.5856957398073508,-0.8105309990194823,0.0
2015-08-08,1.0,23.7,47.81,10.8,121.46,3.699999999999992,5.8,98.70000000000003,16.289999999999992,-0.5995514915196489,-0.8003361849976323,0.0
2015-08-09,1.4,23.5,47.5,10.6,119.23,4.199999999999992,6.699999999999999,104.40000000000003,-2.2299999999999898,-0.6132298262997502,-0.7899045386224707,0.0
2015-08-10,2.2,23.5,47.74,15.5,107.39,4.5999999999999925,8.9,113.60000000000004,-11.840000000000003,-0.6267266965083301,-0.7792391467859886,0.0
2015-08-11,2.9,23.4,47.44,14.4,101.8,6.499999999999992,11.8,117.20000000000003,-5.590000000000003,-0.6400381082043503,-0.7683431655492202,0.0
2015-08-12,11.9,23.0,47.8,20.4,115.14,16.999999999999993,22.1,116.90000000000003,13.340000000000003,-0.65316012232693,-0.7572198192083127,0.0
2015-08-13,2.8,23.2,48.43,18.5,120.06,17.59999999999999,24.0,113.10000000000002,4.920000000000002,-0.666088855860977,-0.7458723993404063,0.0
2015-08-14,1.3,23.5,48.52,20.1,120.62,15.999999999999993,23.5,110.30000000000003,0.5600000000000023,-0.6788204829862355,-0.734304263829602,0.0
2015-08-15,1.6,23.8,48.17,12.9,117.03,5.699999999999991,24.1,112.40000000000003,-3.5900000000000034,-0.6913512362094071,-0.722518835873311,0.0
2015-08-16,0.3,24.0,47.63,6.3,102.75,3.1999999999999913,22.999999999999996,108.10000000000002,-14.280000000000001,-0.7036774074790128,-0.7105196029692745,0.0
2015-08-17,0.4,24.1,46.89,4.3,83.33,2.2999999999999914,21.2,96.90000000000002,-19.42,-0.7157953492826642,-0.6983101158835584,0.0
2015-08-18,0.2,25.1,45.95,1.1,61.95,0.8999999999999911,18.5,83.60000000000004,-21.379999999999995,-0.7277014757264236,-0.6858939875998223,0.0
2015-08-19,0.0,25.5,44.67,0.8,43.06,0.5999999999999912,6.599999999999998,64.00000000000003,-18.89,-0.7393922635959241,-0.673274892250183,0.0
2015-08-20,2.2,24.7,44.09,8.0,28.72,2.3999999999999915,5.999999999999998,53.50000000000003,-14.340000000000003,-0.7508642533989489,-0.6604565640279754,0.0
2015-08-21,9.0,23.9,45.42,12.6,26.93,11.199999999999992,13.7,46.00000000000003,-1.7899999999999991,-0.7621140503891487,-0.6474427960827475,0.0
2015-08-22,1.2,23.7,46.38,11.8,48.2,12.399999999999991,13.299999999999999,44.90000000000003,21.270000000000003,-0.7731383255706026,-0.6342374393978054,0.0
2015-08-23,1.9,23.5,46.35,8.0,61.81,12.099999999999993,14.899999999999999,46.60000000000003,13.61,-0.7839338166829201,-0.620844401650647,0.0
2015-08-24,0.1,24.0,45.85,3.7,56.28,3.1999999999999926,14.599999999999998,46.00000000000003,-5.530000000000001,-0.7944973291665992,-0.6072676460566135,0.0
2015-08-25,1.1,23.5,45.14,3.8,48.32,3.099999999999993,15.5,48.70000000000003,-7.960000000000001,-0.8048257371083452,-0.593511190196115,0.0
2015-08-26,0.8,23.5,44.84,6.5,40.02,1.9999999999999931,16.3,54.40000000000003,-8.299999999999997,-0.8149159841660791,-0.5795791048257612,0.0
2015-08-27,1.1,23.6,44.46,4.9,31.73,2.999999999999993,15.2,51.300000000000026,-8.290000000000003,-0.8247650844733614,-0.5654755126737576,0.0
2015-08-28,1.7,23.3,44.54,7.2,26.61,3.599999999999993,7.899999999999999,45.900000000000034,-5.120000000000001,-0.8343701235229538,-0.5512045872199277,0.0
2015-08-29,1.8,23.6,44.73,6.6,26.93,4.5999999999999925,8.499999999999998,40.70000000000003,0.3200000000000003,-0.8437282590292712,-0.5367705514607103,0.0
2015-08-30,1.1,23.6,44.73,7.0,29.41,4.599999999999993,7.699999999999999,39.70000000000003,2.4800000000000004,-0.8528367217694595,-0.522177676659508,0.0
2015-08-31,0.0,24.0,44.25,8.0,29.55,2.8999999999999932,7.599999999999998,44.00000000000003,0.14000000000000057,-0.8616928164028522,-0.5074302810827518,0.0
2015-09-01,0.0,24.2,43.28,3.8,28.17,1.099999999999993,6.499999999999998,44.00000000000003,-1.379999999999999,-0.8702939222685674,-0.49253272872205434,0.0
2015-09-02,1.1,23.8,42.61,1.2,24.06,1.099999999999993,6.799999999999998,38.70000000000003,-4.110000000000003,-0.8786374941610001,-0.4774894280028391,0.0
2015-09-03,1.4,24.2,42.13,0.4,18.72,2.499999999999993,7.099999999999998,34.20000000000003,-5.34,-0.886721063082993,-0.46230483047981086,0.0
2015-09-04,0.0,25.0,41.25,0.0,14.31,2.499999999999993,5.399999999999999,27.00000000000003,-4.409999999999998,-0.8945422369764496,-0.4469834295196741,0.0
2015-09-05,0.0,25.5,39.83,0.0,11.25,1.3999999999999928,3.5999999999999983,20.40000000000003,-3.0600000000000005,-0.9020987014301837,-0.43152975897147144,0.0
2015-09-06,1.6,24.8,39.09,0.6,9.81,1.599999999999993,4.099999999999998,14.000000000000028,-1.4399999999999995,-0.9093882203647925,-0.4159483918249421,0.0
2015-09-07,1.0,24.1,39.54,19.0,9.38,2.599999999999993,5.099999999999998,25.00000000000003,-0.4299999999999997,-0.9164086366943458,-0.4002439388573056,0.0
2015-09-08,3.0,23.6,40.96,23.7,14.1,5.5999999999999925,8.099999999999998,44.90000000000003,4.719999999999999,-0.9231578729647039,-0.38442104726885545,0.0
2015-09-09,11.9,22.8,46.15,15.9,50.52,15.899999999999993,18.9,59.60000000000003,36.42,-0.9296339319682695,-0.3684843993077793,0.0
2015-09-10,21.0,22.8,47.9,41.1,153.53,35.89999999999999,38.5,100.30000000000003,103.00999999999999,-0.9358348973349941,-0.35243871088460327,0.0
2015-09-11,7.3,23.2,47.33,58.4,259.02,40.19999999999999,45.8,158.70000000000002,105.48999999999998,-0.9417589340994617,-0.33628873017668287,0.0
2015-09-12,0.9,24.0,47.02,4.4,224.42,29.199999999999992,46.7,163.10000000000002,-34.599999999999994,-0.9474042892438845,-0.32003923622313857,0.0
2015-09-13,5.6,24.0,47.32,6.4,151.05,13.799999999999994,50.699999999999996,168.90000000000003,-73.36999999999998,-0.9527692922168511,-0.30369503751065885,0.0
2015-09-14,4.2,23.6,48.6,15.3,118.95,10.699999999999992,53.9,165.20000000000005,-32.10000000000001,-0.9578523554276669,-0.28726097055059635,0.0
2015-09-15,2.8,23.4,48.11,61.2,138.32,12.599999999999993,53.699999999999996,202.70000000000005,19.36999999999999,-0.9626519747161487,-0.2707418984477642,0.0
2015-09-16,0.5,23.2,47.35,37.1,213.29,7.499999999999993,42.3,223.90000000000003,74.97,-0.9671667297977312,-0.2541427094613622,0.0
2015-09-17,5.3,23.5,48.15,5.8,212.3,8.599999999999993,26.6,188.60000000000002,-0.9899999999999807,-0.97139528468375,-0.23746831555846842,0.0
2015-09-18,0.1,23.6,48.18,6.5,156.76,5.899999999999992,19.4,136.70000000000005,-55.54000000000002,-0.9753363880767837,-0.2207236509605022,0.0
2015-09-19,0.2,24.1,47.31,4.4,117.58,5.5999999999999925,18.7,136.70000000000005,-39.17999999999999,-0.9789888737409319,-0.20391367068311472,0.0
2015-09-20,0.0,23.8,46.06,3.8,84.31,0.29999999999999294,13.1,134.10000000000002,-33.269999999999996,-0.9823516608469237,-0.18704334906991657,0.0
2015-09-21,0.0,24.0,45.11,4.7,61.09,0.1999999999999929,8.9,123.50000000000003,-23.22,-0.9854237542919524,-0.17011767832049052,0.0
2015-09-22,0.6,24.1,44.29,4.0,46.32,0.5999999999999929,6.7,66.30000000000003,-14.770000000000003,-0.9882042449941422,-0.15314166701312007,0.0
2015-09-23,0.0,24.8,43.3,0.8,35.81,0.5999999999999929,6.2,30.00000000000003,-10.509999999999998,-0.9906923101615609,-0.13612033862266704,0.0
2015-09-24,0.0,25.5,41.9,0.0,26.29,0.5999999999999929,0.9,24.200000000000028,-9.520000000000003,-0.9928872135356962,-0.11905873003404988,0.0
2015-09-25,0.0,25.2,40.58,0.0,17.88,0.0,0.8,17.700000000000028,-8.41,-0.994788305609327,-0.10196189005174576,0.0
2015-09-26,0.0,25.1,39.39,0.0,13.26,0.0,0.6,13.30000000000003,-4.619999999999999,-0.9963950238187231,-0.08483487790576538,0.0
2015-09-27,0.0,25.4,38.25,0.2,11.62,0.0,0.6,9.70000000000003,-1.6400000000000006,-0.9977068927101168,-0.06768276175455162,0.0
2015-09-28,0.0,26.5,37.16,0.3,10.97,0.0,0.6,5.300000000000028,-0.6499999999999986,-0.9987235240803972,-0.050510617185222886,0.0
2015-09-29,0.0,27.6,36.09,0.0,10.59,0.0,0.0,1.3000000000000285,-0.3800000000000008,-0.9994446170919858,-0.033323525711631344,0.0
2015-09-30,0.6,27.8,35.19,3.9,10.43,0.5999999999999929,0.6,4.400000000000029,-0.16000000000000014,-0.9998699583618592,-0.016126573270657762,0.0
2015-10-01,8.1,26.0,36.82,70.6,14.42,8.699999999999992,8.7,75.00000000000003,3.99,-0.9999994220246925,0.001075151282798226,0.0
2015-10-02,2.0,24.6,42.76,18.6,45.67,10.699999999999992,10.7,93.60000000000002,31.25,-0.999832969770105,0.018276557681691223,0.0
2015-10-03,7.5,24.2,44.23,13.1,86.9,17.599999999999994,18.2,106.70000000000003,41.230000000000004,-0.9993706508539969,0.03547255575312556,0.0
2015-10-04,4.1,24.1,46.35,10.6,101.33,13.599999999999993,22.299999999999997,117.10000000000002,14.429999999999993,-0.9986126020839734,0.052658056924614005,0.0
2015-10-05,6.0,24.9,46.25,32.6,94.94,17.599999999999994,28.299999999999997,149.40000000000003,-6.390000000000001,-0.9975590477788613,0.06982797572987089,0.0
2015-10-06,0.0,25.2,46.03,4.9,110.43,10.099999999999993,28.299999999999997,154.30000000000004,15.490000000000009,-0.9962102997023297,0.0869772313136861,0.0
2015-10-07,0.5,26.5,44.78,4.3,98.54,6.499999999999993,28.199999999999996,154.70000000000002,-11.89,-0.9945667569706337,0.1041007489354256,0.0
2015-10-08,0.0,26.3,44.02,0.9,67.08,0.4999999999999929,20.1,85.00000000000003,-31.460000000000008,-0.9926289059345095,0.121193461470736,0.0
2015-10-09,0.6,25.6,43.33,8.5,46.42,1.099999999999993,18.7,74.90000000000003,-20.659999999999997,-0.9903973200352558,0.1382503109109819,0.0
2015-10-10,3.8,25.1,43.6,2.3,33.59,4.399999999999993,15.0,64.10000000000004,-12.829999999999998,-0.9878726596350429,0.15526624985999563,0.0
2015-10-11,0.5,25.0,44.31,1.7,30.84,4.899999999999993,11.4,55.20000000000004,-2.7500000000000036,-0.9850556718215013,0.172236243027682,0.0
2015-10-12,2.8,25.1,44.18,2.1,31.66,7.0999999999999925,8.2,24.700000000000028,0.8200000000000003,-0.981947190186646,0.18915526872004093,0.0
2015-10-13,0.0,26.3,44.03,3.3,29.13,3.2999999999999927,8.2,23.100000000000026,-2.530000000000001,-0.9785481345802031,0.20601832032517084,0.0
2015-10-14,0.0,27.1,42.47,0.9,24.7,2.7999999999999927,7.699999999999999,19.700000000000028,-4.43,-0.9748595108374125,0.22282040779479959,0.0
2015-10-15,0.0,27.5,40.85,0.4,18.86,0.0,7.699999999999999,19.200000000000028,-5.84,-0.9708824104813836,0.23955655912092708,0.0
2015-10-16,0.0,27.7,39.44,0.8,13.52,0.0,7.1,11.500000000000028,-5.34,-0.9666180104000972,0.2562218218071163,0.0
2015-10-17,0.0,27.5,38.28,0.6,11.3,0.0,3.3,9.800000000000027,-2.219999999999999,-0.9620675724981452,0.27281126433401914,0.0
2015-10-18,0.0,27.6,37.35,6.9,10.53,0.0,2.8,15.000000000000028,-0.7700000000000014,-0.957232443323312,0.28931997761869527,0.0
2015-10-19,1.5,27.2,36.96,4.8,10.35,1.499999999999993,1.5,17.700000000000028,-0.17999999999999972,-0.9521140536681102,0.3057430764672831,0.0
2015-10-20,0.0,28.4,36.7,0.0,10.48,1.499999999999993,1.5,14.400000000000027,0.13000000000000078,-0.9467139181463862,0.3220757010206104,0.0
2015-10-21,0.0,28.4,35.44,0.0,10.83,1.499999999999993,1.5,13.500000000000028,0.34999999999999964,-0.9410336347451197,0.3383130181923076,0.0
2015-10-22,0.0,28.9,34.19,0.0,10.19,0.0,1.5,13.10000000000003,-0.6400000000000006,-0.9350748843515574,0.3544502230989869,0.0
2015-10-23,0.0,28.8,33.09,0.3,9.84,0.0,1.5,12.600000000000028,-0.34999999999999964,-0.9288394302558068,0.3704825404820963,0.0
2015-10-24,0.0,28.7,32.15,0.0,9.69,0.0,1.5,12.000000000000028,-0.15000000000000036,-0.9223291176290545,0.3864052261209853,0.0
2015-10-25,0.0,28.4,31.29,0.5,9.62,0.0,1.5,5.600000000000028,-0.07000000000000028,-0.9155458729775467,0.40221356823680365,0.0
2015-10-26,0.0,27.6,30.51,0.0,9.45,0.0,0.0,0.8000000000000285,-0.16999999999999993,-0.9084917035725082,0.41790288888678667,0.0
2015-10-27,0.0,27.0,29.89,2.6,9.23,0.0,0.0,3.4000000000000288,-0.21999999999999886,-0.9011686968561569,0.4334685453485363,0.0
2015-10-28,0.0,27.2,29.4,0.1,9.19,0.0,0.0,3.5000000000000284,-0.040000000000000924,-0.8935790198239952,0.4489059314938798,0.0
2015-10-29,0.0,27.2,28.87,0.1,9.21,0.0,0.0,3.6000000000000285,0.02000000000000135,-0.8857249183835637,0.4642104791518923,0.0
2015-10-30,0.2,27.4,28.43,0.4,9.12,0.1999999999999929,0.2,3.7000000000000286,-0.09000000000000163,-0.8776087166898392,0.4793776594606945,0.0
2015-10-31,0.0,27.6,28.11,0.6,9.05,0.1999999999999929,0.2,4.300000000000028,-0.06999999999999851,-0.8692328164574792,0.49440298420761813,0.0
2015-11-01,0.0,28.1,27.73,0.5,9.0,0.1999999999999929,0.2,4.300000000000028,-0.05000000000000071,-0.8605996962501181,0.5092820071573356,0.0
2015-11-02,0.0,28.0,27.35,2.1,8.95,0.0,0.2,6.400000000000029,-0.05000000000000071,-0.8517119107469189,0.5240103253675756,0.0
2015-11-03,0.1,26.8,27.2,9.6,8.93,0.0999999999999929,0.30000000000000004,13.400000000000027,-0.019999999999999574,-0.8425720899866032,0.5385835804920232,0.0
2015-11-04,0.2,26.2,27.56,8.7,9.14,0.29999999999999294,0.5,22.00000000000003,0.21000000000000085,-0.8331829385891785,0.5529974600700271,0.0
2015-11-05,0.0,26.3,28.41,9.8,11.91,0.29999999999999294,0.5,31.700000000000028,2.7699999999999996,-0.8235472349556007,0.5672476988027229,0.0
2015-11-06,0.0,27.9,28.37,0.6,16.54,0.1999999999999929,0.30000000000000004,31.90000000000003,4.629999999999999,-0.8136678304455991,0.5813300798152042,0.0
2015-11-07,0.0,28.1,27.7,0.0,15.44,0.0,0.30000000000000004,31.30000000000003,-1.0999999999999996,-0.8035476485339116,0.5952404359043674,0.0
2015-11-08,0.0,28.2,27.13,0.0,13.0,0.0,0.30000000000000004,30.80000000000003,-2.4399999999999995,-0.7931896839451843,0.6089746507720486,0.0
2015-11-09,0.0,27.7,26.61,0.0,11.79,0.0,0.30000000000000004,28.70000000000003,-1.2100000000000009,-0.7825970017677834,0.6225286602431057,0.0
2015-11-10,0.0,27.0,26.24,0.0,11.36,0.0,0.2,19.10000000000003,-0.4299999999999997,-0.7717727365467836,0.6358984534680745,0.0
2015-11-11,0.0,27.5,25.99,0.0,11.19,0.0,0.0,10.400000000000029,-0.16999999999999993,-0.7607200913564104,0.6490800741100398,0.0
2015-11-12,0.0,28.1,25.79,0.0,11.08,0.0,0.0,0.6000000000000284,-0.10999999999999943,-0.7494423368521954,0.6620696215153815,0.0
2015-11-13,0.0,27.6,25.63,0.0,10.99,0.0,0.0,0.0,-0.08999999999999986,-0.7379428103031386,0.6748632518680403,0.0
2015-11-14,0.0,26.7,25.51,0.0,10.94,0.0,0.0,0.0,-0.05000000000000071,-0.7262249146041543,0.6874571793269664,0.0
2015-11-15,0.0,26.5,25.42,0.0,10.14,0.0,0.0,0.0,-0.7999999999999989,-0.7142921172691032,0.699847677146407,0.0
2015-11-16,0.0,27.3,25.34,0.0,9.12,0.0,0.0,0.0,-1.0200000000000014,-0.7021479494046978,0.7120310787787131,0.0
2015-11-17,0.0,27.0,25.24,0.0,8.77,0.0,0.0,0.0,-0.34999999999999964,-0.6897960046655887,0.7240037789593305,0.0
2015-11-18,0.0,26.5,25.15,0.0,8.62,0.0,0.0,0.0,-0.15000000000000036,-0.6772399381909491,0.7357622347736527,0.0
2015-11-19,0.0,27.0,25.07,0.0,8.53,0.0,0.0,0.0,-0.08999999999999986,-0.6644834655228552,0.7473029667054296,0.0
2015-11-20,0.0,25.4,25.17,3.9,8.57,0.0,0.0,3.9000000000000283,0.040000000000000924,-0.6515303615068021,0.75862255966641,0.0
2015-11-21,1.1,25.0,26.04,24.7,9.05,1.099999999999993,1.1,28.600000000000026,0.4800000000000004,-0.6383844591746642,0.7697176640069211,0.0
2015-11-22,2.0,25.0,27.9,8.2,10.43,3.099999999999993,3.1,36.800000000000026,1.379999999999999,-0.6250496486104377,0.7805849965070866,0.0
2015-11-23,6.0,25.2,30.44,4.8,13.26,9.099999999999993,9.1,41.60000000000002,2.83,-0.6115298757991053,0.7912213413483807,0.0
2015-11-24,0.0,25.4,32.75,0.8,13.29,7.999999999999993,9.1,42.40000000000003,0.02999999999999936,-0.5978291414589552,0.801623551065242,0.0
2015-11-25,0.0,26.1,31.82,0.0,12.27,5.999999999999993,9.1,42.40000000000003,-1.0199999999999996,-0.5839514998576998,0.8117885474764613,0.0
2015-11-26,0.0,26.0,30.72,0.0,10.64,0.0,9.1,42.40000000000003,-1.629999999999999,-0.5699010576127624,0.8217133225960589,0.0
2015-11-27,0.0,26.5,29.62,0.0,9.69,0.0,9.1,38.50000000000003,-0.9500000000000011,-0.5556819724760489,0.8313949395234058,0.0
2015-11-28,0.0,26.9,28.61,0.0,9.23,0.0,8.0,13.800000000000027,-0.4599999999999991,-0.5412984521036173,0.8408305333122887,0.0
2015-11-29,0.0,26.4,27.68,0.0,9.0,0.0,6.0,5.600000000000028,-0.23000000000000043,-0.5267547528105542,0.8500173118187018,0.0
2015-11-30,0.2,25.3,26.91,0.1,8.86,0.1999999999999929,0.2,0.9000000000000284,-0.14000000000000057,-0.5120551783114646,0.8589525565270845,0.0
2015-12-01,0.0,26.2,26.49,0.5,8.73,0.1999999999999929,0.2,0.6000000000000284,-0.129999999999999,-0.4972040784469378,0.8676336233547726,0.0
2015-12-02,0.1,26.5,26.08,0.0,8.64,0.29999999999999294,0.30000000000000004,0.6000000000000284,-0.08999999999999986,-0.4822058478963526,0.8760579434344281,0.0
2015-12-03,0.0,26.8,25.69,0.0,8.57,0.0999999999999929,0.30000000000000004,0.6000000000000284,-0.07000000000000028,-0.46706492487743034,0.8842230238742036,0.0
2015-12-04,0.0,26.7,25.25,0.0,8.51,0.0999999999999929,0.30000000000000004,0.6000000000000284,-0.0600000000000005,-0.451785789832884,0.8921264484954345,0.0
2015-12-05,0.0,26.1,24.9,0.0,8.42,0.0,0.30000000000000004,0.6000000000000284,-0.08999999999999986,-0.4363729641045924,0.8997658785476209,0.0
2015-12-06,0.0,25.5,24.68,0.0,8.35,0.0,0.30000000000000004,0.6000000000000284,-0.07000000000000028,-0.42083100859565564,0.9071390534005044,0.0
2015-12-07,0.0,25.4,24.54,0.0,8.31,0.0,0.1,0.5000000000000284,-0.03999999999999915,-0.4051645224207563,0.9142437912130223,0.0
2015-12-08,0.0,25.1,24.45,0.0,8.25,0.0,0.1,0.0,-0.0600000000000005,-0.3893781415452015,0.9210779895789526,0.0
2015-12-09,0.0,25.3,24.38,0.0,8.18,0.0,0.0,0.0,-0.07000000000000028,-0.37347653741307074,0.9276396261490467,0.0
2015-12-10,0.0,26.7,24.34,0.0,8.16,0.0,0.0,0.0,-0.019999999999999574,-0.3574644155648614,0.9339267592294762,0.0
2015-12-11,0.0,26.9,24.33,0.0,8.14,0.0,0.0,0.0,-0.019999999999999574,-0.34134651424503615,0.9399375283564133,0.0
2015-12-12,0.0,26.5,24.28,0.0,8.08,0.0,0.0,0.0,-0.0600000000000005,-0.3251276029999093,0.9456701548465688,0.0
2015-12-13,0.0,26.8,24.22,0.0,8.04,0.0,0.0,0.0,-0.040000000000000924,-0.30881248126625377,0.9511229423235357,0.0
2015-12-14,0.0,27.8,24.16,0.0,7.97,0.0,0.0,0.0,-0.0699999999999994,-0.29240597695107734,0.9562942772197719,0.0
2015-12-15,0.0,27.6,24.12,0.0,7.89,0.0,0.0,0.0,-0.08000000000000007,-0.27591294500296043,0.9611826292540837,0.0
2015-12-16,0.0,26.9,24.12,0.0,7.85,0.0,0.0,0.0,-0.040000000000000036,-0.2593382659754056,0.9657865518844574,0.0
2015-12-17,0.0,26.7,24.08,0.0,7.81,0.0,0.0,0.0,-0.040000000000000036,-0.2426868445825954,0.9701046827361175,0.0
2015-12-18,0.0,26.6,24.03,0.3,7.75,0.0,0.0,0.3000000000000284,-0.05999999999999961,-0.22596360824801906,0.974135744004672,0.0
2015-12-19,0.0,26.2,23.99,0.0,7.75,0.0,0.0,0.3000000000000284,0.0,-0.20917350564635637,0.9778785428342386,0.0
2015-12-20,0.0,25.9,23.95,0.0,7.75,0.0,0.0,0.3000000000000284,0.0,-0.19232150523909483,0.9813319716704275,0.0
2015-12-21,0.0,26.0,23.93,0.0,7.81,0.0,0.0,0.3000000000000284,0.05999999999999961,-0.17541259380427843,0.9844950085880858,0.0
2015-12-22,0.0,25.1,23.9,0.0,7.79,0.0,0.0,0.3000000000000284,-0.019999999999999574,-0.15845177496083632,0.9873667175937016,0.0
2015-12-23,0.0,25.2,23.87,0.0,7.75,0.0,0.0,0.3000000000000284,-0.040000000000000036,-0.14144406768794202,0.9899462489023779,0.0
2015-12-24,0.0,24.8,23.84,0.0,7.73,0.0,0.0,0.3000000000000284,-0.019999999999999574,-0.12439450483979998,0.9922328391893008,0.0
2015-12-25,0.0,23.9,23.81,0.0,7.69,0.0,0.0,0.0,-0.040000000000000036,-0.10730813165636247,0.9942258118156161,0.0
2015-12-26,0.0,22.3,23.79,0.0,7.61,0.0,0.0,0.0,-0.08000000000000007,-0.09019000427034513,0.9959245770286599,0.0
2015-12-27,0.0,22.4,23.76,0.0,7.49,0.0,0.0,0.0,-0.1200000000000001,-0.07304518821104743,0.9973286321364752,0.0
2015-12-28,0.0,23.9,23.73,0.0,7.45,0.0,0.0,0.0,-0.040000000000000036,-0.05587875690537313,0.9984375616565666,0.0
2015-12-29,0.0,24.4,23.7,0.0,7.45,0.0,0.0,0.0,0.0,-0.03869579017652689,0.9992510374388481,0.0
2015-12-30,0.0,25.0,23.67,0.0,7.53,0.0,0.0,0.0,0.08000000000000007,-0.021501372740813793,0.999768818762748,0.0
2015-12-31,0.0,24.9,23.64,0.0,7.59,0.0,0.0,0.0,0.05999999999999961,-0.004300592702981974,0.9999907524084426,0.0
2016-01-01,0.0,24.7,23.6,0.0,7.57,0.0,0.0,0.0,-0.019999999999999574,0.017201575418260506,0.9998520419557735,0.0
2016-01-02,0.0,25.2,23.6,0.0,7.51,0.0,0.0,0.0,-0.0600000000000005,0.03439806061360801,0.9994082116062598,0.0
2016-01-03,0.0,24.8,23.58,0.0,7.43,0.0,0.0,0.0,-0.08000000000000007,0.051584366869408364,0.9986686402879997,0.0
2016-01-04,0.0,24.9,23.55,0.0,7.32,0.0,0.0,0.0,-0.10999999999999943,0.06875540848113941,0.9976335468520451,0.0
2016-01-05,0.0,24.4,23.55,0.0,7.28,0.0,0.0,0.0,-0.040000000000000036,0.08590610426133272,0.9963032375991965,0.0
2016-01-06,0.0,24.6,23.53,0.0,7.26,0.0,0.0,0.0,-0.020000000000000462,0.10303137904317879,0.9946781061893646,0.0
2016-01-07,0.0,24.3,23.5,0.0,7.26,0.0,0.0,0.0,0.0,0.1201261651823505,0.9927586335250793,0.0
2016-01-08,0.0,24.4,23.5,0.0,7.18,0.0,0.0,0.0,-0.08000000000000007,0.13718540405660057,0.9905453876091833,0.0
2016-01-09,0.0,24.5,23.47,0.0,7.09,0.0,0.0,0.0,-0.08999999999999986,0.1542040475626894,0.988039023376751,0.0
2016-01-10,0.0,24.0,23.45,0.0,6.14,0.0,0.0,0.0,-0.9500000000000002,0.17117705961019986,0.985240282501282,0.0
2016-01-11,0.0,23.5,23.45,0.0,5.15,0.0,0.0,0.0,-0.9899999999999993,0.18809941761179758,0.9821499931752291,0.0
2016-01-12,0.0,23.9,23.43,0.0,4.66,0.0,0.0,0.0,-0.4900000000000002,0.20496611396949532,0.9787690698649216,0.0
2016-01-13,0.0,23.5,23.4,0.0,4.18,0.0,0.0,0.0,-0.4800000000000004,0.22177215755648186,0.975098513039961,0.0
2016-01-14,0.0,22.8,23.4,0.0,3.69,0.0,0.0,0.0,-0.48999999999999977,0.23851257519407648,0.9711394088771653,0.0
2016-01-15,0.0,22.7,23.4,0.0,3.02,0.0,0.0,0.0,-0.6699999999999999,0.2551824131233728,0.9668929289391521,0.0
2016-01-16,0.0,22.3,23.4,0.0,2.4,0.0,0.0,0.0,-0.6200000000000001,0.2717767384711357,0.9623603298276545,0.0
2016-01-17,0.0,22.1,23.38,0.0,1.89,0.0,0.0,0.0,-0.51,0.2882906407095177,0.9575429528116719,0.0
2016-01-18,0.0,22.5,23.36,0.0,1.2,0.0,0.0,0.0,-0.69,0.3047192331091634,0.9524422234305676,0.0
2016-01-19,0.0,22.9,23.35,0.0,0.72,0.0,0.0,0.0,-0.48,0.321057654185271,0.9470596510722283,0.0
2016-01-20,0.0,23.0,23.35,0.0,0.97,0.0,0.0,0.0,0.25,0.3373010691361842,0.9413968285264122,0.0
2016-01-21,0.0,22.8,23.33,0.0,1.78,0.0,0.0,0.0,0.81,0.3534446712740877,0.9354554315134164,0.0
2016-01-22,0.0,24.1,23.3,0.0,2.06,0.0,0.0,0.0,0.28,0.3694836834473831,0.9292372181882051,0.0
2016-01-23,0.0,24.5,23.3,0.0,2.25,0.0,0.0,0.0,0.18999999999999995,0.38541335945432564,0.9227440286201427,0.0
2016-01-24,0.0,25.1,23.3,0.0,2.47,0.0,0.0,0.0,0.2200000000000002,0.4012289854475009,0.9159777842484877,0.0
2016-01-25,0.0,25.1,23.3,0.0,2.42,0.0,0.0,0.0,-0.050000000000000266,0.4169258813287287,0.908940487313808,0.0
2016-01-26,0.0,24.6,23.28,0.0,2.34,0.0,0.0,0.0,-0.08000000000000007,0.4324994021339788,0.901634220265486,0.0
2016-01-27,0.0,24.8,23.25,0.0,2.14,0.0,0.0,0.0,-0.19999999999999973,0.44794493940789115,0.8940611451454876,0.0
2016-01-28,0.0,26.2,23.25,0.0,1.74,0.0,0.0,0.0,-0.40000000000000013,0.4632579225674917,0.88622350294858,0.0
2016-01-29,0.0,26.2,23.25,0.0,1.4,0.0,0.0,0.0,-0.3400000000000001,0.4784338202547012,0.8781236129591848,0.0
2016-01-30,0.0,26.9,23.25,0.0,1.77,0.0,0.0,0.0,0.3700000000000001,0.49346814167723735,0.8697638720650646,0.0
2016-01-31,0.0,27.4,23.24,0.0,2.78,0.0,0.0,0.0,1.0099999999999998,0.5083564379375122,0.8611467540480452,0.0
2016-02-01,0.0,27.1,23.2,0.0,3.58,0.0,0.0,0.0,0.8000000000000003,0.5230943033491326,0.8522748088519838,0.0
2016-02-02,0.0,27.3,23.2,0.0,3.88,0.0,0.0,0.0,0.2999999999999998,0.5376773767406141,0.8431506618282,0.0
2016-02-03,0.0,26.7,23.2,0.0,3.75,0.0,0.0,0.0,-0.1299999999999999,0.5521013427459208,0.8337770129585915,0.0
2016-02-04,0.0,26.4,23.2,0.0,3.76,0.0,0.0,0.0,0.009999999999999787,0.5663619330814524,0.8241566360566663,0.0
2016-02-05,0.0,25.4,23.2,0.0,3.86,0.0,0.0,0.0,0.10000000000000009,0.580454927809098,0.8142923779467267,0.0
2016-02-06,0.0,24.2,23.2,0.0,4.04,0.0,0.0,0.0,0.18000000000000016,0.5943761565849831,0.804187157621448,0.0
2016-02-07,0.0,23.9,23.17,0.0,4.4,0.0,0.0,0.0,0.3600000000000003,0.6081214998935418,0.7938439653781019,0.0
2016-02-08,0.0,25.4,23.15,0.0,4.56,0.0,0.0,0.0,0.15999999999999925,0.6216868902665479,0.7832658619336791,0.0
2016-02-09,0.0,25.9,23.15,0.0,4.57,0.0,0.0,0.0,0.010000000000000675,0.6350683134867438,0.7724559775191742,0.0
2016-02-10,0.0,25.3,23.15,0.0,4.89,0.0,0.0,0.0,0.3199999999999994,0.6482618097757122,0.7614175109532997,0.0
2016-02-11,0.0,24.3,23.15,0.0,5.22,0.0,0.0,0.0,0.33000000000000007,0.6612634749656386,0.7501537286959042,0.0
2016-02-12,0.0,23.0,23.15,0.0,5.08,0.0,0.0,0.0,-0.13999999999999968,0.6740694616546161,0.7386679638813748,0.0
2016-02-13,0.0,23.2,23.15,0.0,4.97,0.0,0.0,0.0,-0.11000000000000032,0.6866759803451553,0.726963615332308,0.0
2016-02-14,0.0,24.9,23.15,0.0,4.9,0.0,0.0,0.0,-0.0699999999999994,0.6990793005655562,0.7150441465537444,0.0
2016-02-15,0.0,26.2,23.13,0.0,4.86,0.0,0.0,0.0,-0.040000000000000036,0.7112757519738152,0.7029130847082615,0.0
2016-02-16,0.0,26.1,23.1,0.0,4.53,0.0,0.0,0.0,-0.33000000000000007,0.7232617254437388,0.6905740195722293,0.0
2016-02-17,0.0,26.7,23.1,0.0,4.11,0.0,0.0,0.0,-0.41999999999999993,0.7350336741329413,0.6780306024735382,0.0
2016-02-18,0.0,27.0,23.1,0.0,3.84,0.0,0.0,0.0,-0.27000000000000046,0.746588114532413,0.6652865452111116,0.0
2016-02-19,0.0,27.3,23.1,0.0,3.94,0.0,0.0,0.0,0.10000000000000009,0.7579216274973472,0.6523456189565257,0.0
2016-02-20,0.0,28.7,23.1,0.0,4.22,0.0,0.0,0.0,0.2799999999999998,0.7690308592589181,0.6392116531380588,0.0
2016-02-21,0.0,28.8,23.11,0.0,4.15,0.0,0.0,0.0,-0.0699999999999994,0.7799125224167177,0.6258885343075018,0.0
2016-02-22,0.0,29.7,23.12,0.0,3.88,0.0,0.0,0.0,-0.27000000000000046,0.7905633969115482,0.612380204990065,0.0
2016-02-23,0.0,29.5,23.1,0.0,3.8,0.0,0.0,0.0,-0.08000000000000007,0.8009803309782905,0.5986906625177214,0.0
2016-02-24,0.0,26.7,23.1,0.0,4.09,0.0,0.0,0.0,0.29000000000000004,0.8111602420785621,0.5848239578463322,0.0
2016-02-25,0.0,26.5,23.1,0.0,4.19,0.0,0.0,0.0,0.10000000000000053,0.8211001178128892,0.5707841943569036,0.0
2016-02-26,0.0,27.8,23.06,0.0,4.06,0.0,0.0,0.0,-0.13000000000000078,0.8307970168121247,0.5565755266413303,0.0
2016-02-27,0.0,28.9,23.06,0.0,4.08,0.0,0.0,0.0,0.020000000000000462,0.8402480696078469,0.5422021592729844,0.0
2016-02-28,1.8,28.7,23.44,0.6,4.15,1.799999999999993,1.8,0.6000000000000284,0.07000000000000028,0.8494504794814806,0.527668345562516,0.0
2016-02-29,0.1,28.8,24.03,0.2,4.05,1.899999999999993,1.9000000000000001,0.8000000000000285,-0.10000000000000053,0.8584015232918917,0.512978386299228,0.0
2016-03-01,2.0,28.0,24.3,1.0,4.33,3.8999999999999932,3.9000000000000004,1.8000000000000285,0.28000000000000025,0.8670985522812081,0.4981366284784055,0.0
2016-03-02,1.9,27.2,25.14,0.4,5.03,3.9999999999999933,5.800000000000001,2.2000000000000286,0.7000000000000002,0.8755389928586302,0.4831474640149687,0.0
2016-03-03,2.7,26.9,26.05,0.4,5.22,6.599999999999993,8.5,2.6000000000000285,0.1899999999999995,0.8837203473619977,0.4680153284438345,0.0
2016-03-04,0.9,27.0,25.97,0.8,5.05,5.499999999999994,9.4,3.4000000000000288,-0.16999999999999993,0.8916401947968874,0.45274469960737107,0.0
2016-03-05,0.0,27.4,25.6,0.0,5.0,3.5999999999999934,9.4,3.4000000000000288,-0.04999999999999982,0.8992961915530253,0.4373400963303323,0.0
2016-03-06,0.0,27.8,24.77,0.0,4.96,0.8999999999999934,7.6000000000000005,2.8000000000000282,-0.040000000000000036,0.9066860720977985,0.4218060770826634,0.0
2016-03-07,0.0,28.5,24.06,0.0,4.66,0.0,7.5,2.600000000000029,-0.2999999999999998,0.9138076496466615,0.4061472386305789,0.0
2016-03-08,0.0,28.6,23.5,0.0,4.43,0.0,5.5,1.6000000000000285,-0.23000000000000043,0.9206588168102428,0.3903682146763026,0.0
2016-03-09,0.0,29.2,23.23,0.0,4.28,0.0,3.6000000000000005,1.2000000000000286,-0.14999999999999947,0.9272375462179537,0.374473674486883,0.0
2016-03-10,0.0,29.8,23.11,0.0,3.73,0.0,0.9000000000000005,0.8000000000000285,-0.5500000000000003,0.9335418911179212,0.35846832151248087,0.0
2016-03-11,0.1,29.1,23.1,0.1,3.29,0.09999999999999334,0.10000000000000045,0.10000000000002843,-0.43999999999999995,0.9395699859530622,0.342356891994542,0.0
2016-03-12,0.2,28.4,23.16,0.0,3.11,0.2999999999999934,0.3000000000000005,0.10000000000002843,-0.18000000000000016,0.945320046913132,0.3261441535642696,0.0
2016-03-13,0.0,27.1,23.16,0.0,2.77,0.2999999999999934,0.3000000000000005,0.10000000000002843,-0.33999999999999986,0.9507903724625832,0.3098349038318025,0.0
2016-03-14,0.0,26.4,23.08,0.0,2.16,0.19999999999999335,0.3000000000000005,0.10000000000002843,-0.6099999999999999,0.9559793438440766,0.2934339689665273,0.0
2016-03-15,0.0,26.3,23.04,0.0,1.56,0.0,0.3000000000000005,0.10000000000002843,-0.6000000000000001,0.9608854255574977,0.27694620226893646,0.0
2016-03-16,0.0,25.5,23.0,0.0,0.81,0.0,0.3000000000000005,0.10000000000002843,-0.75,0.9655071658143364,0.2603764827344581,0.0
2016-03-17,0.0,26.9,23.0,0.0,0.44,0.0,0.3000000000000005,0.10000000000002843,-0.37000000000000005,0.969843196967294,0.24372971360968387,0.0
2016-03-18,0.0,28.9,23.0,0.0,0.5,0.0,0.20000000000000046,0.0,0.06,0.9738922359149924,0.22701082094141847,0.0
2016-03-19,0.0,30.0,23.0,0.0,0.47,0.0,0.0,0.0,-0.030000000000000027,0.9776530844816641,0.2102247521189836,0.0
2016-03-20,0.0,31.5,23.0,0.0,0.47,0.0,0.0,0.0,0.0,0.981124629771712,0.19337647441020586,0.0
2016-03-21,0.0,31.7,23.0,0.0,0.47,0.0,0.0,0.0,0.0,0.984305844499033,0.17647097349152166,0.0
2016-03-22,0.0,30.0,23.0,0.0,0.47,0.0,0.0,0.0,0.0,0.9871957872910085,0.15951325197263655,0.0
2016-03-23,0.0,29.7,23.0,0.0,0.47,0.0,0.0,0.0,0.0,0.9897936029670716,0.14250832791617088,0.0
2016-03-24,0.0,29.0,23.0,0.0,0.47,0.0,0.0,0.0,0.0,0.992098522791769,0.12546123335273648,0.0
2016-03-25,0.0,28.9,23.0,0.0,0.47,0.0,0.0,0.0,0.0,0.9941098647022418,0.10837701279187609,0.0
2016-03-26,0.0,29.0,23.0,0.0,0.44,0.0,0.0,0.0,-0.02999999999999997,0.9958270335100595,0.09126072172931188,0.0
2016-03-27,2.2,29.9,23.41,0.5,0.5,2.1999999999999935,2.2000000000000006,0.5000000000000284,0.06,0.9972495210773451,0.07411742515094437,0.0
2016-03-28,0.0,30.0,24.0,0.0,0.5,2.1999999999999935,2.2000000000000006,0.5000000000000284,0.0,0.998376906467142,0.056952196034039754,0.0
2016-03-29,0.3,28.9,23.46,0.0,0.5,2.4999999999999933,2.5000000000000004,0.5000000000000284,0.0,0.9992088560679753,0.03977011384605572,0.0
2016-03-30,0.0,29.2,23.23,0.0,0.47,0.2999999999999933,2.5000000000000004,0.5000000000000284,-0.030000000000000027,0.9997451236925734,0.022576263041545485,0.0
2016-03-31,0.0,29.5,23.05,0.0,0.47,0.2999999999999933,2.5000000000000004,0.5000000000000284,0.0,0.9999855506507186,0.005375731557583884,0.0
2016-04-01,0.0,30.4,22.97,0.0,0.47,0.0,2.5000000000000004,0.5000000000000284,0.0,0.9999300657962057,-0.011826390691832589,0.0
2016-04-02,0.0,29.6,22.97,0.1,0.47,0.0,2.5000000000000004,0.6000000000000284,0.0,0.9995786855478958,-0.029025013321975237,0.0
2016-04-03,0.0,29.1,22.98,0.0,0.47,0.0,0.30000000000000043,0.10000000000002843,0.0,0.9989315138848577,-0.046215046983708354,0.0
2016-04-04,0.2,29.5,23.15,0.9,0.47,0.19999999999999335,0.5000000000000004,1.0000000000000284,0.0,0.9979887423155984,-0.06339140486951038,0.0
2016-04-05,6.2,28.9,24.49,0.2,0.85,6.399999999999993,6.4,1.2000000000000284,0.38,0.9967506498213929,-0.08054900421874167,0.0
2016-04-06,2.0,28.4,26.71,1.5,0.97,8.399999999999993,8.4,2.7000000000000286,0.12,0.9952176027737294,-0.09768276782171598,0.0
2016-04-07,2.0,28.7,26.99,0.6,0.87,10.199999999999994,10.4,3.3000000000000282,-0.09999999999999998,0.9933900548258936,-0.11478762552212701,0.0
2016-04-08,0.0,30.2,26.47,0.0,0.72,3.999999999999993,10.4,3.3000000000000282,-0.15000000000000002,0.9912685467787256,-0.13185851571739118,0.0
2016-04-09,0.0,29.9,25.18,0.0,0.63,1.999999999999993,10.4,3.200000000000028,-0.08999999999999997,0.9888537064205885,-0.1488903868564548,0.0
2016-04-10,0.0,29.1,24.24,0.0,0.56,0.0,10.4,3.200000000000028,-0.06999999999999995,0.986146248341595,-0.16587819893463143,0.0
2016-04-11,0.0,30.4,23.61,0.0,0.53,0.0,10.200000000000001,2.3000000000000282,-0.030000000000000027,0.9831469737221499,-0.1828169249850199,0.0
2016-04-12,0.0,31.6,23.19,0.0,0.5,0.0,4.0,2.100000000000028,-0.030000000000000027,0.9798567700958665,-0.1997015525660636,0.0
2016-04-13,0.0,30.5,23.03,0.0,0.5,0.0,2.0,0.6000000000000284,0.0,0.9762766110869321,-0.21652708524481437,0.0
2016-04-14,0.0,30.7,22.93,0.0,0.47,0.0,0.0,0.0,-0.030000000000000027,0.9724075561219968,-0.23328854407545518,0.0
2016-04-15,0.0,31.4,22.9,0.0,0.47,0.0,0.0,0.0,0.0,0.9682507501166718,-0.2499809690726521,0.0
2016-04-16,0.0,30.0,22.9,0.0,0.44,0.0,0.0,0.0,-0.02999999999999997,0.9638074231367307,-0.26659942067929354,0.0
2016-04-17,0.0,29.1,22.9,0.0,0.44,0.0,0.0,0.0,0.0,0.9590788900341131,-0.28313898122818354,0.0
2016-04-18,0.0,30.1,22.9,0.0,0.44,0.0,0.0,0.0,0.0,0.9540665500578387,-0.2995947563972602,0.0
2016-04-19,0.0,30.3,22.92,0.0,0.44,0.0,0.0,0.0,0.0,0.9487718864399473,-0.31596187665790293,0.0
2016-04-20,0.9,30.0,23.03,0.0,0.41,0.8999999999999929,0.9,0.0,-0.030000000000000027,0.9431964659565866,-0.33223549871590435,0.0
2016-04-21,0.0,29.5,23.1,0.0,0.41,0.8999999999999929,0.9,0.0,0.0,0.9373419384643772,-0.3484108069446808,0.0
2016-04-22,0.0,28.3,23.0,0.0,0.41,0.8999999999999929,0.9,0.0,0.0,0.9312100364121947,-0.3644830148102912,0.0
2016-04-23,0.0,28.2,22.93,0.0,0.41,0.0,0.9,0.0,0.0,0.9248025743285089,-0.38044736628785164,0.0
2016-04-24,0.0,28.5,22.9,0.0,0.41,0.0,0.9,0.0,0.0,0.9181214482844364,-0.39629913726891813,0.0
2016-04-25,0.0,28.7,22.9,0.0,0.41,0.0,0.9,0.0,0.0,0.9111686353326631,-0.41203363695942635,0.0
2016-04-26,0.0,30.0,22.85,0.0,0.41,0.0,0.9,0.0,0.0,0.9039461929224011,-0.42764620926777464,0.0
2016-04-27,0.0,31.3,22.93,0.4,0.41,0.0,0.0,0.40000000000002844,0.0,0.8964562582905575,-0.44313223418263453,0.0
2016-04-28,0.9,30.4,23.11,0.2,0.41,0.8999999999999929,0.9,0.6000000000000285,0.0,0.8887010478292915,-0.45848712914008766,0.0
2016-04-29,0.6,29.5,23.31,0.0,0.41,1.499999999999993,1.5,0.6000000000000285,0.0,0.8806828564301475,-0.47370635037968,0.0
2016-04-30,0.6,29.7,23.31,0.0,0.37,2.099999999999993,2.1,0.6000000000000285,-0.03999999999999998,0.8724040568049612,-0.48878539428899265,0.0
2016-05-01,0.0,29.1,23.19,0.0,0.37,1.199999999999993,2.1,0.6000000000000285,0.0,0.8638670987837349,-0.503719798736334,0.0
2016-05-02,0.4,29.0,23.09,0.2,0.37,0.9999999999999929,2.5,0.8000000000000285,0.0,0.8550745085896932,-0.518505144391157,0.0
2016-05-03,0.0,29.8,23.07,0.0,0.37,0.3999999999999929,2.5,0.8000000000000285,0.0,0.8460288880917339,-0.533137056031809,0.0
2016-05-04,0.7,29.2,23.14,0.0,0.37,1.099999999999993,3.2,0.40000000000002844,0.0,0.8367329140344921,-0.5476112038402312,0.0
2016-05-05,0.0,29.6,23.16,0.0,0.37,0.6999999999999929,2.3,0.20000000000002843,0.0,0.8271893372462497,-0.5619233046832195,0.0
2016-05-06,0.0,29.1,22.95,0.0,0.37,0.6999999999999929,1.7,0.20000000000002843,0.0,0.8174009818249189,-0.5760691233798758,0.0
2016-05-07,0.0,28.7,22.88,0.0,0.37,0.0,1.1,0.20000000000002843,0.0,0.8073707443023492,-0.5900444739548627,0.0
2016-05-08,0.0,28.5,22.82,0.0,0.34,0.0,1.1,0.20000000000002843,-0.02999999999999997,0.7971015927871943,-0.6038452208771035,0.0
2016-05-09,0.0,29.1,22.84,0.2,0.34,0.0,0.7,0.20000000000002843,0.0,0.7865965660866021,-0.6174672802835514,0.0
2016-05-10,0.0,30.4,22.87,0.0,0.34,0.0,0.7,0.20000000000002843,0.0,0.7758587728069828,-0.6309066211876704,0.0
2016-05-11,0.1,29.8,22.87,0.0,0.34,0.0999999999999929,0.1,0.20000000000002843,0.0,0.7648913904341225,-0.6441592666722685,0.0
2016-05-12,2.7,29.6,23.62,0.7,0.44,2.799999999999993,2.8000000000000003,0.9000000000000283,0.09999999999999998,0.753697664392914,-0.6572212950663319,0.0
2016-05-13,0.5,29.3,24.41,0.1,0.5,3.299999999999993,3.3000000000000003,1.0000000000000284,0.06,0.742280907086982,-0.6700888411055113,0.0
2016-05-14,1.8,29.8,24.26,0.8,0.56,4.999999999999993,5.1000000000000005,1.8000000000000282,0.06000000000000005,0.7306444969184916,-0.6827580970759147,0.0
2016-05-15,1.2,29.6,24.35,1.1,1.03,3.499999999999993,6.300000000000001,2.9000000000000283,0.47,0.7187918772884232,-0.6952253139408722,0.0
2016-05-16,0.0,30.7,23.98,0.5,2.03,2.999999999999993,6.300000000000001,3.200000000000028,0.9999999999999998,0.7067265555776158,-0.7074868024503348,0.0
2016-05-17,0.0,30.1,23.55,0.0,2.94,1.1999999999999929,6.300000000000001,3.200000000000028,0.9100000000000001,0.6944521021088763,-0.719538934232584,0.0
2016-05-18,0.0,28.6,23.2,0.0,3.66,0.0,6.200000000000001,3.200000000000028,0.7200000000000002,0.6819721490904629,-0.7313781428679254,0.0
2016-05-19,0.0,27.5,23.06,0.3,4.13,0.0,3.5,2.8000000000000282,0.46999999999999975,0.6692903895412567,-0.7430009249440493,0.0
2016-05-20,0.0,28.0,23.06,2.2,4.19,0.0,3.0,4.900000000000029,0.0600000000000005,0.6564105761979381,-0.7544038410927472,0.0
2016-05-21,0.0,28.0,23.02,0.3,4.13,0.0,1.2,4.400000000000029,-0.0600000000000005,0.6433365204044917,-0.765583517007675,0.0
2016-05-22,0.0,28.3,22.94,1.2,4.13,0.0,0.0,4.500000000000028,0.0,0.6300720909843687,-0.7765366444428655,0.0
2016-05-23,0.0,28.4,22.9,0.6,4.13,0.0,0.0,4.600000000000028,0.0,0.6166212130956382,-0.7872599821916922,0.0
2016-05-24,0.5,28.5,22.95,0.2,4.19,0.4999999999999929,0.5,4.800000000000028,0.0600000000000005,0.6029878670694714,-0.7977503570459932,0.0
2016-05-25,1.4,27.9,23.4,1.8,4.37,1.8999999999999928,1.9,6.600000000000028,0.17999999999999972,0.5891760872322963,-0.8080046647350754,0.0
2016-05-26,1.0,27.9,23.99,2.9,4.5,2.899999999999993,2.9,9.200000000000028,0.1299999999999999,0.5751899607119775,-0.8180198708443174,0.0
2016-05-27,1.4,27.8,24.2,1.2,4.5,3.7999999999999927,4.3,8.200000000000028,0.0,0.5610336262283677,-0.8277930117131022,0.0
2016-05-28,0.8,27.9,24.36,1.6,4.47,3.199999999999993,5.1,9.500000000000028,-0.03000000000000025,0.5467112728685939,-0.8373211953118121,0.0
2016-05-29,1.0,27.5,24.44,2.4,4.53,3.199999999999993,6.1,10.70000000000003,0.0600000000000005,0.5322271388474397,-0.8466016020976267,0.0
2016-05-30,0.5,27.9,24.43,2.8,4.62,2.2999999999999927,6.6,12.900000000000027,0.08999999999999986,0.5175855102531889,-0.8556314858488706,0.0
2016-05-31,0.0,28.1,24.12,4.0,4.66,1.499999999999993,6.1,16.700000000000028,0.040000000000000036,0.5027907197793043,-0.8644081744776648,0.0
2016-06-01,0.4,28.5,23.79,2.3,4.53,0.8999999999999929,5.1,17.200000000000028,-0.1299999999999999,0.4878471454423119,-0.8729290708206411,0.0
2016-06-02,1.5,28.2,24.03,7.0,4.71,1.8999999999999928,5.6,21.30000000000003,0.17999999999999972,0.47275920928627757,-0.881191653407483,0.0
2016-06-03,3.5,27.2,25.7,26.6,6.82,5.399999999999993,7.7,46.70000000000003,2.1100000000000003,0.4575313760742512,-0.8891934772070711,0.0
2016-06-04,4.9,26.5,30.3,19.1,8.75,9.899999999999993,11.8,64.20000000000003,1.9299999999999997,0.44216815196707204,-0.8969321743510065,0.0
2016-06-05,4.9,25.8,32.5,44.8,9.16,13.299999999999994,15.700000000000001,106.60000000000002,0.41000000000000014,0.42667408318992467,-0.9044054548343001,0.0
2016-06-06,3.3,25.9,33.66,12.6,9.09,13.099999999999994,18.5,116.40000000000003,-0.07000000000000028,0.4110537546870351,-0.9116111071930239,0.0
2016-06-07,6.2,25.7,34.99,24.4,9.84,14.399999999999993,24.700000000000003,136.80000000000004,0.75,0.3953117887649151,-0.9185469991587165,0.0
2016-06-08,1.4,26.0,36.29,22.8,10.07,10.899999999999993,25.700000000000003,157.3,0.23000000000000043,0.37945284372454435,-0.925211078289358,0.0
2016-06-09,1.0,25.8,35.92,16.0,10.69,8.599999999999993,25.200000000000003,166.3,0.6199999999999992,0.36348161248290634,-0.9316013725767187,0.0
2016-06-10,3.5,24.4,37.44,18.5,10.48,5.899999999999993,25.200000000000003,158.20000000000002,-0.20999999999999908,0.3474028211842774,-0.9377159910299093,0.0
2016-06-11,4.5,23.9,38.16,17.1,10.99,8.999999999999993,24.8,156.20000000000005,0.5099999999999998,0.3312212278016865,-0.9435531242349544,0.0
2016-06-12,2.0,24.5,39.46,17.6,11.22,9.999999999999993,21.9,129.00000000000003,0.23000000000000043,0.31494162072895193,-0.9491110448902284,0.0
2016-06-13,0.5,24.5,39.13,15.2,10.91,6.999999999999993,19.1,131.60000000000002,-0.3100000000000005,0.2985688173637202,-0.9543881083175908,0.0
2016-06-14,0.2,24.7,38.47,9.2,10.38,2.699999999999993,13.1,116.40000000000002,-0.5299999999999994,0.2821076626819194,-0.9593827529490743,0.0
2016-06-15,0.2,24.9,37.66,8.2,9.5,0.8999999999999929,11.9,101.80000000000003,-0.8800000000000008,0.26556302780405594,-0.9640935007889755,0.0
2016-06-16,1.0,25.1,37.08,7.1,8.77,1.3999999999999928,11.9,92.90000000000002,-0.7300000000000004,0.24893980855376657,-0.9685189578512204,0.0
2016-06-17,2.4,25.4,36.94,6.6,8.51,3.5999999999999925,10.8,81.00000000000003,-0.2599999999999998,0.23224292400907015,-0.9726578145718654,0.0
2016-06-18,0.3,25.8,36.79,5.0,8.29,3.6999999999999926,6.6,68.90000000000003,-0.22000000000000064,0.21547731504673012,-0.976508846196619,0.0
2016-06-19,12.1,23.4,39.11,35.9,11.11,14.799999999999992,16.7,87.20000000000002,2.8200000000000003,0.19864794288017112,-0.9800709131432666,0.0
2016-06-20,8.7,23.8,43.43,8.9,14.7,21.09999999999999,24.9,80.90000000000003,3.59,0.18175978759137534,-0.9833429613388902,0.0
2016-06-21,1.1,23.6,43.33,30.2,17.88,21.89999999999999,25.8,101.90000000000003,3.1799999999999997,0.16481784665719793,-0.9863240225317866,0.0
2016-06-22,2.3,23.8,44.05,35.3,23.27,12.099999999999993,27.9,129.00000000000003,5.390000000000001,0.14782713347053048,-0.9890132145779883,0.0
2016-06-23,11.1,23.9,46.66,80.5,44.5,14.499999999999993,38.0,202.40000000000003,21.23,0.13079267585675922,-0.9914097417023038,0.0
2016-06-24,3.9,23.8,48.26,74.0,142.88,17.299999999999994,39.5,269.80000000000007,98.38,0.11371951458594969,-0.9935128947338007,0.0
2016-06-25,17.5,22.7,48.15,81.0,262.03,32.49999999999999,56.699999999999996,345.80000000000007,119.14999999999998,0.0966127018812031,-0.9953220513156602,0.0
2016-06-26,5.1,23.0,49.1,37.0,299.61,26.499999999999993,49.699999999999996,346.9000000000001,37.58000000000004,0.07947729992362097,-0.9968366760893436,0.0
2016-06-27,9.6,23.0,48.76,48.6,313.05,32.19999999999999,50.599999999999994,386.6,13.439999999999998,0.062318379354325076,-0.998056320853012,0.0
2016-06-28,14.0,22.9,49.12,62.2,398.02,28.699999999999992,63.5,418.6,84.96999999999997,0.04514101777397193,-0.9989806246941579,0.0
2016-06-29,19.3,22.8,49.39,54.5,533.56,42.89999999999999,80.5,437.8,135.53999999999996,0.02795029824021032,-0.999609314096404,0.0
2016-06-30,19.4,22.9,48.74,52.5,624.17,52.69999999999999,88.80000000000001,409.8,90.61000000000001,0.01075130776352193,-0.9999422030204416,0.0
2016-07-01,9.7,23.5,50.09,67.0,640.21,48.39999999999999,94.6,402.80000000000007,16.040000000000077,-0.00645086419810515,-0.9999791929590823,0.0
2016-07-02,9.5,23.3,49.59,49.9,640.21,38.599999999999994,86.6,371.70000000000005,0.0,-0.023651127245231586,-0.9997202729664083,0.0
2016-07-03,7.8,23.3,49.34,40.1,640.21,26.999999999999993,89.3,374.80000000000007,0.0,-0.04084439154329611,-0.9991655196610109,0.0
2016-07-04,5.3,23.6,49.64,55.2,609.94,22.599999999999994,85.0,381.40000000000003,-30.269999999999982,-0.05802556932878035,-0.9983150972033183,0.0
2016-07-05,7.4,23.4,48.66,36.1,569.16,20.499999999999993,78.39999999999999,355.3,-40.780000000000086,-0.07518957641475855,-0.9971692572470178,0.0
2016-07-06,2.5,23.5,47.75,24.3,488.78,15.199999999999992,61.599999999999994,325.1,-80.38,-0.09233133369539122,-0.9957283388645872,0.0
2016-07-07,1.1,23.7,48.02,11.7,384.48,10.999999999999993,43.3,284.3,-104.29999999999995,-0.10944576864891556,-0.993992768446958,0.0
2016-07-08,2.8,23.6,48.26,13.9,294.8,6.399999999999993,36.4,231.20000000000005,-89.68,-0.12652781683868314,-0.9919630595773397,0.0
2016-07-09,10.0,22.8,49.3,42.0,274.42,13.899999999999993,36.9,223.3,-20.379999999999995,-0.1435724234118113,-0.9896398128792412,0.0
2016-07-10,30.7,22.5,48.08,63.4,424.6,43.49999999999999,59.8,246.60000000000002,150.18,-0.16057454459499376,-0.9870237158387383,0.0
2016-07-11,38.2,22.5,48.59,88.2,684.49,78.9,92.7,279.6,259.89,-0.17752914918703497,-0.984115542601034,0.0
2016-07-12,12.4,22.7,46.94,58.1,823.14,81.3,97.7,301.6,138.64999999999998,-0.19443122004766195,-0.9809161537413774,0.0
2016-07-13,4.5,23.4,49.43,34.6,754.09,55.099999999999994,99.7,311.90000000000003,-69.04999999999995,-0.2112757555821793,-0.9774264960104055,0.0
2016-07-14,3.0,23.7,49.76,13.6,587.84,19.89999999999999,101.60000000000001,313.8,-166.25,-0.2280577712215198,-0.9736476020539838,0.0
2016-07-15,1.3,23.9,49.05,8.0,418.76,8.799999999999994,100.10000000000001,307.90000000000003,-169.08000000000004,-0.24477230089725957,-0.9695805901076308,0.0
2016-07-16,0.1,23.8,48.33,11.1,289.4,4.399999999999993,90.2,277.00000000000006,-129.36,-0.2614143985111562,-0.965226663665613,0.0
2016-07-17,1.4,23.6,48.14,18.7,201.77,2.7999999999999927,60.900000000000006,232.30000000000004,-87.62999999999997,-0.2779791393987801,-0.9605871111248129,0.0
2016-07-18,0.8,23.2,48.18,19.5,161.18,2.2999999999999927,23.5,163.60000000000002,-40.59,-0.2944616217868012,-0.9556633054034704,0.0
2016-07-19,9.1,22.4,48.56,23.5,152.46,11.299999999999992,20.2,129.00000000000003,-8.719999999999999,-0.3108569682435036,-0.9504567035349151,0.0
2016-07-20,4.3,22.6,48.04,38.1,179.72,14.199999999999992,20.0,132.50000000000003,27.25999999999999,-0.3271603271220951,-0.9449688462364056,0.0
2016-07-21,12.5,22.4,49.93,22.8,240.55,25.89999999999999,29.5,141.70000000000005,60.83000000000001,-0.34336687399638804,-0.939201357453208,0.0
2016-07-22,19.8,21.9,47.5,34.9,282.14,36.599999999999994,48.0,168.60000000000002,41.589999999999975,-0.3594718130884232,-0.9331559438780432,0.0
2016-07-23,48.7,22.1,48.82,66.3,437.53,81.0,96.6,223.80000000000004,155.39,-0.3754703786876202,-0.9268343944460494,0.0
2016-07-24,19.4,22.5,48.04,38.3,632.87,87.9,114.60000000000001,243.40000000000003,195.34000000000003,-0.3913578365610259,-0.9202385798054075,0.0
2016-07-25,10.4,23.4,46.89,29.9,596.04,78.5,124.2,253.8,-36.83000000000004,-0.4071294853542516,-0.9133704517637858,0.0
2016-07-26,2.5,23.7,46.62,5.8,443.63,32.3,117.60000000000001,236.10000000000002,-152.40999999999997,-0.4227806579826773,-0.9062320427107697,0.0
2016-07-27,3.1,23.1,47.06,32.7,307.32,16.0,116.4,230.70000000000002,-136.31,-0.4383067230125192,-0.898825465016444,0.0
2016-07-28,11.0,23.0,48.17,25.9,283.45,16.6,114.9,233.8,-23.870000000000005,-0.45370308603134424,-0.8911529104063088,0.0
2016-07-29,30.1,22.5,47.75,42.1,347.34,44.2,125.19999999999999,241.00000000000003,63.889999999999986,-0.46896519100763184,-0.8832166493127127,0.0
2016-07-30,4.2,22.3,48.38,34.6,354.63,45.300000000000004,80.7,209.3,7.2900000000000205,-0.48408852163897587,-0.8750190302029955,0.0
2016-07-31,19.4,22.2,49.33,67.1,407.32,53.7,80.7,238.10000000000002,52.69,-0.4990686026885319,-0.8665624788845385,0.0
2016-08-01,29.7,22.1,48.31,97.0,673.53,53.3,100.0,305.20000000000005,266.21,-0.5139010013093103,-0.8578494977869301,0.0
2016-08-02,22.5,22.3,49.0,52.5,898.5,71.6,120.0,351.90000000000003,224.97000000000003,-0.5285813283559292,-0.8488826652214553,0.0
2016-08-03,22.5,22.6,48.52,57.8,932.25,74.7,139.4,377.0,33.75,-0.5431052396834317,-0.8396646346181327,0.0
2016-08-04,7.8,22.6,50.35,43.9,865.96,52.8,136.2,395.00000000000006,-66.28999999999996,-0.5574684374327892,-0.8301981337405212,0.0
2016-08-05,14.7,22.4,50.02,48.3,809.96,45.0,120.80000000000001,401.20000000000005,-56.0,-0.5716666713027052,-0.8204859638785327,0.0
2016-08-06,7.8,22.8,50.99,47.1,777.04,30.3,124.4,413.7,-32.92000000000007,-0.5856957398073508,-0.8105309990194823,0.0
2016-08-07,5.9,22.7,51.17,37.3,703.69,28.4,110.89999999999999,383.90000000000003,-73.34999999999991,-0.5995514915196489,-0.8003361849976323,0.0
2016-08-08,4.7,23.2,50.92,27.7,617.02,18.4,85.89999999999999,314.6,-86.67000000000007,-0.6132298262997502,-0.7899045386224707,0.0
2016-08-09,3.7,23.0,50.72,31.8,519.0,14.3,67.1,293.90000000000003,-98.01999999999998,-0.6267266965083301,-0.7792391467859886,0.0
2016-08-10,4.2,23.0,50.62,25.9,441.59,12.600000000000001,48.8,262.0,-77.41000000000003,-0.6400381082043503,-0.7683431655492202,0.0
2016-08-11,4.7,23.3,50.8,35.5,386.26,12.600000000000001,45.7,253.60000000000002,-55.329999999999984,-0.65316012232693,-0.7572198192083127,0.0
2016-08-12,1.1,23.4,50.09,14.8,352.18,10.000000000000002,32.1,220.10000000000002,-34.079999999999984,-0.666088855860977,-0.7458723993404063,0.0
2016-08-13,1.0,23.6,49.46,12.0,287.4,6.800000000000001,25.3,185.0,-64.78000000000003,-0.6788204829862355,-0.734304263829602,0.0
2016-08-14,0.9,23.4,48.96,11.6,221.33,3.0,20.3,159.30000000000004,-66.06999999999996,-0.6913512362094071,-0.722518835873311,0.0
2016-08-15,0.5,23.3,48.71,14.7,168.82,2.4,16.1,146.30000000000004,-52.51000000000002,-0.7036774074790128,-0.7105196029692745,0.0
2016-08-16,1.0,23.2,48.99,15.0,158.59,2.4,13.400000000000002,129.50000000000003,-10.22999999999999,-0.7157953492826642,-0.6983101158835584,0.0
2016-08-17,1.5,23.2,48.95,14.6,152.82,3.0,10.7,118.20000000000002,-5.77000000000001,-0.7277014757264236,-0.6858939875998223,0.0
2016-08-18,1.0,22.9,48.98,12.2,147.25,3.5,7.0,94.90000000000002,-5.569999999999993,-0.7393922635959241,-0.673274892250183,0.0
2016-08-19,0.1,23.3,48.3,8.4,136.09,2.6,6.0,88.50000000000003,-11.159999999999997,-0.7508642533989489,-0.6604565640279754,0.0
2016-08-20,0.0,23.3,47.37,5.4,111.2,1.1,5.0,81.90000000000002,-24.89,-0.7621140503891487,-0.6474427960827475,0.0
2016-08-21,1.8,23.1,47.45,15.5,90.2,1.9000000000000001,5.9,85.80000000000003,-21.0,-0.7731383255706026,-0.6342374393978054,0.0
2016-08-22,1.3,23.4,47.6,13.8,86.9,3.1,6.7,84.90000000000003,-3.299999999999997,-0.7839338166829201,-0.620844401650647,0.0
2016-08-23,1.5,23.3,47.59,15.7,86.1,4.6,7.2,85.60000000000002,-0.8000000000000114,-0.7944973291665992,-0.6072676460566135,0.0
2016-08-24,1.3,23.4,47.75,13.1,88.95,4.1000000000000005,7.0,84.10000000000004,2.8500000000000085,-0.8048257371083452,-0.593511190196115,0.0
2016-08-25,0.5,23.8,47.06,5.2,81.41,3.3,6.5,77.10000000000002,-7.540000000000006,-0.8149159841660791,-0.5795791048257612,0.0
2016-08-26,2.3,23.6,46.53,6.9,63.12,4.1,8.7,75.60000000000002,-18.29,-0.8247650844733614,-0.5654755126737576,0.0
2016-08-27,0.0,23.5,46.35,6.1,50.05,2.8,8.7,76.30000000000003,-13.07,-0.8343701235229538,-0.5512045872199277,0.0
2016-08-28,5.1,22.8,46.76,11.5,46.64,7.3999999999999995,12.0,72.30000000000004,-3.4099999999999966,-0.8437282590292712,-0.5367705514607103,0.0
2016-08-29,0.8,23.4,48.19,19.5,62.68,5.8999999999999995,11.499999999999998,78.00000000000003,16.04,-0.8528367217694595,-0.522177676659508,0.0
2016-08-30,6.0,23.6,47.97,12.5,78.25,11.899999999999999,16.0,74.80000000000003,15.57,-0.8616928164028522,-0.5074302810827518,0.0
2016-08-31,7.0,23.0,48.22,13.1,81.6,13.8,21.7,74.80000000000003,3.3499999999999943,-0.8702939222685674,-0.49253272872205434,0.0
2016-09-01,2.7,22.6,49.57,9.6,94.5,15.7,23.9,79.20000000000003,12.900000000000006,-0.8786374941610001,-0.4774894280028391,0.0
2016-09-02,0.3,23.3,48.72,9.2,91.9,10.0,21.9,81.50000000000003,-2.5999999999999943,-0.886721063082993,-0.46230483047981086,0.0
2016-09-03,0.1,23.1,47.99,5.7,78.98,3.1,22.0,81.10000000000002,-12.920000000000002,-0.8945422369764496,-0.4469834295196741,0.0
2016-09-04,0.0,23.3,46.9,5.0,67.71,0.4,16.900000000000002,74.60000000000002,-11.27000000000001,-0.9020987014301837,-0.43152975897147144,0.0
2016-09-05,0.0,23.1,45.93,4.6,56.02,0.1,16.1,59.700000000000024,-11.68999999999999,-0.9093882203647925,-0.4159483918249421,0.0
2016-09-06,0.6,22.7,45.17,4.4,44.92,0.6,10.7,51.60000000000003,-11.100000000000001,-0.9164086366943458,-0.4002439388573056,0.0
2016-09-07,0.3,23.0,44.67,4.5,36.67,0.8999999999999999,4.0,43.00000000000003,-8.25,-0.9231578729647039,-0.38442104726885545,0.0
2016-09-08,0.3,23.1,43.71,3.3,29.48,1.2,1.6,36.70000000000003,-7.190000000000001,-0.9296339319682695,-0.3684843993077793,0.0
2016-09-09,0.1,23.5,42.74,4.0,21.39,0.7,1.4,31.50000000000003,-8.09,-0.9358348973349941,-0.35243871088460327,0.0
2016-09-10,0.1,23.6,41.86,5.4,16.1,0.5,1.4000000000000001,31.20000000000003,-5.289999999999999,-0.9417589340994617,-0.33628873017668287,0.0
2016-09-11,0.7,23.3,41.41,2.1,13.29,0.8999999999999999,2.1,28.30000000000003,-2.8100000000000023,-0.9474042892438845,-0.32003923622313857,0.0
2016-09-12,0.0,23.5,41.07,2.9,11.85,0.7999999999999999,2.1,26.60000000000003,-1.4399999999999995,-0.9527692922168511,-0.30369503751065885,0.0
2016-09-13,2.1,23.6,40.87,4.2,11.79,2.8,3.6,26.40000000000003,-0.0600000000000005,-0.9578523554276669,-0.28726097055059635,0.0
2016-09-14,8.1,22.6,43.64,8.4,13.55,10.2,11.4,30.30000000000003,1.7600000000000016,-0.9626519747161487,-0.2707418984477642,0.0
2016-09-15,6.1,22.5,46.19,10.5,21.8,16.299999999999997,17.2,37.50000000000003,8.25,-0.9671667297977312,-0.2541427094613622,0.0
2016-09-16,13.2,22.7,48.45,16.9,44.81,27.4,30.3,50.40000000000003,23.01,-0.97139528468375,-0.23746831555846842,0.0
2016-09-17,2.8,22.7,49.46,10.8,76.98,22.099999999999998,33.0,55.800000000000026,32.17,-0.9753363880767837,-0.2207236509605022,0.0
2016-09-18,4.3,23.0,49.38,20.0,89.78,20.299999999999997,36.599999999999994,73.70000000000003,12.799999999999997,-0.9789888737409319,-0.20391367068311472,0.0
2016-09-19,0.9,23.1,48.86,10.8,95.38,8.0,37.49999999999999,81.60000000000002,5.599999999999994,-0.9823516608469237,-0.18704334906991657,0.0
2016-09-20,0.8,23.2,48.1,7.7,93.62,6.0,36.2,85.10000000000004,-1.759999999999991,-0.9854237542919524,-0.17011767832049052,0.0
2016-09-21,41.0,21.7,48.84,21.4,104.2,42.7,69.1,98.10000000000002,10.579999999999998,-0.9882042449941422,-0.15314166701312007,0.0
2016-09-22,0.9,22.7,48.97,5.5,155.31,42.7,63.9,93.10000000000002,51.11,-0.9906923101615609,-0.13612033862266704,0.0
2016-09-23,6.4,22.2,49.18,71.7,168.43,48.3,57.10000000000001,147.90000000000003,13.120000000000005,-0.9928872135356962,-0.11905873003404988,0.0
2016-09-24,14.3,22.8,49.52,40.6,238.88,21.6,68.6,177.70000000000005,70.44999999999999,-0.994788305609327,-0.10196189005174576,0.0
2016-09-25,7.4,23.4,46.67,4.5,292.76,28.1,71.7,162.20000000000005,53.879999999999995,-0.9963950238187231,-0.08483487790576538,0.0
2016-09-26,3.2,23.6,46.4,4.1,225.99,24.900000000000002,74.0,155.50000000000003,-66.76999999999998,-0.9977068927101168,-0.06768276175455162,0.0
2016-09-27,0.7,23.9,46.7,3.8,148.97,11.3,73.9,151.60000000000005,-77.02000000000001,-0.9987235240803972,-0.050510617185222886,0.0
2016-09-28,0.4,24.6,45.76,2.0,107.64,4.3,33.300000000000004,132.20000000000005,-41.33,-0.9994446170919858,-0.033323525711631344,0.0
2016-09-29,1.1,24.2,44.71,1.3,73.13,2.2,33.5,128.00000000000003,-34.510000000000005,-0.9998699583618592,-0.016126573270657762,0.0
2016-09-30,0.0,23.9,43.86,0.2,49.82,1.5000000000000002,27.1,56.50000000000003,-23.309999999999995,-0.9999994220246925,0.001075151282798226,0.0
2016-10-01,0.0,23.2,42.79,0.0,33.91,1.1,12.8,15.900000000000029,-15.910000000000004,-0.999832969770105,0.018276557681691223,0.0
2016-10-02,7.6,22.5,44.22,3.3,23.66,7.6,13.0,14.700000000000028,-10.249999999999996,-0.9993706508539969,0.03547255575312556,0.0
2016-10-03,2.3,21.9,45.26,3.8,20.83,9.899999999999999,12.100000000000001,14.400000000000027,-2.830000000000002,-0.9986126020839734,0.052658056924614005,0.0
2016-10-04,2.8,22.4,46.65,8.4,23.66,12.7,14.2,19.00000000000003,2.830000000000002,-0.9975590477788613,0.06982797572987089,0.0
2016-10-05,0.2,23.1,46.08,6.4,30.99,5.3,13.999999999999998,23.400000000000027,7.329999999999998,-0.9962102997023297,0.0869772313136861,0.0
2016-10-06,0.0,22.8,45.14,4.3,31.73,3.0,12.899999999999999,26.400000000000027,0.740000000000002,-0.9945667569706337,0.1041007489354256,0.0
2016-10-07,0.6,23.3,44.4,2.0,25.49,0.8,13.5,28.200000000000028,-6.240000000000002,-0.9926289059345095,0.121193461470736,0.0
2016-10-08,0.5,23.5,44.08,6.9,20.18,1.1,14.0,35.10000000000003,-5.309999999999999,-0.9903973200352558,0.1382503109109819,0.0
2016-10-09,3.8,23.2,44.56,7.1,18.86,4.9,10.2,38.900000000000034,-1.3200000000000003,-0.9878726596350429,0.15526624985999563,0.0
2016-10-10,8.5,23.5,45.88,14.8,23.43,12.8,16.4,49.90000000000003,4.57,-0.9850556718215013,0.172236243027682,0.0
2016-10-11,3.5,23.9,46.7,12.7,30.19,15.8,17.099999999999998,54.20000000000003,6.760000000000002,-0.981947190186646,0.18915526872004093,0.0
2016-10-12,0.4,24.5,47.01,1.5,34.89,12.4,17.299999999999997,49.300000000000026,4.699999999999999,-0.9785481345802031,0.20601832032517084,0.0
2016-10-13,0.0,24.9,45.97,1.0,31.66,3.9,17.299999999999997,46.00000000000003,-3.2300000000000004,-0.9748595108374125,0.22282040779479959,0.0
2016-10-14,0.0,25.5,44.8,1.6,23.49,0.4,16.699999999999996,45.60000000000002,-8.170000000000002,-0.9708824104813836,0.23955655912092708,0.0
2016-10-15,0.0,24.8,43.53,0.0,16.78,0.0,16.199999999999996,38.700000000000024,-6.709999999999997,-0.9666180104000972,0.2562218218071163,0.0
2016-10-16,0.0,25.3,42.42,0.0,12.49,0.0,12.4,31.60000000000003,-4.290000000000001,-0.9620675724981452,0.27281126433401914,0.0
2016-10-17,0.0,24.8,41.31,0.0,10.89,0.0,3.9,16.80000000000003,-1.5999999999999996,-0.957232443323312,0.28931997761869527,0.0
2016-10-18,0.0,25.0,40.15,0.0,10.32,0.0,0.4,4.100000000000028,-0.5700000000000003,-0.9521140536681102,0.3057430764672831,0.0
2016-10-19,0.0,24.6,38.96,0.0,10.02,0.0,0.0,2.6000000000000285,-0.3000000000000007,-0.9467139181463862,0.3220757010206104,0.0
2016-10-20,0.0,24.6,37.91,0.0,9.84,0.0,0.0,1.6000000000000285,-0.17999999999999972,-0.9410336347451197,0.3383130181923076,0.0
2016-10-21,0.0,24.4,37.09,0.0,9.72,0.0,0.0,0.0,-0.11999999999999922,-0.9350748843515574,0.3544502230989869,0.0
2016-10-22,0.0,24.5,36.19,0.0,9.64,0.0,0.0,0.0,-0.08000000000000007,-0.9288394302558068,0.3704825404820963,0.0
2016-10-23,0.0,24.6,35.27,0.6,9.57,0.0,0.0,0.6000000000000284,-0.07000000000000028,-0.9223291176290545,0.3864052261209853,0.0
2016-10-24,0.0,25.2,34.45,0.3,9.52,0.0,0.0,0.9000000000000283,-0.05000000000000071,-0.9155458729775467,0.40221356823680365,0.0
2016-10-25,0.0,25.0,33.71,0.0,9.35,0.0,0.0,0.9000000000000283,-0.16999999999999993,-0.9084917035725082,0.41790288888678667,0.0
2016-10-26,0.0,25.3,32.95,0.0,9.14,0.0,0.0,0.9000000000000283,-0.20999999999999908,-0.9011686968561569,0.4334685453485363,0.0
2016-10-27,0.0,24.7,32.12,0.0,9.02,0.0,0.0,0.9000000000000283,-0.120000000000001,-0.8935790198239952,0.4489059314938798,0.0
2016-10-28,0.0,24.3,31.21,0.0,8.95,0.0,0.0,0.9000000000000283,-0.07000000000000028,-0.8857249183835637,0.4642104791518923,0.0
2016-10-29,0.0,24.0,30.47,0.0,8.89,0.0,0.0,0.9000000000000283,-0.05999999999999872,-0.8776087166898392,0.4793776594606945,0.0
2016-10-30,0.0,24.5,29.86,0.0,8.86,0.0,0.0,0.3000000000000284,-0.030000000000001137,-0.8692328164574792,0.49440298420761813,0.0
2016-10-31,0.0,26.0,29.48,0.3,8.82,0.0,0.0,0.3000000000000284,-0.03999999999999915,-0.8605996962501181,0.5092820071573356,0.0
2016-11-01,0.0,26.4,28.98,0.0,8.75,0.0,0.0,0.3000000000000284,-0.07000000000000028,-0.8517119107469189,0.5240103253675756,0.0
2016-11-02,0.0,25.6,28.44,0.0,8.73,0.0,0.0,0.3000000000000284,-0.019999999999999574,-0.8425720899866032,0.5385835804920232,0.0
2016-11-03,0.0,24.9,27.98,0.0,8.68,0.0,0.0,0.3000000000000284,-0.05000000000000071,-0.8331829385891785,0.5529974600700271,0.0
2016-11-04,0.0,24.2,27.58,0.0,9.33,0.0,0.0,0.3000000000000284,0.6500000000000004,-0.8235472349556007,0.5672476988027229,0.0
2016-11-05,0.0,23.5,27.24,0.0,10.32,0.0,0.0,0.3000000000000284,0.9900000000000002,-0.8136678304455991,0.5813300798152042,0.0
2016-11-06,0.0,23.8,26.97,0.0,10.56,0.0,0.0,0.3000000000000284,0.2400000000000002,-0.8035476485339116,0.5952404359043674,0.0
2016-11-07,0.0,24.3,26.77,0.0,10.61,0.0,0.0,0.0,0.049999999999998934,-0.7931896839451843,0.6089746507720486,0.0
2016-11-08,0.0,23.9,26.56,0.0,10.61,0.0,0.0,0.0,0.0,-0.7825970017677834,0.6225286602431057,0.0
2016-11-09,0.0,23.9,26.37,0.0,10.61,0.0,0.0,0.0,0.0,-0.7717727365467836,0.6358984534680745,0.0
2016-11-10,0.0,23.9,26.23,0.0,10.61,0.0,0.0,0.0,0.0,-0.7607200913564104,0.6490800741100398,0.0
2016-11-11,0.0,23.6,26.09,0.0,10.59,0.0,0.0,0.0,-0.019999999999999574,-0.7494423368521954,0.6620696215153815,0.0
2016-11-12,0.0,23.9,25.96,0.0,10.59,0.0,0.0,0.0,0.0,-0.7379428103031386,0.6748632518680403,0.0
2016-11-13,0.0,24.6,25.84,0.0,10.56,0.0,0.0,0.0,-0.02999999999999936,-0.7262249146041543,0.6874571793269664,0.0
2016-11-14,0.0,25.5,25.79,0.1,9.81,0.0,0.0,0.10000000000002843,-0.75,-0.7142921172691032,0.699847677146407,0.0
2016-11-15,3.8,25.4,26.6,3.0,9.23,3.8,3.8,3.1000000000000285,-0.5800000000000001,-0.7021479494046978,0.7120310787787131,0.0
2016-11-16,1.2,24.7,28.63,2.3,9.19,5.0,5.0,5.400000000000029,-0.040000000000000924,-0.6897960046655887,0.7240037789593305,0.0
2016-11-17,0.0,25.1,28.43,0.0,9.09,5.0,5.0,5.400000000000029,-0.09999999999999964,-0.6772399381909491,0.7357622347736527,0.0
2016-11-18,0.0,24.1,27.59,0.0,8.89,1.2,5.0,5.400000000000029,-0.1999999999999993,-0.6644834655228552,0.7473029667054296,0.0
2016-11-19,0.0,23.5,26.95,0.0,8.68,0.0,5.0,5.400000000000029,-0.21000000000000085,-0.6515303615068021,0.75862255966641,0.0
2016-11-20,0.0,23.1,26.4,0.0,8.57,0.0,5.0,5.400000000000029,-0.10999999999999943,-0.6383844591746642,0.7697176640069211,0.0
2016-11-21,0.0,23.6,25.97,0.0,8.46,0.0,5.0,5.300000000000029,-0.10999999999999943,-0.6250496486104377,0.7805849965070866,0.0
2016-11-22,0.0,23.5,25.64,0.0,8.4,0.0,1.2,2.3000000000000282,-0.0600000000000005,-0.6115298757991053,0.7912213413483807,0.0
2016-11-23,0.0,23.8,25.41,0.0,8.31,0.0,0.0,0.0,-0.08999999999999986,-0.5978291414589552,0.801623551065242,0.0
2016-11-24,0.0,23.4,25.23,0.0,8.25,0.0,0.0,0.0,-0.0600000000000005,-0.5839514998576998,0.8117885474764613,0.0
2016-11-25,0.0,23.2,25.08,0.0,8.23,0.0,0.0,0.0,-0.019999999999999574,-0.5699010576127624,0.8217133225960589,0.0
2016-11-26,0.0,23.7,24.96,0.0,8.18,0.0,0.0,0.0,-0.05000000000000071,-0.5556819724760489,0.8313949395234058,0.0
2016-11-27,0.0,24.6,24.86,0.0,8.16,0.0,0.0,0.0,-0.019999999999999574,-0.5412984521036173,0.8408305333122887,0.0
2016-11-28,0.0,24.9,24.79,0.0,8.12,0.0,0.0,0.0,-0.040000000000000924,-0.5267547528105542,0.8500173118187018,0.0
2016-11-29,0.0,24.7,24.73,0.0,8.1,0.0,0.0,0.0,-0.019999999999999574,-0.5120551783114646,0.8589525565270845,0.0
2016-11-30,0.0,24.7,24.67,0.0,8.08,0.0,0.0,0.0,-0.019999999999999574,-0.4972040784469378,0.8676336233547726,0.0
2016-12-01,0.0,23.9,24.63,0.0,8.04,0.0,0.0,0.0,-0.040000000000000924,-0.4822058478963526,0.8760579434344281,0.0
2016-12-02,0.0,24.1,24.57,0.0,7.99,0.0,0.0,0.0,-0.049999999999998934,-0.46706492487743034,0.8842230238742036,0.0
2016-12-03,0.0,25.1,24.55,0.0,7.95,0.0,0.0,0.0,-0.040000000000000036,-0.451785789832884,0.8921264484954345,0.0
2016-12-04,0.0,25.6,24.55,0.1,7.91,0.0,0.0,0.10000000000002843,-0.040000000000000036,-0.4363729641045924,0.8997658785476209,0.0
2016-12-05,0.0,25.7,24.56,0.1,7.91,0.0,0.0,0.20000000000002843,0.0,-0.42083100859565564,0.9071390534005044,0.0
2016-12-06,0.0,25.1,24.48,0.0,7.89,0.0,0.0,0.20000000000002843,-0.020000000000000462,-0.4051645224207563,0.9142437912130223,0.0
2016-12-07,0.0,23.0,24.43,0.0,7.83,0.0,0.0,0.20000000000002843,-0.05999999999999961,-0.3893781415452015,0.9210779895789526,0.0
2016-12-08,0.0,23.0,24.36,0.0,7.77,0.0,0.0,0.20000000000002843,-0.0600000000000005,-0.37347653741307074,0.9276396261490467,0.0
2016-12-09,0.0,22.9,24.31,0.0,7.69,0.0,0.0,0.20000000000002843,-0.07999999999999918,-0.3574644155648614,0.9339267592294762,0.0
2016-12-10,0.0,22.4,24.26,0.0,7.65,0.0,0.0,0.20000000000002843,-0.040000000000000036,-0.34134651424503615,0.9399375283564133,0.0
2016-12-11,0.0,22.0,24.22,0.0,7.63,0.0,0.0,0.10000000000002843,-0.020000000000000462,-0.3251276029999093,0.9456701548465688,0.0
2016-12-12,0.0,23.1,24.18,0.0,7.55,0.0,0.0,0.0,-0.08000000000000007,-0.30881248126625377,0.9511229423235357,0.0
2016-12-13,0.0,24.4,24.15,0.0,7.55,0.0,0.0,0.0,0.0,-0.29240597695107734,0.9562942772197719,0.0
2016-12-14,0.3,24.2,24.19,0.8,7.57,0.3,0.3,0.8000000000000285,0.020000000000000462,-0.27591294500296043,0.9611826292540837,0.0
2016-12-15,0.0,24.3,24.3,0.0,7.59,0.3,0.3,0.8000000000000285,0.019999999999999574,-0.2593382659754056,0.9657865518844574,0.0
2016-12-16,0.0,25.4,24.27,0.0,7.57,0.3,0.3,0.8000000000000285,-0.019999999999999574,-0.2426868445825954,0.9701046827361175,0.0
2016-12-17,0.0,25.8,24.19,0.0,7.51,0.0,0.3,0.8000000000000285,-0.0600000000000005,-0.22596360824801906,0.974135744004672,0.0
2016-12-18,0.0,25.5,24.1,0.0,7.49,0.0,0.3,0.8000000000000285,-0.019999999999999574,-0.20917350564635637,0.9778785428342386,0.0
2016-12-19,0.0,24.2,24.03,0.0,7.49,0.0,0.3,0.8000000000000285,0.0,-0.19232150523909483,0.9813319716704275,0.0
2016-12-20,0.0,23.3,23.98,0.0,7.49,0.0,0.3,0.8000000000000285,0.0,-0.17541259380427843,0.9844950085880858,0.0
2016-12-21,0.0,23.3,23.95,0.0,7.49,0.0,0.0,0.0,0.0,-0.15845177496083632,0.9873667175937016,0.0
2016-12-22,0.0,23.8,23.93,0.0,7.41,0.0,0.0,0.0,-0.08000000000000007,-0.14144406768794202,0.9899462489023779,0.0
2016-12-23,0.0,24.1,23.9,0.0,7.36,0.0,0.0,0.0,-0.04999999999999982,-0.12439450483979998,0.9922328391893008,0.0
2016-12-24,0.0,24.1,23.87,0.0,7.34,0.0,0.0,0.0,-0.020000000000000462,-0.10730813165636247,0.9942258118156161,0.0
2016-12-25,0.0,23.9,23.84,0.0,7.34,0.0,0.0,0.0,0.0,-0.09019000427034513,0.9959245770286599,0.0
2016-12-26,0.0,23.7,23.82,0.0,7.28,0.0,0.0,0.0,-0.05999999999999961,-0.07304518821104743,0.9973286321364752,0.0
2016-12-27,0.0,23.1,23.8,0.0,7.26,0.0,0.0,0.0,-0.020000000000000462,-0.05587875690537313,0.9984375616565666,0.0
2016-12-28,0.0,22.6,23.8,0.0,7.22,0.0,0.0,0.0,-0.040000000000000036,-0.03869579017652689,0.9992510374388481,0.0
2016-12-29,0.0,22.8,23.76,0.0,7.17,0.0,0.0,0.0,-0.04999999999999982,-0.021501372740813793,0.999768818762748,0.0
2016-12-30,0.0,23.2,23.74,0.0,7.15,0.0,0.0,0.0,-0.019999999999999574,-0.004300592702981974,0.9999907524084426,0.0
2016-12-31,0.0,22.2,26.32,0.0,7.07,0.0,0.0,0.0,-0.08000000000000007,0.012901459949419653,0.9999167727021953,0.0
2017-01-01,0.0,22.9,26.28,0.0,7.02,0.0,0.0,0.0,-0.05000000000000071,0.017201575418260506,0.9998520419557735,0.0
2017-01-02,0.0,22.1,27.08,0.0,7.02,0.0,0.0,0.0,0.0,0.03439806061360801,0.9994082116062598,0.0
2017-01-03,0.0,21.8,26.83,0.0,7.02,0.0,0.0,0.0,0.0,0.051584366869408364,0.9986686402879997,0.0
2017-01-04,0.0,20.8,26.92,0.0,6.98,0.0,0.0,0.0,-0.03999999999999915,0.06875540848113941,0.9976335468520451,0.0
2017-01-05,0.0,20.5,26.89,0.0,6.94,0.0,0.0,0.0,-0.040000000000000036,0.08590610426133272,0.9963032375991965,0.0
2017-01-06,0.0,21.2,26.63,0.0,6.82,0.0,0.0,0.0,-0.1200000000000001,0.10303137904317879,0.9946781061893646,0.0
2017-01-07,0.0,20.6,26.47,0.0,6.73,0.0,0.0,0.0,-0.08999999999999986,0.1201261651823505,0.9927586335250793,0.0
2017-01-08,0.0,19.4,26.38,0.0,6.71,0.0,0.0,0.0,-0.020000000000000462,0.13718540405660057,0.9905453876091833,0.0
2017-01-09,0.0,20.3,26.28,0.0,6.66,0.0,0.0,0.0,-0.04999999999999982,0.1542040475626894,0.988039023376751,0.0
2017-01-10,0.0,20.5,26.45,0.0,5.71,0.0,0.0,0.0,-0.9500000000000002,0.17117705961019986,0.985240282501282,0.0
2017-01-11,0.0,20.7,26.82,0.0,4.81,0.0,0.0,0.0,-0.9000000000000004,0.18809941761179758,0.9821499931752291,0.0
2017-01-12,0.0,20.5,26.73,0.0,4.37,0.0,0.0,0.0,-0.4399999999999995,0.20496611396949532,0.9787690698649216,0.0
2017-01-13,0.0,20.9,26.74,0.0,4.04,0.0,0.0,0.0,-0.33000000000000007,0.22177215755648186,0.975098513039961,0.0
2017-01-14,0.0,21.7,26.75,0.0,3.72,0.0,0.0,0.0,-0.31999999999999984,0.23851257519407648,0.9711394088771653,0.0
2017-01-15,0.0,22.3,26.76,0.0,3.29,0.0,0.0,0.0,-0.43000000000000016,0.2551824131233728,0.9668929289391521,0.0
2017-01-16,0.0,22.6,26.82,0.0,2.69,0.0,0.0,0.0,-0.6000000000000001,0.2717767384711357,0.9623603298276545,0.0
2017-01-17,0.0,23.2,27.1,0.0,1.97,0.0,0.0,0.0,-0.72,0.2882906407095177,0.9575429528116719,0.0
2017-01-18,0.0,22.9,27.31,0.0,1.31,0.0,0.0,0.0,-0.6599999999999999,0.3047192331091634,0.9524422234305676,0.0
2017-01-19,0.0,22.1,27.38,0.0,0.72,0.0,0.0,0.0,-0.5900000000000001,0.321057654185271,0.9470596510722283,0.0
2017-01-20,0.0,22.1,27.4,0.0,0.66,0.0,0.0,0.0,-0.05999999999999994,0.3373010691361842,0.9413968285264122,0.0
2017-01-21,0.0,22.8,27.24,0.0,1.09,0.0,0.0,0.0,0.43000000000000005,0.3534446712740877,0.9354554315134164,0.0
2017-01-22,0.0,24.6,26.93,0.0,1.25,0.0,0.0,0.0,0.15999999999999992,0.3694836834473831,0.9292372181882051,0.0
2017-01-23,0.0,25.1,27.02,0.0,1.19,0.0,0.0,0.0,-0.06000000000000005,0.38541335945432564,0.9227440286201427,0.0
2017-01-24,0.0,24.6,26.9,0.0,1.47,0.0,0.0,0.0,0.28,0.4012289854475009,0.9159777842484877,0.0
2017-01-25,0.0,24.0,26.87,0.0,1.69,0.0,0.0,0.0,0.21999999999999997,0.4169258813287287,0.908940487313808,0.0
2017-01-26,0.0,24.4,26.96,0.0,2.06,0.0,0.0,0.0,0.3700000000000001,0.4324994021339788,0.901634220265486,0.0
2017-01-27,0.0,23.6,26.58,0.0,2.34,0.0,0.0,0.0,0.2799999999999998,0.44794493940789115,0.8940611451454876,0.0
2017-01-28,0.0,24.4,26.5,0.0,2.09,0.0,0.0,0.0,-0.25,0.4632579225674917,0.88622350294858,0.0
2017-01-29,0.0,24.5,26.81,0.0,1.94,0.0,0.0,0.0,-0.1499999999999999,0.4784338202547012,0.8781236129591848,0.0
2017-01-30,0.0,24.5,26.94,0.0,2.53,0.0,0.0,0.0,0.5899999999999999,0.49346814167723735,0.8697638720650646,0.0
2017-01-31,0.0,24.0,26.85,0.0,3.53,0.0,0.0,0.0,1.0,0.5083564379375122,0.8611467540480452,0.0
2017-02-01,0.0,24.0,26.74,0.0,3.91,0.0,0.0,0.0,0.38000000000000034,0.5230943033491326,0.8522748088519838,0.0
2017-02-02,0.0,24.2,26.72,0.0,3.91,0.0,0.0,0.0,0.0,0.5376773767406141,0.8431506618282,0.0
2017-02-03,0.0,24.1,26.67,0.0,3.91,0.0,0.0,0.0,0.0,0.5521013427459208,0.8337770129585915,0.0
2017-02-04,0.0,24.1,26.54,0.0,4.19,0.0,0.0,0.0,0.28000000000000025,0.5663619330814524,0.8241566360566663,0.0
2017-02-05,0.0,23.4,26.36,0.0,4.5,0.0,0.0,0.0,0.3099999999999996,0.580454927809098,0.8142923779467267,0.0
2017-02-06,0.0,23.8,26.2,0.0,4.53,0.0,0.0,0.0,0.03000000000000025,0.5943761565849831,0.804187157621448,0.0
2017-02-07,0.0,24.0,26.56,0.0,4.56,0.0,0.0,0.0,0.02999999999999936,0.6081214998935418,0.7938439653781019,0.0
2017-02-08,0.0,24.4,26.46,0.0,4.43,0.0,0.0,0.0,-0.1299999999999999,0.6216868902665479,0.7832658619336791,0.0
2017-02-09,0.0,24.6,26.38,0.0,4.19,0.0,0.0,0.0,-0.23999999999999932,0.6350683134867438,0.7724559775191742,0.0
2017-02-10,0.0,24.6,26.5,0.0,4.22,0.0,0.0,0.0,0.02999999999999936,0.6482618097757122,0.7614175109532997,0.0
2017-02-11,0.0,24.0,26.58,0.0,4.25,0.0,0.0,0.0,0.03000000000000025,0.6612634749656386,0.7501537286959042,0.0
2017-02-12,0.0,24.0,26.39,0.0,4.04,0.0,0.0,0.0,-0.20999999999999996,0.6740694616546161,0.7386679638813748,0.0
2017-02-13,0.0,24.4,26.27,0.0,3.84,0.0,0.0,0.0,-0.20000000000000018,0.6866759803451553,0.726963615332308,0.0
2017-02-14,0.0,24.3,26.39,0.0,3.79,0.0,0.0,0.0,-0.04999999999999982,0.6990793005655562,0.7150441465537444,0.0
2017-02-15,0.0,24.7,26.43,0.0,3.97,0.0,0.0,0.0,0.18000000000000016,0.7112757519738152,0.7029130847082615,0.0
2017-02-16,0.0,24.6,26.48,0.0,4.19,0.0,0.0,0.0,0.2200000000000002,0.7232617254437388,0.6905740195722293,0.0
2017-02-17,0.0,24.9,26.28,0.0,4.22,0.0,0.0,0.0,0.02999999999999936,0.7350336741329413,0.6780306024735382,0.0
2017-02-18,0.0,25.2,26.32,0.0,3.97,0.0,0.0,0.0,-0.24999999999999956,0.746588114532413,0.6652865452111116,0.0
2017-02-19,0.0,25.7,25.93,0.0,3.75,0.0,0.0,0.0,-0.2200000000000002,0.7579216274973472,0.6523456189565257,0.0
2017-02-20,0.0,25.6,25.83,0.0,3.72,0.0,0.0,0.0,-0.029999999999999805,0.7690308592589181,0.6392116531380588,0.0
2017-02-21,0.0,25.7,25.8,0.0,3.75,0.0,0.0,0.0,0.029999999999999805,0.7799125224167177,0.6258885343075018,0.0
2017-02-22,0.0,26.0,25.52,0.0,3.75,0.0,0.0,0.0,0.0,0.7905633969115482,0.612380204990065,0.0
2017-02-23,0.0,27.0,25.35,0.0,3.56,0.0,0.0,0.0,-0.18999999999999995,0.8009803309782905,0.5986906625177214,0.0
2017-02-24,0.0,27.2,25.45,0.0,3.29,0.0,0.0,0.0,-0.27,0.8111602420785621,0.5848239578463322,0.0
2017-02-25,0.0,27.0,25.27,0.0,3.09,0.0,0.0,0.0,-0.20000000000000018,0.8211001178128892,0.5707841943569036,0.0
2017-02-26,0.0,26.2,25.31,0.0,3.22,0.0,0.0,0.0,0.13000000000000034,0.8307970168121247,0.5565755266413303,0.0
2017-02-27,0.0,25.9,25.62,0.0,3.5,0.0,0.0,0.0,0.2799999999999998,0.8402480696078469,0.5422021592729844,0.0
2017-02-28,0.0,26.2,25.65,0.0,3.35,0.0,0.0,0.0,-0.1499999999999999,0.8494504794814806,0.527668345562516,0.0
2017-03-01,0.0,26.1,25.71,0.0,3.12,0.0,0.0,0.0,-0.22999999999999998,0.8584015232918917,0.512978386299228,0.0
2017-03-02,0.0,25.8,25.72,0.0,3.12,0.0,0.0,0.0,0.0,0.8670985522812081,0.4981366284784055,0.0
2017-03-03,0.0,25.9,25.32,0.0,3.25,0.0,0.0,0.0,0.1299999999999999,0.8755389928586302,0.4831474640149687,0.0
2017-03-04,0.0,26.0,25.21,0.0,3.41,0.0,0.0,0.0,0.16000000000000014,0.8837203473619977,0.4680153284438345,0.0
2017-03-05,0.0,25.0,25.33,0.0,3.53,0.0,0.0,0.0,0.11999999999999966,0.8916401947968874,0.45274469960737107,0.0
2017-03-06,0.0,24.4,25.23,0.0,3.47,0.0,0.0,0.0,-0.05999999999999961,0.8992961915530253,0.4373400963303323,0.0
2017-03-07,0.0,24.6,25.03,0.0,3.32,0.0,0.0,0.0,-0.15000000000000036,0.9066860720977985,0.4218060770826634,0.0
2017-03-08,0.0,24.9,24.87,0.0,3.03,0.0,0.0,0.0,-0.29000000000000004,0.9138076496466615,0.4061472386305789,0.0
2017-03-09,0.0,25.2,25.11,0.0,2.75,0.0,0.0,0.0,-0.2799999999999998,0.9206588168102428,0.3903682146763026,0.0
2017-03-10,0.0,24.0,25.32,0.0,2.5,0.0,0.0,0.0,-0.25,0.9272375462179537,0.374473674486883,0.0
2017-03-11,0.0,22.3,24.95,0.0,2.18,0.0,0.0,0.0,-0.31999999999999984,0.9335418911179212,0.35846832151248087,0.0
2017-03-12,0.0,22.0,24.72,0.0,1.5,0.0,0.0,0.0,-0.6800000000000002,0.9395699859530622,0.342356891994542,0.0
2017-03-13,0.0,24.0,24.63,0.0,0.66,0.0,0.0,0.0,-0.84,0.945320046913132,0.3261441535642696,0.0
2017-03-14,0.0,25.6,24.5,0.0,0.37,0.0,0.0,0.0,-0.29000000000000004,0.9507903724625832,0.3098349038318025,0.0
2017-03-15,0.0,26.7,24.47,0.0,0.41,0.0,0.0,0.0,0.03999999999999998,0.9559793438440766,0.2934339689665273,0.0
2017-03-16,0.0,26.8,24.42,0.0,0.41,0.0,0.0,0.0,0.0,0.9608854255574977,0.27694620226893646,0.0
2017-03-17,0.0,26.4,24.59,0.0,0.41,0.0,0.0,0.0,0.0,0.9655071658143364,0.2603764827344581,0.0
2017-03-18,0.0,26.7,24.87,0.0,0.37,0.0,0.0,0.0,-0.03999999999999998,0.969843196967294,0.24372971360968387,0.0
2017-03-19,0.0,27.0,24.99,0.0,0.37,0.0,0.0,0.0,0.0,0.9738922359149924,0.22701082094141847,0.0
2017-03-20,0.0,27.0,25.02,0.0,0.37,0.0,0.0,0.0,0.0,0.9776530844816641,0.2102247521189836,0.0
2017-03-21,0.0,27.6,25.01,0.0,0.37,0.0,0.0,0.0,0.0,0.981124629771712,0.19337647441020586,0.0
2017-03-22,0.0,28.6,25.0,0.0,0.37,0.0,0.0,0.0,0.0,0.984305844499033,0.17647097349152166,0.0
2017-03-23,0.0,28.5,24.94,0.0,0.37,0.0,0.0,0.0,0.0,0.9871957872910085,0.15951325197263655,0.0
2017-03-24,0.0,28.4,24.71,1.0,0.37,0.0,0.0,1.0000000000000284,0.0,0.9897936029670716,0.14250832791617088,0.0
2017-03-25,0.0,29.3,24.57,0.4,0.37,0.0,0.0,1.4000000000000283,0.0,0.992098522791769,0.12546123335273648,0.0
2017-03-26,0.0,29.6,24.63,0.0,0.37,0.0,0.0,1.4000000000000283,0.0,0.9941098647022418,0.10837701279187609,0.0
2017-03-27,0.0,30.1,24.71,0.0,0.37,0.0,0.0,1.4000000000000283,0.0,0.9958270335100595,0.09126072172931188,0.0
2017-03-28,0.0,28.7,25.08,0.8,0.34,0.0,0.0,2.2000000000000286,-0.02999999999999997,0.9972495210773451,0.07411742515094437,0.0
2017-03-29,0.2,28.0,25.02,0.0,0.34,0.2,0.2,2.2000000000000286,0.0,0.998376906467142,0.056952196034039754,0.0
2017-03-30,2.5,27.6,25.1,3.9,0.34,2.7,2.7,6.100000000000028,0.0,0.9992088560679753,0.03977011384605572,0.0
2017-03-31,2.7,28.9,25.1,3.0,0.37,5.4,5.4,8.100000000000028,0.02999999999999997,0.9997451236925734,0.022576263041545485,0.0
2017-04-01,0.3,28.3,25.15,0.1,0.41,5.5,5.7,7.800000000000028,0.03999999999999998,0.9999855506507186,0.005375731557583884,0.0
2017-04-02,0.0,28.7,25.23,0.0,0.41,3.0,5.7,7.800000000000028,0.0,0.9999300657962057,-0.011826390691832589,0.0
2017-04-03,0.0,28.4,24.89,0.0,0.41,0.3,5.7,7.800000000000028,0.0,0.9995786855478958,-0.029025013321975237,0.0
2017-04-04,0.0,28.4,24.78,0.0,0.41,0.0,5.7,7.000000000000028,0.0,0.9989315138848577,-0.046215046983708354,0.0
2017-04-05,0.0,27.6,24.5,0.0,0.37,0.0,5.5,7.000000000000028,-0.03999999999999998,0.9979887423155984,-0.06339140486951038,0.0
2017-04-06,0.0,28.3,24.4,0.0,0.37,0.0,3.0,3.1000000000000285,0.0,0.9967506498213929,-0.08054900421874167,0.0
2017-04-07,0.0,28.4,24.15,0.0,0.37,0.0,0.3,0.10000000000002843,0.0,0.9952176027737294,-0.09768276782171598,0.0
2017-04-08,0.0,29.3,24.06,0.0,0.37,0.0,0.0,0.0,0.0,0.9933900548258936,-0.11478762552212701,0.0
2017-04-09,0.0,30.1,24.04,0.0,0.37,0.0,0.0,0.0,0.0,0.9912685467787256,-0.13185851571739118,0.0
2017-04-10,0.1,29.6,24.14,0.0,0.37,0.1,0.1,0.0,0.0,0.9888537064205885,-0.1488903868564548,0.0
2017-04-11,0.0,30.2,24.4,0.0,0.37,0.1,0.1,0.0,0.0,0.986146248341595,-0.16587819893463143,0.0
2017-04-12,0.0,29.7,24.52,0.0,0.37,0.1,0.1,0.0,0.0,0.9831469737221499,-0.1828169249850199,0.0
2017-04-13,0.0,29.8,24.63,0.3,0.37,0.0,0.1,0.3000000000000284,0.0,0.9798567700958665,-0.1997015525660636,0.0
2017-04-14,0.0,28.6,24.54,0.0,0.37,0.0,0.1,0.3000000000000284,0.0,0.9762766110869321,-0.21652708524481437,0.0
2017-04-15,0.0,28.1,24.68,0.0,0.34,0.0,0.1,0.3000000000000284,-0.02999999999999997,0.9724075561219968,-0.23328854407545518,0.0
2017-04-16,0.0,27.9,25.09,1.4,0.34,0.0,0.1,1.7000000000000284,0.0,0.9682507501166718,-0.2499809690726521,0.0
2017-04-17,1.3,27.4,25.24,0.0,0.37,1.3,1.3,1.7000000000000284,0.02999999999999997,0.9638074231367307,-0.26659942067929354,0.0
2017-04-18,0.0,28.8,25.28,0.0,0.37,1.3,1.3,1.7000000000000284,0.0,0.9590788900341131,-0.28313898122818354,0.0
2017-04-19,0.0,28.8,25.11,0.0,0.34,1.3,1.3,1.7000000000000284,-0.02999999999999997,0.9540665500578387,-0.2995947563972602,0.0
2017-04-20,0.0,27.8,24.91,0.0,0.34,0.0,1.3,1.4000000000000283,0.0,0.9487718864399473,-0.31596187665790293,0.0
2017-04-21,0.9,27.2,24.99,0.0,0.34,0.9,2.2,1.4000000000000283,0.0,0.9431964659565866,-0.33223549871590435,0.0
2017-04-22,0.0,27.1,24.81,0.2,0.34,0.9,2.2,1.6000000000000283,0.0,0.9373419384643772,-0.3484108069446808,0.0
2017-04-23,0.0,27.3,24.91,0.0,0.34,0.9,2.2,0.20000000000002843,0.0,0.9312100364121947,-0.3644830148102912,0.0
2017-04-24,0.4,28.0,24.82,0.0,0.34,0.4,1.3,0.20000000000002843,0.0,0.9248025743285089,-0.38044736628785164,0.0
2017-04-25,0.0,28.5,24.66,0.0,0.34,0.4,1.3,0.20000000000002843,0.0,0.9181214482844364,-0.39629913726891813,0.0
2017-04-26,0.0,28.7,24.41,0.0,0.34,0.4,1.3,0.20000000000002843,0.0,0.9111686353326631,-0.41203363695942635,0.0
2017-04-27,0.0,29.0,24.4,0.2,0.34,0.0,1.3,0.40000000000002844,0.0,0.9039461929224011,-0.42764620926777464,0.0
2017-04-28,0.1,29.1,24.68,0.0,0.34,0.1,0.5,0.40000000000002844,0.0,0.8964562582905575,-0.44313223418263453,0.0
2017-04-29,0.4,28.4,24.98,0.2,0.34,0.5,0.9,0.40000000000002844,0.0,0.8887010478292915,-0.45848712914008766,0.0
2017-04-30,0.0,28.2,25.24,0.0,0.34,0.5,0.9,0.40000000000002844,0.0,0.8806828564301475,-0.47370635037968,0.0
2017-05-01,0.1,28.1,25.1,0.0,0.31,0.5,0.6,0.40000000000002844,-0.030000000000000027,0.8724040568049612,-0.48878539428899265,0.0
2017-05-02,0.0,28.2,24.8,1.9,0.31,0.1,0.6,2.3000000000000282,0.0,0.8638670987837349,-0.503719798736334,0.0
2017-05-03,0.0,28.2,24.64,1.7,0.34,0.1,0.6,4.000000000000028,0.030000000000000027,0.8550745085896932,-0.518505144391157,0.0
2017-05-04,0.1,28.8,24.61,3.8,0.44,0.1,0.7,7.600000000000028,0.09999999999999998,0.8460288880917339,-0.533137056031809,0.0
2017-05-05,3.0,29.2,25.14,5.2,2.37,3.1,3.6,12.80000000000003,1.9300000000000002,0.8367329140344921,-0.5476112038402312,0.0
2017-05-06,4.6,28.3,26.99,2.5,2.47,7.699999999999999,7.8,15.10000000000003,0.10000000000000009,0.8271893372462497,-0.5619233046832195,0.0
2017-05-07,0.4,28.7,28.5,3.5,1.5,8.0,8.2,18.60000000000003,-0.9700000000000002,0.8174009818249189,-0.5760691233798758,0.0
2017-05-08,0.6,28.2,27.86,3.0,0.97,5.6,8.7,21.60000000000003,-0.53,0.8073707443023492,-0.5900444739548627,0.0
2017-05-09,0.0,27.5,27.48,0.0,0.72,1.0,8.7,19.70000000000003,-0.25,0.7971015927871943,-0.6038452208771035,0.0
2017-05-10,0.0,27.9,26.86,1.6,0.56,0.6,8.7,19.600000000000026,-0.15999999999999992,0.7865965660866021,-0.6174672802835514,0.0
2017-05-11,0.1,28.0,26.35,0.2,0.85,0.1,8.700000000000001,16.00000000000003,0.2899999999999999,0.7758587728069828,-0.6309066211876704,0.0
2017-05-12,0.3,28.5,25.95,2.9,1.78,0.4,6.0,13.70000000000003,0.93,0.7648913904341225,-0.6441592666722685,0.0
2017-05-13,6.1,28.3,27.75,6.0,2.87,6.5,7.5,17.200000000000028,1.09,0.753697664392914,-0.6572212950663319,0.0
2017-05-14,1.7,27.9,29.85,11.2,3.66,8.1,8.799999999999999,24.900000000000027,0.79,0.742280907086982,-0.6700888411055113,0.0
2017-05-15,1.8,26.6,29.59,12.5,3.91,9.6,10.0,34.40000000000003,0.25,0.7306444969184916,-0.6827580970759147,0.0
2017-05-16,0.2,27.6,28.28,0.0,3.62,3.7,10.2,34.40000000000003,-0.29000000000000004,0.7187918772884232,-0.6952253139408722,0.0
2017-05-17,0.2,27.5,27.33,0.8,3.29,2.1999999999999997,10.4,33.60000000000002,-0.33000000000000007,0.7067265555776158,-0.7074868024503348,0.0
2017-05-18,0.6,28.3,26.65,0.3,3.06,1.0,10.9,33.70000000000003,-0.22999999999999998,0.6944521021088763,-0.719538934232584,0.0
2017-05-19,1.7,27.6,26.0,0.2,2.91,2.5,12.299999999999999,31.00000000000003,-0.1499999999999999,0.6819721490904629,-0.7313781428679254,0.0
2017-05-20,0.4,28.0,25.58,1.1,2.75,2.6999999999999997,6.6,26.100000000000026,-0.16000000000000014,0.6692903895412567,-0.7430009249440493,0.0
2017-05-21,2.3,27.3,25.44,1.7,2.66,4.3999999999999995,7.199999999999999,16.60000000000003,-0.08999999999999986,0.6564105761979381,-0.7544038410927472,0.0
2017-05-22,0.0,28.1,24.99,0.0,2.72,2.6999999999999997,5.4,4.100000000000028,0.06000000000000005,0.6433365204044917,-0.765583517007675,0.0
2017-05-23,1.3,29.1,24.77,0.4,2.81,3.5999999999999996,6.5,4.500000000000028,0.08999999999999986,0.6300720909843687,-0.7765366444428655,0.0
2017-05-24,0.3,29.1,25.05,0.2,3.03,1.6,6.6,3.9000000000000288,0.21999999999999975,0.6166212130956382,-0.7872599821916922,0.0
2017-05-25,1.1,28.6,25.74,0.3,3.22,2.7,7.1,3.9000000000000283,0.1900000000000004,0.6029878670694714,-0.7977503570459932,0.0
2017-05-26,1.3,28.1,25.65,0.8,3.32,2.7,6.7,4.500000000000028,0.09999999999999964,0.5891760872322963,-0.8080046647350754,0.0
2017-05-27,0.0,28.0,25.15,2.8,3.38,2.4000000000000004,6.300000000000001,6.200000000000028,0.06000000000000005,0.5751899607119775,-0.8180198708443174,0.0
2017-05-28,0.0,27.8,25.02,5.8,3.41,1.3,4.0,10.30000000000003,0.03000000000000025,0.5610336262283677,-0.8277930117131022,0.0
2017-05-29,0.3,27.3,24.9,7.9,3.5,0.3,4.3,18.20000000000003,0.08999999999999986,0.5467112728685939,-0.8373211953118121,0.0
2017-05-30,2.4,26.0,25.26,19.9,4.0,2.6999999999999997,5.4,37.70000000000003,0.5,0.5322271388474397,-0.8466016020976267,0.0
2017-05-31,2.3,26.2,25.84,12.0,4.6,5.0,7.4,49.50000000000003,0.5999999999999996,0.5175855102531889,-0.8556314858488706,0.0
2017-06-01,1.3,26.3,26.57,3.0,4.87,6.0,7.6000000000000005,52.20000000000003,0.27000000000000046,0.5027907197793043,-0.8644081744776648,0.0
2017-06-02,7.0,27.1,26.97,6.9,5.25,10.6,13.3,58.30000000000003,0.3799999999999999,0.4878471454423119,-0.8729290708206411,0.0
2017-06-03,3.7,26.4,27.92,1.9,6.53,12.0,17.0,57.40000000000003,1.2800000000000002,0.47275920928627757,-0.881191653407483,0.0
2017-06-04,1.2,26.4,28.02,4.7,6.69,11.9,18.2,56.300000000000026,0.16000000000000014,0.4575313760742512,-0.8891934772070711,0.0
2017-06-05,3.2,26.6,27.4,11.9,7.28,8.100000000000001,21.1,60.30000000000003,0.5899999999999999,0.44216815196707204,-0.8969321743510065,0.0
2017-06-06,2.8,25.7,27.23,6.9,7.34,7.2,21.5,47.30000000000003,0.05999999999999961,0.42667408318992467,-0.9044054548343001,0.0
2017-06-07,4.9,24.2,28.03,7.7,6.82,10.9,24.1,43.000000000000036,-0.5199999999999996,0.4110537546870351,-0.9116111071930239,0.0
2017-06-08,3.7,24.3,28.24,13.5,7.32,11.4,26.5,53.50000000000003,0.5,0.3953117887649151,-0.9185469991587165,0.0
2017-06-09,2.3,24.1,28.69,55.7,9.52,10.900000000000002,21.8,102.30000000000004,2.1999999999999993,0.37945284372454435,-0.925211078289358,0.0
2017-06-10,35.8,22.9,38.61,83.3,18.14,41.8,53.9,183.70000000000002,8.620000000000001,0.36348161248290634,-0.9316013725767187,0.0
2017-06-11,3.9,23.8,49.39,13.8,19.75,41.99999999999999,56.599999999999994,192.80000000000004,1.6099999999999994,0.3474028211842774,-0.9377159910299093,0.0
2017-06-12,13.6,23.2,49.42,50.7,21.18,53.3,67.0,231.60000000000002,1.4299999999999997,0.3312212278016865,-0.9435531242349544,0.0
2017-06-13,4.4,23.8,49.76,13.0,17.24,21.9,68.60000000000001,237.70000000000002,-3.9400000000000013,0.31494162072895193,-0.9491110448902284,0.0
2017-06-14,11.4,24.2,49.31,8.9,14.17,29.400000000000002,75.1,238.90000000000003,-3.0699999999999985,0.2985688173637202,-0.9543881083175908,0.0
2017-06-15,4.9,24.2,49.33,16.7,17.03,20.700000000000003,76.3,242.10000000000002,2.860000000000001,0.2821076626819194,-0.9593827529490743,0.0
2017-06-16,11.5,24.1,50.22,15.0,17.24,27.800000000000004,85.5,201.4,0.2099999999999973,0.26556302780405594,-0.9640935007889755,0.0
2017-06-17,4.3,24.2,48.96,9.1,18.72,20.7,54.0,127.20000000000003,1.4800000000000004,0.24893980855376657,-0.9685189578512204,0.0
2017-06-18,5.1,24.4,48.35,11.9,18.45,20.9,55.2,125.30000000000004,-0.2699999999999996,0.23224292400907015,-0.9726578145718654,0.0
2017-06-19,1.5,24.1,47.21,7.2,16.34,10.899999999999999,43.1,81.80000000000003,-2.1099999999999994,0.21547731504673012,-0.976508846196619,0.0
2017-06-20,1.3,24.4,46.49,10.1,14.85,7.8999999999999995,40.0,78.90000000000003,-1.4900000000000002,0.19864794288017112,-0.9800709131432666,0.0
2017-06-21,2.0,24.4,46.29,10.5,13.66,4.8,30.6,80.50000000000003,-1.1899999999999995,0.18175978759137534,-0.9833429613388902,0.0
2017-06-22,1.0,24.7,45.68,14.6,12.55,4.3,26.700000000000003,78.40000000000003,-1.1099999999999994,0.16481784665719793,-0.9863240225317866,0.0
2017-06-23,2.0,24.6,45.09,22.1,13.26,5.0,17.2,85.50000000000003,0.7099999999999991,0.14782713347053048,-0.9890132145779883,0.0
2017-06-24,2.1,24.0,44.44,32.2,15.41,5.1,14.999999999999998,108.60000000000004,2.1500000000000004,0.13079267585675922,-0.9914097417023038,0.0
2017-06-25,8.3,23.6,45.36,52.6,19.61,12.4,18.2,149.30000000000004,4.199999999999999,0.11371951458594969,-0.9935128947338007,0.0
2017-06-26,7.1,23.6,46.41,55.9,32.96,17.5,23.799999999999997,198.00000000000006,13.350000000000001,0.0966127018812031,-0.9953220513156602,0.0
2017-06-27,13.6,23.0,47.5,68.2,64.31,29.0,36.099999999999994,256.1,31.35,0.07947729992362097,-0.9968366760893436,0.0
2017-06-28,10.6,23.1,48.31,62.6,108.14,31.299999999999997,44.699999999999996,308.20000000000005,43.83,0.062318379354325076,-0.998056320853012,0.0
2017-06-29,13.3,23.5,49.08,68.5,178.06,37.5,57.0,362.1,69.92,0.04514101777397193,-0.9989806246941579,0.0
2017-06-30,7.7,23.4,48.9,61.5,255.45,31.6,62.699999999999996,401.5,77.38999999999999,0.02795029824021032,-0.999609314096404,0.0
2017-07-01,6.4,23.5,48.65,51.7,303.79,27.4,67.0,421.00000000000006,48.34000000000003,0.01075130776352193,-0.9999422030204416,0.0
2017-07-02,5.0,23.4,48.58,57.0,308.03,19.1,63.7,425.40000000000003,4.239999999999952,-0.00645086419810515,-0.9999791929590823,0.0
2017-07-03,5.4,23.3,48.23,57.2,268.77,16.8,62.0,426.70000000000005,-39.25999999999999,-0.023651127245231586,-0.9997202729664083,0.0
2017-07-04,2.0,23.4,47.03,50.0,225.46,12.399999999999999,50.400000000000006,408.5,-43.309999999999974,-0.04084439154329611,-0.9991655196610109,0.0
2017-07-05,4.3,23.1,46.69,38.4,196.7,11.7,44.1,384.3,-28.76000000000002,-0.05802556932878035,-0.9983150972033183,0.0
2017-07-06,1.5,23.6,46.76,29.5,171.19,7.8,32.3,345.3,-25.50999999999999,-0.07518957641475855,-0.9971692572470178,0.0
2017-07-07,2.8,23.9,46.75,14.5,145.89,8.6,27.4,298.3,-25.30000000000001,-0.09233133369539122,-0.9957283388645872,0.0
2017-07-08,1.2,24.0,45.53,13.4,122.31,5.5,22.2,260.00000000000006,-23.579999999999984,-0.10944576864891556,-0.993992768446958,0.0
2017-07-09,1.0,23.8,44.34,8.4,93.19,5.0,18.2,211.40000000000003,-29.120000000000005,-0.12652781683868314,-0.9919630595773397,0.0
2017-07-10,3.5,23.5,44.5,9.8,71.61,5.7,16.299999999999997,164.00000000000003,-21.58,-0.1435724234118113,-0.9896398128792412,0.0
2017-07-11,1.8,23.0,45.63,18.7,71.78,6.3,16.099999999999998,132.70000000000002,0.1700000000000017,-0.16057454459499376,-0.9870237158387383,0.0
2017-07-12,2.7,23.1,44.47,27.5,71.78,8.0,14.5,121.80000000000003,0.0,-0.17752914918703497,-0.984115542601034,0.0
2017-07-13,4.7,22.8,45.04,44.1,74.16,9.2,17.7,136.40000000000003,2.3799999999999955,-0.19443122004766195,-0.9809161537413774,0.0
2017-07-14,4.4,22.9,46.85,48.3,115.68,11.8,19.3,170.20000000000005,41.52000000000001,-0.2112757555821793,-0.9774264960104055,0.0
2017-07-15,3.4,23.2,46.96,52.0,180.13,12.500000000000002,21.5,208.8,64.44999999999999,-0.2280577712215198,-0.9736476020539838,0.0
2017-07-16,2.6,22.7,46.91,49.4,255.45,10.4,23.1,249.8,75.32,-0.24477230089725957,-0.9695805901076308,0.0
2017-07-17,21.6,22.4,48.61,69.9,333.19,27.6,41.2,309.9,77.74000000000001,-0.2614143985111562,-0.965226663665613,1.0
2017-07-18,51.5,22.4,51.24,139.7,596.04,75.7,90.9,430.9,262.84999999999997,-0.2779791393987801,-0.9605871111248129,1.0
2017-07-19,42.9,22.4,51.3,157.4,992.12,116.0,131.1,560.8,396.08000000000004,-0.2944616217868012,-0.9556633054034704,1.0
2017-07-20,25.1,23.0,51.1,116.8,1187.5,119.5,151.5,633.5,195.38,-0.3108569682435036,-0.9504567035349151,0.0
2017-07-21,9.0,23.3,50.49,109.3,1149.8,77.0,156.1,694.5,-37.700000000000045,-0.3271603271220951,-0.9449688462364056,0.0
2017-07-22,3.0,23.4,49.47,58.4,958.4,37.1,155.7,700.9,-191.39999999999998,-0.34336687399638804,-0.939201357453208,0.0
2017-07-23,3.4,23.0,48.82,51.4,726.78,15.4,156.5,702.9000000000001,-231.62,-0.3594718130884232,-0.9331559438780432,0.0
2017-07-24,4.4,23.1,48.62,45.7,574.44,10.8,139.3,678.6999999999999,-152.33999999999992,-0.3754703786876202,-0.9268343944460494,0.0
2017-07-25,1.4,23.6,48.11,48.2,494.45,9.200000000000001,89.2,587.2,-79.99000000000007,-0.3913578365610259,-0.9202385798054075,0.0
2017-07-26,0.9,23.1,47.07,17.4,392.55,6.7,47.2,447.20000000000005,-101.89999999999998,-0.4071294853542516,-0.9133704517637858,0.0
2017-07-27,0.2,22.8,46.19,30.1,292.76,2.5,22.3,360.50000000000006,-99.79000000000002,-0.4227806579826773,-0.9062320427107697,0.0
2017-07-28,3.2,22.4,46.51,35.8,232.35,4.300000000000001,16.5,287.0,-60.41,-0.4383067230125192,-0.898825465016444,0.0
2017-07-29,3.2,23.4,47.33,20.7,212.3,6.6000000000000005,16.700000000000003,249.3,-20.049999999999983,-0.45370308603134424,-0.8911529104063088,0.0
2017-07-30,1.7,23.5,46.61,16.9,169.22,8.1,15.0,214.80000000000004,-43.08000000000001,-0.46896519100763184,-0.8832166493127127,0.0
2017-07-31,1.0,23.6,45.97,14.9,133.28,5.9,11.6,184.00000000000003,-35.94,-0.48408852163897587,-0.8750190302029955,0.0
2017-08-01,1.5,23.9,45.39,10.7,102.51,4.2,11.7,146.5,-30.769999999999996,-0.4990686026885319,-0.8665624788845385,0.0
2017-08-02,2.2,23.5,44.78,22.1,84.11,4.7,13.0,151.20000000000005,-18.400000000000006,-0.5139010013093103,-0.8578494977869301,0.0
2017-08-03,2.5,23.3,44.66,43.1,87.92,6.2,15.3,164.20000000000002,3.8100000000000023,-0.5285813283559292,-0.8488826652214553,0.0
2017-08-04,5.0,23.6,45.68,40.1,137.68,9.7,17.1,168.50000000000006,49.760000000000005,-0.5431052396834317,-0.8396646346181327,0.0
2017-08-05,1.1,23.8,45.47,26.0,150.01,8.6,15.0,173.8,12.329999999999984,-0.5574684374327892,-0.8301981337405212,0.0
2017-08-06,1.2,23.9,44.62,17.4,128.72,7.3,14.500000000000002,174.3,-21.289999999999992,-0.5716666713027052,-0.8204859638785327,0.0
2017-08-07,0.8,23.7,43.74,8.8,100.16,3.1,14.3,168.20000000000005,-28.560000000000002,-0.5856957398073508,-0.8105309990194823,0.0
2017-08-08,0.9,23.8,43.11,11.0,73.47,2.9,13.700000000000001,168.50000000000003,-26.689999999999998,-0.5995514915196489,-0.8003361849976323,0.0
2017-08-09,0.8,23.5,43.65,11.0,58.7,2.5,12.3,157.40000000000003,-14.769999999999996,-0.6132298262997502,-0.7899045386224707,0.0
2017-08-10,1.7,23.2,45.38,12.1,60.94,3.4000000000000004,11.5,126.40000000000003,2.239999999999995,-0.6267266965083301,-0.7792391467859886,0.0
2017-08-11,1.3,23.6,45.16,13.3,69.63,3.8000000000000003,7.8,99.60000000000002,8.689999999999998,-0.6400381082043503,-0.7683431655492202,0.0
2017-08-12,2.0,23.2,44.51,17.1,67.39,5.0,8.7,90.70000000000003,-2.239999999999995,-0.65316012232693,-0.7572198192083127,0.0
2017-08-13,0.6,23.5,43.45,7.4,58.02,3.9000000000000004,8.1,80.70000000000005,-9.369999999999997,-0.666088855860977,-0.7458723993404063,0.0
2017-08-14,0.1,23.4,42.55,2.8,47.98,2.7000000000000006,7.3999999999999995,74.70000000000003,-10.040000000000006,-0.6788204829862355,-0.734304263829602,0.0
2017-08-15,2.2,23.6,42.49,5.9,37.99,2.900000000000001,8.7,69.60000000000002,-9.989999999999995,-0.6913512362094071,-0.722518835873311,0.0
2017-08-16,1.5,23.7,42.23,4.6,35.64,3.8000000000000007,9.4,63.20000000000003,-2.3500000000000014,-0.7036774074790128,-0.7105196029692745,0.0
2017-08-17,1.5,24.0,41.94,6.7,39.93,5.200000000000001,9.2,57.80000000000003,4.289999999999999,-0.7157953492826642,-0.6983101158835584,0.0
2017-08-18,0.8,23.6,41.51,10.2,36.93,3.8000000000000007,8.700000000000001,54.70000000000003,-3.0,-0.7277014757264236,-0.6858939875998223,0.0
2017-08-19,6.7,22.5,42.03,33.7,31.66,9.0,13.4,71.30000000000004,-5.27,-0.7393922635959241,-0.673274892250183,0.0
2017-08-20,23.6,21.8,45.53,46.8,41.27,31.1,36.400000000000006,110.70000000000003,9.610000000000003,-0.7508642533989489,-0.6604565640279754,0.0
2017-08-21,5.9,22.8,47.25,46.3,89.78,36.2,42.2,154.20000000000005,48.51,-0.7621140503891487,-0.6474427960827475,0.0
2017-08-22,2.4,23.4,46.61,28.8,124.89,31.900000000000002,42.4,177.10000000000002,35.11,-0.7731383255706026,-0.6342374393978054,0.0
2017-08-23,1.3,23.6,45.89,11.9,119.78,9.6,42.2,184.40000000000003,-5.109999999999999,-0.7839338166829201,-0.620844401650647,0.0
2017-08-24,4.2,23.6,46.17,14.8,100.86,7.9,44.900000000000006,192.50000000000003,-18.92,-0.7944973291665992,-0.6072676460566135,0.0
2017-08-25,1.9,23.4,47.13,24.2,89.16,7.4,46.0,206.50000000000003,-11.700000000000003,-0.8048257371083452,-0.593511190196115,0.0
2017-08-26,2.1,23.3,48.29,41.7,102.75,8.2,41.4,214.5,13.590000000000003,-0.8149159841660791,-0.5795791048257612,0.0
2017-08-27,2.3,23.2,48.29,34.7,132.66,6.3,20.1,202.40000000000003,29.909999999999997,-0.8247650844733614,-0.5654755126737576,0.0
2017-08-28,2.0,23.1,48.13,43.2,219.29,6.4,16.2,199.3,86.63,-0.8343701235229538,-0.5512045872199277,0.0
2017-08-29,10.7,22.7,49.89,84.2,326.34,15.0,24.5,254.70000000000005,107.04999999999998,-0.8437282590292712,-0.5367705514607103,0.0
2017-08-30,3.9,23.6,49.63,37.8,362.08,16.599999999999998,27.099999999999998,280.6,35.74000000000001,-0.8528367217694595,-0.522177676659508,0.0
2017-08-31,0.7,23.6,48.59,7.3,310.17,15.299999999999999,23.599999999999998,273.1,-51.90999999999997,-0.8616928164028522,-0.5074302810827518,0.0
2017-09-01,1.2,23.9,47.47,4.9,220.82,5.8,22.9,253.80000000000004,-89.35000000000002,-0.8702939222685674,-0.49253272872205434,0.0
2017-09-02,0.4,23.6,46.7,7.2,140.25,2.3,21.2,219.3,-80.57,-0.8786374941610001,-0.4774894280028391,0.0
2017-09-03,1.6,24.1,46.68,3.0,97.86,3.2,20.499999999999996,187.60000000000002,-42.39,-0.886721063082993,-0.46230483047981086,0.0
2017-09-04,3.5,24.5,46.35,5.1,68.02,5.5,21.999999999999996,149.50000000000006,-29.840000000000003,-0.8945422369764496,-0.4469834295196741,0.0
2017-09-05,0.7,24.5,45.33,4.8,46.75,5.800000000000001,11.999999999999998,70.10000000000002,-21.269999999999996,-0.9020987014301837,-0.43152975897147144,0.0
2017-09-06,0.9,24.7,44.25,0.7,30.7,5.1,8.999999999999998,33.00000000000003,-16.05,-0.9093882203647925,-0.4159483918249421,0.0
2017-09-07,22.3,24.4,46.05,30.1,25.92,23.9,30.6,55.800000000000026,-4.779999999999998,-0.9164086366943458,-0.4002439388573056,0.0
2017-09-08,4.8,24.5,50.07,14.5,53.58,28.000000000000004,34.199999999999996,65.40000000000003,27.659999999999997,-0.9231578729647039,-0.38442104726885545,0.0
2017-09-09,6.5,24.8,49.7,13.0,78.43,33.6,40.3,71.20000000000003,24.85000000000001,-0.9296339319682695,-0.3684843993077793,0.0
2017-09-10,2.9,24.8,48.93,4.8,78.8,14.2,41.6,73.00000000000003,0.36999999999999034,-0.9358348973349941,-0.35243871088460327,0.0
2017-09-11,7.5,25.1,49.07,8.3,87.1,16.9,45.599999999999994,76.20000000000003,8.299999999999997,-0.9417589340994617,-0.33628873017668287,0.0
2017-09-12,6.4,25.8,49.11,7.1,125.47,16.799999999999997,51.3,78.50000000000004,38.370000000000005,-0.9474042892438845,-0.32003923622313857,0.0
2017-09-13,11.4,25.4,49.49,10.1,174.79,25.3,61.8,87.90000000000003,49.31999999999999,-0.9527692922168511,-0.30369503751065885,0.0
2017-09-14,2.6,24.6,50.29,36.1,249.03,20.400000000000002,42.1,93.90000000000003,74.24000000000001,-0.9578523554276669,-0.28726097055059635,0.0
2017-09-15,4.2,23.8,49.94,5.6,268.15,18.200000000000003,41.5,85.00000000000003,19.119999999999976,-0.9626519747161487,-0.2707418984477642,0.0
2017-09-16,5.6,23.7,49.68,19.9,229.14,12.4,40.599999999999994,91.90000000000003,-39.00999999999999,-0.9671667297977312,-0.2541427094613622,0.0
2017-09-17,1.3,23.3,49.02,13.6,227.03,11.100000000000001,39.0,100.70000000000003,-2.109999999999985,-0.97139528468375,-0.23746831555846842,0.0
2017-09-18,3.2,23.3,48.91,38.3,243.34,10.1,34.699999999999996,130.70000000000005,16.310000000000002,-0.9753363880767837,-0.2207236509605022,0.0
2017-09-19,8.5,22.6,50.67,68.1,344.94,13.0,36.8,191.70000000000002,101.6,-0.9789888737409319,-0.20391367068311472,0.0
2017-09-20,0.0,22.4,49.26,8.5,452.94,11.7,25.4,190.10000000000002,108.0,-0.9823516608469237,-0.18704334906991657,0.0
2017-09-21,1.7,22.2,48.64,6.5,402.65,10.2,24.499999999999996,160.50000000000003,-50.29000000000002,-0.9854237542919524,-0.17011767832049052,0.0
2017-09-22,0.1,23.2,47.83,4.1,294.12,1.8,20.399999999999995,159.00000000000003,-108.52999999999997,-0.9882042449941422,-0.15314166701312007,0.0
2017-09-23,0.0,23.8,46.43,1.3,180.13,1.8,14.799999999999997,140.40000000000003,-113.99000000000001,-0.9906923101615609,-0.13612033862266704,0.0
2017-09-24,7.2,23.6,47.02,6.4,121.18,7.300000000000001,20.699999999999996,133.20000000000002,-58.94999999999999,-0.9928872135356962,-0.11905873003404988,0.0
2017-09-25,10.2,23.6,49.19,12.2,128.42,17.4,27.699999999999996,107.10000000000002,7.239999999999981,-0.994788305609327,-0.10196189005174576,0.0
2017-09-26,13.2,24.2,49.23,4.5,126.35,30.6,32.39999999999999,43.50000000000003,-2.069999999999993,-0.9963950238187231,-0.08483487790576538,0.0
2017-09-27,17.7,24.1,49.01,27.1,159.32,41.099999999999994,50.099999999999994,62.10000000000003,32.97,-0.9977068927101168,-0.06768276175455162,0.0
2017-09-28,18.5,24.1,48.95,8.9,194.88,49.4,66.89999999999999,64.50000000000003,35.56,-0.9987235240803972,-0.050510617185222886,0.0
2017-09-29,12.2,24.1,50.17,12.1,224.42,48.400000000000006,79.0,72.50000000000003,29.539999999999992,-0.9994446170919858,-0.033323525711631344,0.0
2017-09-30,9.2,24.4,50.21,10.6,270.64,39.9,88.19999999999999,81.80000000000003,46.22,-0.9998699583618592,-0.016126573270657762,0.0
2017-10-01,0.3,24.9,49.2,18.9,278.9,21.7,81.3,94.30000000000003,8.259999999999991,-0.9999994220246925,0.001075151282798226,0.0
2017-10-02,0.7,25.2,48.19,3.5,257.82,10.2,71.79999999999998,85.60000000000002,-21.079999999999984,-0.999832969770105,0.018276557681691223,0.0
2017-10-03,18.3,23.6,49.57,15.3,307.32,19.3,76.89999999999999,96.40000000000002,49.5,-0.9993706508539969,0.03547255575312556,0.0
2017-10-04,0.0,24.8,49.12,13.6,353.0,19.0,59.19999999999999,82.90000000000003,45.68000000000001,-0.9986126020839734,0.052658056924614005,0.0
2017-10-05,0.0,25.4,47.55,0.2,313.05,18.3,40.69999999999999,74.20000000000002,-39.94999999999999,-0.9975590477788613,0.06982797572987089,0.0
2017-10-06,5.3,24.5,47.5,4.7,233.96,5.3,33.8,66.80000000000003,-79.09,-0.9962102997023297,0.0869772313136861,0.0
2017-10-07,19.5,24.1,49.84,23.0,244.47,24.8,44.099999999999994,79.20000000000003,10.509999999999991,-0.9945667569706337,0.1041007489354256,0.0
2017-10-08,10.0,23.9,50.24,19.9,242.78,34.8,53.8,80.20000000000003,-1.6899999999999977,-0.9926289059345095,0.121193461470736,0.0
2017-10-09,3.0,24.0,49.55,3.8,234.5,32.5,56.099999999999994,80.50000000000003,-8.280000000000001,-0.9903973200352558,0.1382503109109819,0.0
2017-10-10,5.4,23.9,49.34,14.5,194.88,18.4,43.2,79.70000000000003,-39.620000000000005,-0.9878726596350429,0.15526624985999563,0.0
2017-10-11,11.4,24.1,50.07,8.6,176.83,19.8,54.6,74.70000000000002,-18.049999999999983,-0.9850556718215013,0.172236243027682,0.0
2017-10-12,2.1,24.5,49.25,7.2,155.68,18.900000000000002,56.699999999999996,81.70000000000003,-21.150000000000006,-0.981947190186646,0.18915526872004093,0.0
2017-10-13,6.5,24.3,48.98,26.4,123.17,20.0,57.9,103.40000000000003,-32.510000000000005,-0.9785481345802031,0.20601832032517084,0.0
2017-10-14,22.7,24.0,50.47,17.8,122.59,31.299999999999997,61.099999999999994,98.20000000000003,-0.5799999999999983,-0.9748595108374125,0.22282040779479959,0.0
2017-10-15,18.6,23.8,50.84,12.8,152.11,47.8,69.69999999999999,91.10000000000002,29.52000000000001,-0.9708824104813836,0.23955655912092708,0.0
2017-10-16,3.5,24.0,50.45,18.1,188.23,44.8,70.19999999999999,105.40000000000003,36.119999999999976,-0.9666180104000972,0.2562218218071163,0.0
2017-10-17,0.1,24.9,48.0,0.2,193.98,22.200000000000006,64.89999999999999,91.10000000000004,5.75,-0.9620675724981452,0.27281126433401914,0.0
2017-10-18,0.0,24.6,46.08,4.8,135.14,3.6000000000000036,53.5,87.30000000000004,-58.84,-0.957232443323312,0.28931997761869527,0.0
2017-10-19,0.0,23.7,44.54,0.5,85.9,0.10000000000000356,51.4,80.60000000000004,-49.23999999999998,-0.9521140536681102,0.3057430764672831,0.0
2017-10-20,0.0,23.2,43.3,0.3,52.95,0.0,44.9,54.50000000000003,-32.95,-0.9467139181463862,0.3220757010206104,0.0
2017-10-21,0.0,23.7,42.35,1.1,33.28,0.0,22.199999999999996,37.80000000000003,-19.67,-0.9410336347451197,0.3383130181923076,0.0
2017-10-22,1.8,23.6,41.84,0.8,23.83,1.8000000000000036,5.399999999999993,25.80000000000003,-9.450000000000003,-0.9350748843515574,0.3544502230989869,0.0
2017-10-23,1.0,24.2,41.84,2.3,19.75,2.8000000000000034,2.8999999999999932,10.000000000000028,-4.079999999999998,-0.9288394302558068,0.3704825404820963,0.0
2017-10-24,0.0,25.0,41.11,0.0,16.95,2.8000000000000034,2.7999999999999927,9.80000000000003,-2.8000000000000007,-0.9223291176290545,0.3864052261209853,0.0
2017-10-25,0.0,24.4,39.65,0.0,14.03,1.0000000000000036,2.7999999999999927,5.000000000000028,-2.92,-0.9155458729775467,0.40221356823680365,0.0
2017-10-26,1.0,24.7,38.62,2.3,11.76,1.0000000000000036,3.7999999999999927,6.800000000000028,-2.2699999999999996,-0.9084917035725082,0.41790288888678667,0.0
2017-10-27,0.0,24.6,38.08,0.1,10.75,1.0000000000000036,3.7999999999999927,6.600000000000028,-1.0099999999999998,-0.9011686968561569,0.4334685453485363,0.0
2017-10-28,0.0,24.3,37.27,0.3,10.38,1.0000000000000036,3.7999999999999927,5.800000000000028,-0.3699999999999992,-0.8935790198239952,0.4489059314938798,0.0
2017-10-29,1.5,23.5,36.93,0.0,10.17,1.5000000000000036,3.499999999999993,5.000000000000028,-0.21000000000000085,-0.8857249183835637,0.4642104791518923,0.0
2017-10-30,0.0,23.7,35.79,0.0,9.99,1.5000000000000036,2.499999999999993,2.700000000000028,-0.17999999999999972,-0.8776087166898392,0.4793776594606945,0.0
2017-10-31,0.0,23.0,34.59,0.0,9.86,1.5000000000000036,2.499999999999993,2.700000000000028,-0.13000000000000078,-0.8692328164574792,0.49440298420761813,0.0
2017-11-01,0.0,23.4,33.59,0.0,9.74,0.0,2.499999999999993,2.700000000000028,-0.11999999999999922,-0.8605996962501181,0.5092820071573356,0.0
2017-11-02,0.0,23.4,33.25,0.0,9.62,0.0,1.499999999999993,0.40000000000002844,-0.120000000000001,-0.8517119107469189,0.5240103253675756,0.0
2017-11-03,0.0,22.9,32.6,0.0,9.52,0.0,1.499999999999993,0.30000000000002847,-0.09999999999999964,-0.8425720899866032,0.5385835804920232,0.0
2017-11-04,0.0,23.1,32.06,0.0,9.42,0.0,1.499999999999993,0.0,-0.09999999999999964,-0.8331829385891785,0.5529974600700271,0.0
2017-11-05,0.0,24.3,31.73,0.0,10.07,0.0,0.0,0.0,0.6500000000000004,-0.8235472349556007,0.5672476988027229,0.0
2017-11-06,0.1,25.0,31.32,0.0,11.05,0.10000000000000356,0.0999999999999929,0.0,0.9800000000000004,-0.8136678304455991,0.5813300798152042,0.0
2017-11-07,0.0,24.8,30.65,0.0,11.25,0.10000000000000356,0.0999999999999929,0.0,0.1999999999999993,-0.8035476485339116,0.5952404359043674,0.0
2017-11-08,0.0,24.4,30.05,0.0,11.27,0.10000000000000356,0.0999999999999929,0.0,0.019999999999999574,-0.7931896839451843,0.6089746507720486,0.0
2017-11-09,0.0,24.6,29.55,0.0,11.25,0.0,0.0999999999999929,0.0,-0.019999999999999574,-0.7825970017677834,0.6225286602431057,0.0
2017-11-10,0.0,23.7,29.15,0.0,11.25,0.0,0.0999999999999929,0.0,0.0,-0.7717727365467836,0.6358984534680745,0.0
2017-11-11,0.0,23.4,28.98,0.0,11.22,0.0,0.0999999999999929,0.0,-0.02999999999999936,-0.7607200913564104,0.6490800741100398,0.0
2017-11-12,0.0,22.4,29.19,0.0,11.19,0.0,0.0999999999999929,0.0,-0.030000000000001137,-0.7494423368521954,0.6620696215153815,0.0
2017-11-13,0.0,21.5,29.3,0.0,11.19,0.0,0.0,0.0,0.0,-0.7379428103031386,0.6748632518680403,0.0
2017-11-14,0.0,21.8,29.23,0.0,11.16,0.0,0.0,0.0,-0.02999999999999936,-0.7262249146041543,0.6874571793269664,0.0
2017-11-15,0.0,23.8,29.25,0.0,10.38,0.0,0.0,0.0,-0.7799999999999994,-0.7142921172691032,0.699847677146407,0.0
2017-11-16,0.0,24.2,29.44,0.0,9.33,0.0,0.0,0.0,-1.0500000000000007,-0.7021479494046978,0.7120310787787131,0.0
2017-11-17,0.0,23.6,29.62,0.0,9.0,0.0,0.0,0.0,-0.33000000000000007,-0.6897960046655887,0.7240037789593305,0.0
2017-11-18,0.0,24.0,29.66,0.0,8.91,0.0,0.0,0.0,-0.08999999999999986,-0.6772399381909491,0.7357622347736527,0.0
2017-11-19,3.4,23.6,30.29,1.7,8.89,3.4000000000000035,3.399999999999993,1.7000000000000284,-0.019999999999999574,-0.6644834655228552,0.7473029667054296,0.0
2017-11-20,0.4,24.2,30.47,4.7,9.09,3.8000000000000034,3.7999999999999927,6.400000000000029,0.1999999999999993,-0.6515303615068021,0.75862255966641,0.0
2017-11-21,0.3,24.4,30.7,1.9,9.57,4.100000000000003,4.0999999999999925,8.30000000000003,0.4800000000000004,-0.6383844591746642,0.7697176640069211,0.0
2017-11-22,1.4,24.7,31.13,6.2,9.96,2.100000000000003,5.499999999999993,14.500000000000028,0.39000000000000057,-0.6250496486104377,0.7805849965070866,0.0
2017-11-23,0.0,24.8,30.95,0.0,9.84,1.7000000000000035,5.499999999999993,14.500000000000028,-0.120000000000001,-0.6115298757991053,0.7912213413483807,0.0
2017-11-24,0.0,24.8,29.72,0.0,9.57,1.4000000000000035,5.499999999999993,14.500000000000028,-0.2699999999999996,-0.5978291414589552,0.801623551065242,0.0
2017-11-25,0.0,24.1,29.49,0.0,9.26,0.0,5.499999999999993,14.500000000000028,-0.3100000000000005,-0.5839514998576998,0.8117885474764613,0.0
2017-11-26,0.0,23.8,29.53,0.0,9.07,0.0,2.0999999999999925,12.80000000000003,-0.1899999999999995,-0.5699010576127624,0.8217133225960589,0.0
2017-11-27,0.0,22.9,29.28,0.0,8.93,0.0,1.6999999999999929,8.100000000000028,-0.14000000000000057,-0.5556819724760489,0.8313949395234058,0.0
2017-11-28,0.0,22.9,29.18,0.0,8.86,0.0,1.3999999999999928,6.200000000000028,-0.07000000000000028,-0.5412984521036173,0.8408305333122887,0.0
2017-11-29,0.0,22.6,28.79,0.0,8.77,0.0,0.0,0.0,-0.08999999999999986,-0.5267547528105542,0.8500173118187018,0.0
2017-11-30,0.0,22.8,29.09,0.0,8.73,0.0,0.0,0.0,-0.03999999999999915,-0.5120551783114646,0.8589525565270845,0.0
2017-12-01,0.0,24.0,29.37,0.0,8.66,0.0,0.0,0.0,-0.07000000000000028,-0.4972040784469378,0.8676336233547726,0.0
2017-12-02,0.1,24.2,29.6,1.2,8.59,0.10000000000000356,0.0999999999999929,1.2000000000000284,-0.07000000000000028,-0.4822058478963526,0.8760579434344281,0.0
2017-12-03,0.2,22.8,29.56,0.7,8.57,0.3000000000000036,0.29999999999999294,1.9000000000000283,-0.019999999999999574,-0.46706492487743034,0.8842230238742036,0.0
2017-12-04,0.4,23.8,29.48,2.1,8.53,0.7000000000000036,0.699999999999993,4.000000000000028,-0.040000000000000924,-0.451785789832884,0.8921264484954345,0.0
2017-12-05,0.2,23.6,29.95,0.5,8.55,0.8000000000000036,0.899999999999993,4.500000000000028,0.02000000000000135,-0.4363729641045924,0.8997658785476209,0.0
2017-12-06,0.3,22.7,31.42,1.2,8.57,0.9000000000000036,1.199999999999993,5.700000000000029,0.019999999999999574,-0.42083100859565564,0.9071390534005044,0.0
2017-12-07,0.0,22.4,31.31,0.0,8.57,0.5000000000000036,1.199999999999993,5.700000000000029,0.0,-0.4051645224207563,0.9142437912130223,0.0
2017-12-08,0.0,23.6,30.87,0.0,8.51,0.30000000000000354,1.199999999999993,5.700000000000029,-0.0600000000000005,-0.3893781415452015,0.9210779895789526,0.0
2017-12-09,0.0,23.3,30.36,0.0,8.46,0.0,1.099999999999993,4.500000000000028,-0.049999999999998934,-0.37347653741307074,0.9276396261490467,0.0
2017-12-10,0.0,22.9,29.95,0.0,8.4,0.0,0.8999999999999929,3.8000000000000282,-0.0600000000000005,-0.3574644155648614,0.9339267592294762,0.0
2017-12-11,0.0,22.7,29.62,0.0,8.35,0.0,0.4999999999999929,1.7000000000000284,-0.05000000000000071,-0.34134651424503615,0.9399375283564133,0.0
2017-12-12,0.0,22.2,29.26,0.0,8.33,0.0,0.2999999999999929,1.2000000000000284,-0.019999999999999574,-0.3251276029999093,0.9456701548465688,0.0
2017-12-13,0.0,21.9,29.06,0.0,8.29,0.0,0.0,0.0,-0.040000000000000924,-0.30881248126625377,0.9511229423235357,0.0
2017-12-14,0.0,22.1,28.81,0.0,8.29,0.0,0.0,0.0,0.0,-0.29240597695107734,0.9562942772197719,0.0
2017-12-15,0.0,23.4,29.03,0.0,8.25,0.0,0.0,0.0,-0.03999999999999915,-0.27591294500296043,0.9611826292540837,0.0
2017-12-16,0.0,23.5,28.97,0.0,8.2,0.0,0.0,0.0,-0.05000000000000071,-0.2593382659754056,0.9657865518844574,0.0
2017-12-17,0.0,22.8,29.02,0.0,8.16,0.0,0.0,0.0,-0.03999999999999915,-0.2426868445825954,0.9701046827361175,0.0
2017-12-18,0.0,22.3,29.3,0.0,8.16,0.0,0.0,0.0,0.0,-0.22596360824801906,0.974135744004672,0.0
2017-12-19,0.0,21.9,29.39,0.0,8.14,0.0,0.0,0.0,-0.019999999999999574,-0.20917350564635637,0.9778785428342386,0.0
2017-12-20,0.0,21.2,29.36,0.0,8.1,0.0,0.0,0.0,-0.040000000000000924,-0.19232150523909483,0.9813319716704275,0.0
2017-12-21,0.0,21.3,29.19,0.0,8.1,0.0,0.0,0.0,0.0,-0.17541259380427843,0.9844950085880858,0.0
2017-12-22,0.0,21.2,29.12,0.0,8.08,0.0,0.0,0.0,-0.019999999999999574,-0.15845177496083632,0.9873667175937016,0.0
2017-12-23,0.0,21.4,29.19,0.0,8.04,0.0,0.0,0.0,-0.040000000000000924,-0.14144406768794202,0.9899462489023779,0.0
2017-12-24,0.0,21.1,29.34,0.0,8.02,0.0,0.0,0.0,-0.019999999999999574,-0.12439450483979998,0.9922328391893008,0.0
2017-12-25,0.0,21.8,29.23,0.0,7.99,0.0,0.0,0.0,-0.02999999999999936,-0.10730813165636247,0.9942258118156161,0.0
2017-12-26,0.0,21.7,29.28,0.0,7.97,0.0,0.0,0.0,-0.020000000000000462,-0.09019000427034513,0.9959245770286599,0.0
2017-12-27,0.0,20.9,29.34,0.0,7.93,0.0,0.0,0.0,-0.040000000000000036,-0.07304518821104743,0.9973286321364752,0.0
2017-12-28,0.0,20.6,29.28,0.0,7.91,0.0,0.0,0.0,-0.019999999999999574,-0.05587875690537313,0.9984375616565666,0.0
2017-12-29,0.0,20.5,29.22,0.0,7.91,0.0,0.0,0.0,0.0,-0.03869579017652689,0.9992510374388481,0.0
2017-12-30,0.0,20.4,29.3,0.0,7.87,0.0,0.0,0.0,-0.040000000000000036,-0.021501372740813793,0.999768818762748,0.0
2017-12-31,0.0,20.4,29.32,0.0,7.85,0.0,0.0,0.0,-0.020000000000000462,-0.004300592702981974,0.9999907524084426,0.0
2018-01-01,0.0,20.5,29.17,0.0,7.81,0.0,0.0,0.0,-0.040000000000000036,0.017201575418260506,0.9998520419557735,0.0
2018-01-02,0.0,20.5,29.29,0.0,7.79,0.0,0.0,0.0,-0.019999999999999574,0.03439806061360801,0.9994082116062598,0.0
2018-01-03,0.0,20.8,29.28,0.0,7.75,0.0,0.0,0.0,-0.040000000000000036,0.051584366869408364,0.9986686402879997,0.0
2018-01-04,0.0,21.5,29.17,0.0,7.69,0.0,0.0,0.0,-0.05999999999999961,0.06875540848113941,0.9976335468520451,0.0
2018-01-05,0.0,21.3,29.37,0.0,7.65,0.0,0.0,0.0,-0.040000000000000036,0.08590610426133272,0.9963032375991965,0.0
2018-01-06,0.0,20.8,29.33,0.0,7.59,0.0,0.0,0.0,-0.0600000000000005,0.10303137904317879,0.9946781061893646,0.0
2018-01-07,0.0,20.1,29.44,0.0,7.57,0.0,0.0,0.0,-0.019999999999999574,0.1201261651823505,0.9927586335250793,0.0
2018-01-08,0.0,20.2,29.11,0.0,7.55,0.0,0.0,0.0,-0.020000000000000462,0.13718540405660057,0.9905453876091833,0.0
2018-01-09,0.0,20.8,28.97,0.0,7.51,0.0,0.0,0.0,-0.040000000000000036,0.1542040475626894,0.988039023376751,0.0
2018-01-10,0.0,23.3,29.15,0.0,6.82,0.0,0.0,0.0,-0.6899999999999995,0.17117705961019986,0.985240282501282,0.0
2018-01-11,0.0,24.3,29.17,0.0,6.13,0.0,0.0,0.0,-0.6900000000000004,0.18809941761179758,0.9821499931752291,0.0
2018-01-12,0.0,24.5,29.05,0.0,5.84,0.0,0.0,0.0,-0.29000000000000004,0.20496611396949532,0.9787690698649216,0.0
2018-01-13,0.0,25.1,28.71,0.0,5.65,0.0,0.0,0.0,-0.1899999999999995,0.22177215755648186,0.975098513039961,0.0
2018-01-14,0.0,25.0,28.36,0.0,5.47,0.0,0.0,0.0,-0.1800000000000006,0.23851257519407648,0.9711394088771653,0.0
2018-01-15,0.0,24.2,28.42,0.0,5.27,0.0,0.0,0.0,-0.20000000000000018,0.2551824131233728,0.9668929289391521,0.0
2018-01-16,0.0,24.5,28.41,0.0,5.05,0.0,0.0,0.0,-0.21999999999999975,0.2717767384711357,0.9623603298276545,0.0
2018-01-17,0.0,24.6,28.93,0.0,4.79,0.0,0.0,0.0,-0.2599999999999998,0.2882906407095177,0.9575429528116719,0.0
2018-01-18,0.0,23.4,29.21,0.0,4.55,0.0,0.0,0.0,-0.2400000000000002,0.3047192331091634,0.9524422234305676,0.0
2018-01-19,0.0,22.8,29.14,0.0,4.25,0.0,0.0,0.0,-0.2999999999999998,0.321057654185271,0.9470596510722283,0.0
2018-01-20,0.0,22.0,28.98,0.0,4.33,0.0,0.0,0.0,0.08000000000000007,0.3373010691361842,0.9413968285264122,0.0
2018-01-21,0.0,21.8,28.67,0.0,4.57,0.0,0.0,0.0,0.2400000000000002,0.3534446712740877,0.9354554315134164,0.0
2018-01-22,0.0,21.4,28.44,0.0,4.6,0.0,0.0,0.0,0.02999999999999936,0.3694836834473831,0.9292372181882051,0.0
2018-01-23,0.0,21.5,28.26,0.0,4.53,0.0,0.0,0.0,-0.0699999999999994,0.38541335945432564,0.9227440286201427,0.0
2018-01-24,0.0,20.7,28.14,0.0,4.5,0.0,0.0,0.0,-0.03000000000000025,0.4012289854475009,0.9159777842484877,0.0
2018-01-25,0.0,21.2,27.99,0.0,4.46,0.0,0.0,0.0,-0.040000000000000036,0.4169258813287287,0.908940487313808,0.0
2018-01-26,0.0,21.7,27.83,0.0,4.4,0.0,0.0,0.0,-0.05999999999999961,0.4324994021339788,0.901634220265486,0.0
2018-01-27,0.0,21.6,27.9,0.0,4.31,0.0,0.0,0.0,-0.09000000000000075,0.44794493940789115,0.8940611451454876,0.0
2018-01-28,0.0,22.3,27.97,0.0,4.28,0.0,0.0,0.0,-0.02999999999999936,0.4632579225674917,0.88622350294858,0.0
2018-01-29,0.0,22.8,28.0,0.0,4.19,0.0,0.0,0.0,-0.08999999999999986,0.4784338202547012,0.8781236129591848,0.0
2018-01-30,0.0,22.6,28.04,0.0,4.6,0.0,0.0,0.0,0.40999999999999925,0.49346814167723735,0.8697638720650646,0.0
2018-01-31,0.0,22.0,27.89,0.0,5.0,0.0,0.0,0.0,0.40000000000000036,0.5083564379375122,0.8611467540480452,0.0
2018-02-01,0.0,22.5,27.75,0.0,5.07,0.0,0.0,0.0,0.07000000000000028,0.5230943033491326,0.8522748088519838,0.0
2018-02-02,0.0,23.2,27.62,0.0,5.25,0.0,0.0,0.0,0.17999999999999972,0.5376773767406141,0.8431506618282,0.0
2018-02-03,0.0,22.1,27.48,0.0,5.44,0.0,0.0,0.0,0.1900000000000004,0.5521013427459208,0.8337770129585915,0.0
2018-02-04,0.0,22.8,27.56,0.0,5.53,0.0,0.0,0.0,0.08999999999999986,0.5663619330814524,0.8241566360566663,0.0
2018-02-05,0.0,22.5,27.52,0.0,5.53,0.0,0.0,0.0,0.0,0.580454927809098,0.8142923779467267,0.0
2018-02-06,0.0,22.8,27.57,0.0,5.44,0.0,0.0,0.0,-0.08999999999999986,0.5943761565849831,0.804187157621448,0.0
2018-02-07,0.0,21.4,28.05,0.3,5.81,0.0,0.0,0.3000000000000284,0.3699999999999992,0.6081214998935418,0.7938439653781019,0.0
2018-02-08,0.0,22.4,28.43,0.0,5.87,0.0,0.0,0.3000000000000284,0.0600000000000005,0.6216868902665479,0.7832658619336791,0.0
2018-02-09,0.0,22.8,27.96,0.0,5.44,0.0,0.0,0.3000000000000284,-0.4299999999999997,0.6350683134867438,0.7724559775191742,0.0
2018-02-10,0.0,22.8,28.06,0.0,5.31,0.0,0.0,0.3000000000000284,-0.13000000000000078,0.6482618097757122,0.7614175109532997,0.0
2018-02-11,0.0,23.2,27.93,0.0,5.44,0.0,0.0,0.3000000000000284,0.13000000000000078,0.6612634749656386,0.7501537286959042,0.0
2018-02-12,0.0,22.7,27.23,0.0,5.47,0.0,0.0,0.3000000000000284,0.02999999999999936,0.6740694616546161,0.7386679638813748,0.0
2018-02-13,0.0,23.5,26.8,0.0,5.59,0.0,0.0,0.3000000000000284,0.1200000000000001,0.6866759803451553,0.726963615332308,0.0
2018-02-14,0.0,24.6,26.74,0.0,5.56,0.0,0.0,0.0,-0.03000000000000025,0.6990793005655562,0.7150441465537444,0.0
2018-02-15,0.0,25.0,26.81,0.0,5.47,0.0,0.0,0.0,-0.08999999999999986,0.7112757519738152,0.7029130847082615,0.0
2018-02-16,0.0,24.3,27.53,0.0,5.37,0.0,0.0,0.0,-0.09999999999999964,0.7232617254437388,0.6905740195722293,0.0
2018-02-17,0.0,24.3,27.46,0.0,5.25,0.0,0.0,0.0,-0.1200000000000001,0.7350336741329413,0.6780306024735382,0.0
2018-02-18,0.0,24.5,27.16,0.0,5.1,0.0,0.0,0.0,-0.15000000000000036,0.746588114532413,0.6652865452111116,0.0
2018-02-19,0.0,24.5,27.06,0.0,5.07,0.0,0.0,0.0,-0.02999999999999936,0.7579216274973472,0.6523456189565257,0.0
2018-02-20,0.0,24.9,27.18,0.0,5.07,0.0,0.0,0.0,0.0,0.7690308592589181,0.6392116531380588,0.0
2018-02-21,0.0,25.0,27.3,0.0,4.97,0.0,0.0,0.0,-0.10000000000000053,0.7799125224167177,0.6258885343075018,0.0
2018-02-22,0.0,25.1,27.24,0.0,5.1,0.0,0.0,0.0,0.1299999999999999,0.7905633969115482,0.612380204990065,0.0
2018-02-23,0.0,25.0,27.0,0.0,5.12,0.0,0.0,0.0,0.020000000000000462,0.8009803309782905,0.5986906625177214,0.0
2018-02-24,0.0,25.3,26.76,0.0,4.78,0.0,0.0,0.0,-0.33999999999999986,0.8111602420785621,0.5848239578463322,0.0
2018-02-25,0.0,25.2,26.82,0.0,4.53,0.0,0.0,0.0,-0.25,0.8211001178128892,0.5707841943569036,0.0
2018-02-26,0.0,24.7,26.73,0.0,4.41,0.0,0.0,0.0,-0.1200000000000001,0.8307970168121247,0.5565755266413303,0.0
2018-02-27,0.0,25.1,26.34,0.0,4.28,0.0,0.0,0.0,-0.1299999999999999,0.8402480696078469,0.5422021592729844,0.0
2018-02-28,0.0,25.9,26.17,0.0,4.28,0.0,0.0,0.0,0.0,0.8494504794814806,0.527668345562516,0.0
2018-03-01,0.0,25.5,26.09,0.0,4.35,0.0,0.0,0.0,0.0699999999999994,0.8584015232918917,0.512978386299228,0.0
2018-03-02,0.0,25.6,26.12,0.0,4.37,0.0,0.0,0.0,0.020000000000000462,0.8670985522812081,0.4981366284784055,0.0
2018-03-03,0.0,25.7,26.17,0.0,4.41,0.0,0.0,0.0,0.040000000000000036,0.8755389928586302,0.4831474640149687,0.0
2018-03-04,0.0,25.7,26.06,0.0,4.56,0.0,0.0,0.0,0.14999999999999947,0.8837203473619977,0.4680153284438345,0.0
2018-03-05,0.0,25.6,25.71,0.1,4.6,0.0,0.0,0.10000000000002843,0.040000000000000036,0.8916401947968874,0.45274469960737107,0.0
2018-03-06,0.0,26.7,25.87,0.1,4.31,0.0,0.0,0.20000000000002843,-0.29000000000000004,0.8992961915530253,0.4373400963303323,0.0
2018-03-07,0.0,26.5,25.88,0.0,4.09,0.0,0.0,0.20000000000002843,-0.21999999999999975,0.9066860720977985,0.4218060770826634,0.0
2018-03-08,0.0,26.1,25.69,0.1,4.06,0.0,0.0,0.30000000000002847,-0.03000000000000025,0.9138076496466615,0.4061472386305789,0.0
2018-03-09,0.0,26.4,25.76,0.0,4.09,0.0,0.0,0.30000000000002847,0.03000000000000025,0.9206588168102428,0.3903682146763026,0.0
2018-03-10,0.0,27.0,25.74,0.3,4.15,0.0,0.0,0.6000000000000284,0.0600000000000005,0.9272375462179537,0.374473674486883,0.0
2018-03-11,0.0,27.3,25.75,0.0,4.04,0.0,0.0,0.6000000000000284,-0.11000000000000032,0.9335418911179212,0.35846832151248087,0.0
2018-03-12,0.0,28.2,25.85,0.0,3.69,0.0,0.0,0.5000000000000284,-0.3500000000000001,0.9395699859530622,0.342356891994542,0.0
2018-03-13,0.0,27.5,25.93,0.0,3.56,0.0,0.0,0.4000000000000284,-0.1299999999999999,0.945320046913132,0.3261441535642696,0.0
2018-03-14,0.0,26.9,25.76,0.0,3.79,0.0,0.0,0.4000000000000284,0.22999999999999998,0.9507903724625832,0.3098349038318025,0.0
2018-03-15,0.1,25.5,25.52,0.3,4.56,0.10000000000000356,0.0999999999999929,0.6000000000000283,0.7699999999999996,0.9559793438440766,0.2934339689665273,0.0
2018-03-16,0.6,25.7,25.15,3.1,5.31,0.7000000000000035,0.6999999999999929,3.7000000000000286,0.75,0.9608854255574977,0.27694620226893646,0.0
2018-03-17,0.1,25.6,25.22,0.0,5.47,0.8000000000000035,0.7999999999999928,3.4000000000000283,0.16000000000000014,0.9655071658143364,0.2603764827344581,0.0
2018-03-18,0.7,26.1,24.8,1.8,5.37,1.4000000000000035,1.499999999999993,5.200000000000029,-0.09999999999999964,0.969843196967294,0.24372971360968387,0.0
2018-03-19,0.0,27.4,24.69,0.0,5.25,0.8000000000000035,1.499999999999993,5.200000000000029,-0.1200000000000001,0.9738922359149924,0.22701082094141847,0.0
2018-03-20,0.0,27.4,24.65,0.0,5.03,0.7000000000000035,1.499999999999993,5.200000000000029,-0.21999999999999975,0.9776530844816641,0.2102247521189836,0.0
2018-03-21,0.0,26.9,24.82,0.0,4.66,0.0,1.499999999999993,5.200000000000029,-0.3700000000000001,0.981124629771712,0.19337647441020586,0.0
2018-03-22,0.0,26.3,25.08,0.0,4.19,0.0,1.3999999999999928,4.900000000000029,-0.46999999999999975,0.984305844499033,0.17647097349152166,0.0
2018-03-23,0.0,25.4,25.05,0.0,3.69,0.0,0.7999999999999928,1.800000000000028,-0.5000000000000004,0.9871957872910085,0.15951325197263655,0.0
2018-03-24,0.0,26.8,24.89,0.0,3.0,0.0,0.6999999999999929,1.800000000000028,-0.69,0.9897936029670716,0.14250832791617088,0.0
2018-03-25,0.0,29.1,24.77,0.0,2.6,0.0,0.0,0.0,-0.3999999999999999,0.992098522791769,0.12546123335273648,0.0
2018-03-26,0.0,29.7,24.96,0.0,2.03,0.0,0.0,0.0,-0.5700000000000003,0.9941098647022418,0.10837701279187609,0.0
2018-03-27,0.0,28.3,25.01,0.0,1.5,0.0,0.0,0.0,-0.5299999999999998,0.9958270335100595,0.09126072172931188,0.0
2018-03-28,0.0,27.3,25.01,0.1,1.09,0.0,0.0,0.10000000000002798,-0.4099999999999999,0.9972495210773451,0.07411742515094437,0.0
2018-03-29,0.0,27.2,25.16,0.0,0.59,0.0,0.0,0.10000000000002798,-0.5000000000000001,0.998376906467142,0.056952196034039754,0.0
2018-03-30,0.0,27.1,25.01,0.0,0.44,0.0,0.0,0.10000000000002798,-0.14999999999999997,0.9992088560679753,0.03977011384605572,0.0
2018-03-31,0.0,26.8,24.68,0.1,0.47,0.0,0.0,0.200000000000028,0.02999999999999997,0.9997451236925734,0.022576263041545485,0.0
2018-04-01,0.0,27.6,24.78,0.0,0.47,0.0,0.0,0.200000000000028,0.0,0.9999855506507186,0.005375731557583884,0.0
2018-04-02,0.0,27.7,24.68,0.0,0.47,0.0,0.0,0.200000000000028,0.0,0.9999300657962057,-0.011826390691832589,0.0
2018-04-03,0.0,27.6,24.37,0.1,0.47,0.0,0.0,0.300000000000028,0.0,0.9995786855478958,-0.029025013321975237,0.0
2018-04-04,0.0,27.6,24.41,0.3,0.47,0.0,0.0,0.500000000000028,0.0,0.9989315138848577,-0.046215046983708354,0.0
2018-04-05,0.4,27.5,24.43,7.5,0.47,0.4000000000000036,0.3999999999999929,8.000000000000028,0.0,0.9979887423155984,-0.06339140486951038,0.0
2018-04-06,2.2,27.6,25.11,0.9,0.63,2.6000000000000036,2.599999999999993,8.900000000000029,0.16000000000000003,0.9967506498213929,-0.08054900421874167,0.0
2018-04-07,2.3,27.2,26.5,5.3,0.72,4.900000000000004,4.899999999999993,14.10000000000003,0.08999999999999997,0.9952176027737294,-0.09768276782171598,0.0
2018-04-08,0.8,27.1,26.1,1.7,0.56,5.300000000000003,5.699999999999993,15.80000000000003,-0.15999999999999992,0.9933900548258936,-0.11478762552212701,0.0
2018-04-09,0.0,27.4,25.66,0.0,0.53,3.100000000000003,5.699999999999993,15.80000000000003,-0.030000000000000027,0.9912685467787256,-0.13185851571739118,0.0
2018-04-10,0.0,28.0,25.39,0.2,0.56,0.8000000000000036,5.699999999999993,15.900000000000029,0.030000000000000027,0.9888537064205885,-0.1488903868564548,0.0
2018-04-11,0.1,27.5,24.85,0.0,0.53,0.10000000000000356,5.799999999999993,15.600000000000028,-0.030000000000000027,0.986146248341595,-0.16587819893463143,0.0
2018-04-12,0.0,28.2,24.25,0.0,0.47,0.10000000000000356,5.399999999999992,8.100000000000028,-0.06000000000000005,0.9831469737221499,-0.1828169249850199,0.0
2018-04-13,0.0,28.5,24.11,0.0,0.47,0.10000000000000356,3.1999999999999926,7.200000000000029,0.0,0.9798567700958665,-0.1997015525660636,0.0
2018-04-14,0.0,28.2,24.45,0.0,0.47,0.0,0.8999999999999929,1.9000000000000283,0.0,0.9762766110869321,-0.21652708524481437,0.0
2018-04-15,0.0,27.9,24.44,0.9,0.44,0.0,0.0999999999999929,1.1000000000000285,-0.02999999999999997,0.9724075561219968,-0.23328854407545518,0.0
2018-04-16,2.4,28.8,24.83,5.2,0.44,2.4000000000000035,2.499999999999993,6.300000000000029,0.0,0.9682507501166718,-0.2499809690726521,0.0
2018-04-17,2.9,28.8,25.48,7.8,0.56,5.300000000000003,5.399999999999993,13.900000000000027,0.12000000000000005,0.9638074231367307,-0.26659942067929354,0.0
2018-04-18,3.7,29.1,25.52,1.0,0.75,9.000000000000004,8.999999999999993,14.900000000000027,0.18999999999999995,0.9590788900341131,-0.28313898122818354,0.0
2018-04-19,0.0,29.1,25.21,0.4,0.66,6.600000000000003,8.999999999999993,15.300000000000027,-0.08999999999999997,0.9540665500578387,-0.2995947563972602,0.0
2018-04-20,0.9,28.1,25.14,0.4,0.56,4.600000000000004,9.899999999999993,15.700000000000028,-0.09999999999999998,0.9487718864399473,-0.31596187665790293,0.0
2018-04-21,0.0,29.2,25.12,0.0,0.53,0.9000000000000036,9.899999999999993,15.700000000000028,-0.030000000000000027,0.9431964659565866,-0.33223549871590435,0.0
2018-04-22,0.0,30.0,24.48,0.0,0.5,0.9000000000000036,9.899999999999993,14.800000000000027,-0.030000000000000027,0.9373419384643772,-0.3484108069446808,0.0
2018-04-23,0.0,29.0,24.28,0.0,0.47,0.0,7.499999999999993,9.600000000000028,-0.030000000000000027,0.9312100364121947,-0.3644830148102912,0.0
2018-04-24,0.0,28.8,24.13,0.0,0.47,0.0,4.5999999999999925,1.8000000000000285,0.0,0.9248025743285089,-0.38044736628785164,0.0
2018-04-25,0.0,28.6,24.02,0.0,0.44,0.0,0.8999999999999929,0.8000000000000285,-0.02999999999999997,0.9181214482844364,-0.39629913726891813,0.0
2018-04-26,0.0,28.5,24.03,0.0,0.44,0.0,0.8999999999999929,0.40000000000002844,0.0,0.9111686353326631,-0.41203363695942635,0.0
2018-04-27,0.0,29.1,23.81,0.0,0.44,0.0,0.0,0.0,0.0,0.9039461929224011,-0.42764620926777464,0.0
2018-04-28,0.0,28.9,23.76,1.9,0.44,0.0,0.0,1.9000000000000283,0.0,0.8964562582905575,-0.44313223418263453,0.0
2018-04-29,0.0,28.6,23.89,0.0,0.41,0.0,0.0,1.9000000000000283,-0.030000000000000027,0.8887010478292915,-0.45848712914008766,0.0
2018-04-30,0.0,28.4,23.96,0.0,0.41,0.0,0.0,1.9000000000000283,0.0,0.8806828564301475,-0.47370635037968,0.0
2018-05-01,0.0,28.4,23.92,0.0,0.41,0.0,0.0,1.9000000000000283,0.0,0.8724040568049612,-0.48878539428899265,0.0
2018-05-02,0.0,27.9,23.85,0.0,0.41,0.0,0.0,1.9000000000000283,0.0,0.8638670987837349,-0.503719798736334,0.0
2018-05-03,0.0,28.3,23.82,0.0,0.41,0.0,0.0,1.9000000000000283,0.0,0.8550745085896932,-0.518505144391157,0.0
2018-05-04,0.0,29.6,23.71,0.0,0.37,0.0,0.0,1.9000000000000283,-0.03999999999999998,0.8460288880917339,-0.533137056031809,0.0
2018-05-05,0.0,29.3,23.58,0.0,0.37,0.0,0.0,0.0,0.0,0.8367329140344921,-0.5476112038402312,0.0
2018-05-06,0.5,29.2,23.68,0.5,0.37,0.5000000000000036,0.4999999999999929,0.5000000000000284,0.0,0.8271893372462497,-0.5619233046832195,0.0
2018-05-07,0.2,28.8,23.9,1.1,0.37,0.7000000000000035,0.6999999999999929,1.6000000000000285,0.0,0.8174009818249189,-0.5760691233798758,0.0
2018-05-08,0.0,29.1,23.78,0.0,0.37,0.7000000000000035,0.6999999999999929,1.6000000000000285,0.0,0.8073707443023492,-0.5900444739548627,0.0
2018-05-09,0.0,30.1,23.51,0.0,0.37,0.20000000000000356,0.6999999999999929,1.6000000000000285,0.0,0.7971015927871943,-0.6038452208771035,0.0
2018-05-10,5.8,28.6,24.13,4.4,0.44,5.800000000000003,6.499999999999993,6.000000000000028,0.07,0.7865965660866021,-0.6174672802835514,0.0
2018-05-11,1.7,28.8,24.82,5.4,1.59,7.5000000000000036,8.199999999999992,11.400000000000029,1.1500000000000001,0.7758587728069828,-0.6309066211876704,0.0
2018-05-12,4.4,27.6,25.56,4.6,2.85,11.900000000000004,12.599999999999994,16.00000000000003,1.26,0.7648913904341225,-0.6441592666722685,0.0
2018-05-13,1.9,28.1,26.22,3.2,3.38,8.000000000000004,13.999999999999993,18.700000000000028,0.5299999999999998,0.753697664392914,-0.6572212950663319,0.0
2018-05-14,1.5,27.8,26.37,2.6,3.84,7.800000000000004,15.299999999999994,20.200000000000028,0.45999999999999996,0.742280907086982,-0.6700888411055113,0.0
2018-05-15,0.7,28.0,27.12,1.8,4.13,4.100000000000003,15.999999999999995,22.00000000000003,0.29000000000000004,0.7306444969184916,-0.6827580970759147,0.0
2018-05-16,0.1,27.9,26.57,1.0,4.35,2.3000000000000034,16.099999999999994,23.00000000000003,0.21999999999999975,0.7187918772884232,-0.6952253139408722,0.0
2018-05-17,2.3,27.8,26.73,0.9,5.41,3.100000000000003,12.599999999999993,19.50000000000003,1.0600000000000005,0.7067265555776158,-0.7074868024503348,0.0
2018-05-18,3.1,27.6,28.46,0.3,6.43,5.5000000000000036,13.999999999999993,14.400000000000029,1.0199999999999996,0.6944521021088763,-0.719538934232584,0.0
2018-05-19,0.8,27.9,29.81,2.3,6.38,6.200000000000004,10.399999999999991,12.100000000000028,-0.04999999999999982,0.6819721490904629,-0.7313781428679254,0.0
2018-05-20,1.2,26.8,29.72,0.5,5.68,5.100000000000003,9.699999999999992,9.400000000000027,-0.7000000000000002,0.6692903895412567,-0.7430009249440493,0.0
2018-05-21,1.2,27.1,29.06,0.9,5.22,3.2000000000000037,9.399999999999993,7.700000000000028,-0.45999999999999996,0.6564105761979381,-0.7544038410927472,0.0
2018-05-22,0.9,27.3,28.73,0.1,5.0,3.300000000000004,9.599999999999993,6.000000000000028,-0.21999999999999975,0.6433365204044917,-0.765583517007675,0.0
2018-05-23,1.2,27.4,28.05,0.0,4.85,3.3000000000000034,10.699999999999992,5.000000000000028,-0.15000000000000036,0.6300720909843687,-0.7765366444428655,0.0
2018-05-24,2.5,26.9,28.09,1.6,4.75,4.600000000000003,10.899999999999993,5.700000000000029,-0.09999999999999964,0.6166212130956382,-0.7872599821916922,0.0
2018-05-25,3.6,27.7,29.44,2.8,4.69,7.300000000000003,11.399999999999993,8.200000000000028,-0.05999999999999961,0.6029878670694714,-0.7977503570459932,0.0
2018-05-26,0.4,28.2,30.65,0.2,4.53,6.5000000000000036,10.999999999999993,6.100000000000029,-0.16000000000000014,0.5891760872322963,-0.8080046647350754,0.0
2018-05-27,7.9,28.0,30.65,4.0,4.53,11.900000000000004,17.699999999999992,9.600000000000028,0.0,0.5751899607119775,-0.8180198708443174,0.0
2018-05-28,6.9,27.5,32.84,4.8,5.93,15.200000000000005,23.399999999999995,13.500000000000028,1.3999999999999995,0.5610336262283677,-0.8277930117131022,0.0
2018-05-29,4.1,27.1,31.81,9.3,6.94,18.900000000000006,26.59999999999999,22.70000000000003,1.0100000000000007,0.5467112728685939,-0.8373211953118121,0.0
2018-05-30,0.4,27.3,30.51,2.3,6.59,11.400000000000004,25.799999999999994,25.00000000000003,-0.35000000000000053,0.5322271388474397,-0.8466016020976267,0.0
2018-05-31,0.7,27.6,29.37,4.3,6.03,5.200000000000003,23.999999999999993,27.700000000000028,-0.5599999999999996,0.5175855102531889,-0.8556314858488706,0.0
2018-06-01,9.6,27.2,30.01,10.9,13.22,10.700000000000003,29.999999999999993,35.80000000000003,7.19,0.5027907197793043,-0.8644081744776648,0.0
2018-06-02,6.8,26.7,34.41,13.8,14.78,17.1,36.39999999999999,49.40000000000003,1.5599999999999987,0.4878471454423119,-0.8729290708206411,0.0
2018-06-03,6.2,25.8,40.02,20.4,14.21,22.6,34.699999999999996,65.80000000000003,-0.5699999999999985,0.47275920928627757,-0.881191653407483,0.0
2018-06-04,9.8,24.9,42.61,3.5,15.07,22.800000000000004,37.599999999999994,64.50000000000003,0.8599999999999994,0.4575313760742512,-0.8891934772070711,0.0
2018-06-05,5.4,25.5,43.01,6.0,12.8,21.400000000000006,38.89999999999999,61.20000000000003,-2.2699999999999996,0.44216815196707204,-0.8969321743510065,0.0
2018-06-06,7.0,25.0,47.38,11.2,12.8,22.200000000000003,45.49999999999999,70.10000000000002,0.0,0.42667408318992467,-0.9044054548343001,0.0
2018-06-07,28.1,24.1,49.97,21.2,13.42,40.5,72.9,87.00000000000003,0.6199999999999992,0.4110537546870351,-0.9116111071930239,0.0
2018-06-08,24.1,23.9,50.62,31.0,75.91,59.2,87.4,107.10000000000002,62.489999999999995,0.3953117887649151,-0.9185469991587165,0.0
2018-06-09,107.7,22.5,51.42,128.2,138.96,159.9,188.3,221.5,63.05000000000001,0.37945284372454435,-0.925211078289358,0.0
2018-06-10,56.7,22.9,51.21,125.7,137.36,188.5,238.79999999999998,326.8,-1.5999999999999943,0.36348161248290634,-0.9316013725767187,0.0
2018-06-11,4.3,24.8,49.97,31.9,118.67,168.7,233.3,355.2,-18.690000000000012,0.3474028211842774,-0.9377159910299093,0.0
2018-06-12,2.2,24.9,48.85,19.4,99.23,63.2,230.1,368.6,-19.439999999999998,0.3312212278016865,-0.9435531242349544,0.0
2018-06-13,0.8,25.1,47.64,11.8,80.1,7.3,223.9,369.2,-19.13000000000001,0.31494162072895193,-0.9491110448902284,0.0
2018-06-14,1.2,25.0,46.65,13.0,64.01,4.2,197.0,361.0,-16.08999999999999,0.2985688173637202,-0.9543881083175908,0.0
2018-06-15,1.3,24.6,45.9,24.0,50.88,3.3,174.2,354.0,-13.130000000000003,0.2821076626819194,-0.9593827529490743,0.0
2018-06-16,2.4,24.1,48.28,25.2,40.3,4.9,68.89999999999999,251.00000000000003,-10.580000000000005,0.26556302780405594,-0.9640935007889755,0.0
2018-06-17,7.3,23.6,48.61,35.8,32.42,11.0,19.499999999999986,161.10000000000002,-7.8799999999999955,0.24893980855376657,-0.9685189578512204,0.0
2018-06-18,15.1,23.2,49.96,54.3,37.02,24.799999999999997,30.299999999999983,183.5,4.600000000000001,0.23224292400907015,-0.9726578145718654,0.0
2018-06-19,8.9,23.8,50.58,24.9,65.53,31.3,36.999999999999986,189.00000000000003,28.509999999999998,0.21547731504673012,-0.976508846196619,0.0
2018-06-20,10.6,24.2,50.5,33.2,88.95,34.6,46.79999999999999,210.40000000000003,23.42,0.19864794288017112,-0.9800709131432666,0.0
2018-06-21,28.3,22.6,51.29,48.0,183.93,47.8,73.89999999999998,245.40000000000003,94.98,0.18175978759137534,-0.9833429613388902,0.0
2018-06-22,8.8,23.4,50.63,18.5,303.09,47.7,81.39999999999999,239.90000000000003,119.15999999999997,0.16481784665719793,-0.9863240225317866,0.0
2018-06-23,2.5,23.7,49.55,20.4,282.14,39.599999999999994,81.49999999999999,235.10000000000002,-20.94999999999999,0.14782713347053048,-0.9890132145779883,0.0
2018-06-24,6.9,23.2,49.15,29.4,212.8,18.200000000000003,81.09999999999998,228.70000000000002,-69.33999999999997,0.13079267585675922,-0.9914097417023038,0.0
2018-06-25,11.0,23.1,49.98,46.9,173.18,20.4,76.99999999999999,221.30000000000004,-39.620000000000005,0.11371951458594969,-0.9935128947338007,0.0
2018-06-26,9.9,23.1,50.91,52.8,178.06,27.8,77.99999999999999,249.20000000000005,4.8799999999999955,0.0966127018812031,-0.9953220513156602,0.0
2018-06-27,4.7,23.5,50.33,24.2,166.88,25.599999999999998,72.1,240.20000000000002,-11.180000000000007,0.07947729992362097,-0.9968366760893436,0.0
2018-06-28,5.7,23.2,49.85,33.8,148.97,20.3,49.499999999999986,226.0,-17.909999999999997,0.062318379354325076,-0.998056320853012,0.0
2018-06-29,3.4,23.6,49.17,22.0,132.35,13.8,44.09999999999999,229.5,-16.620000000000005,0.04514101777397193,-0.9989806246941579,0.0
2018-06-30,1.2,23.7,48.16,10.0,110.69,10.3,42.79999999999998,219.10000000000002,-21.659999999999997,0.02795029824021032,-0.999609314096404,0.0
2018-07-01,3.9,24.0,47.14,8.6,86.9,8.5,39.79999999999998,198.30000000000004,-23.789999999999992,0.01075130776352193,-0.9999422030204416,0.0
2018-07-02,9.6,23.7,47.41,24.5,75.91,14.7,38.399999999999984,175.90000000000003,-10.990000000000009,-0.00645086419810515,-0.9999791929590823,0.0
2018-07-03,5.9,23.4,48.49,38.2,115.41,19.4,34.399999999999984,161.30000000000004,39.5,-0.023651127245231586,-0.9997202729664083,0.0
2018-07-04,9.5,23.3,48.91,49.9,176.01,25.0,39.19999999999999,187.00000000000006,60.599999999999994,-0.04084439154329611,-0.9991655196610109,0.0
2018-07-05,10.6,22.9,50.26,63.6,266.92,26.0,44.09999999999998,216.80000000000004,90.91000000000003,-0.05802556932878035,-0.9983150972033183,0.0
2018-07-06,3.9,23.0,50.37,37.8,354.63,24.0,44.59999999999999,232.60000000000002,87.70999999999998,-0.07518957641475855,-0.9971692572470178,0.0
2018-07-07,6.4,23.1,49.86,37.4,322.59,20.9,49.79999999999998,260.0,-32.04000000000002,-0.09233133369539122,-0.9957283388645872,0.0
2018-07-08,11.5,22.5,50.96,53.4,269.4,21.8,57.399999999999984,304.8,-53.19,-0.10944576864891556,-0.993992768446958,0.0
2018-07-09,13.5,22.4,50.99,51.0,292.09,31.400000000000002,61.29999999999998,331.3,22.689999999999998,-0.12652781683868314,-0.9919630595773397,0.0
2018-07-10,24.2,22.3,51.57,87.0,409.2,49.2,79.59999999999998,380.1,117.11000000000001,-0.1435724234118113,-0.9896398128792412,0.0
2018-07-11,43.9,22.4,51.2,92.6,547.28,81.6,113.99999999999999,422.8,138.07999999999998,-0.16057454459499376,-0.9870237158387383,0.0
2018-07-12,48.9,22.3,50.99,95.6,618.44,117.0,152.29999999999998,454.80000000000007,71.16000000000008,-0.17752914918703497,-0.984115542601034,0.0
2018-07-13,9.3,22.8,50.63,59.6,644.65,102.1,157.7,476.6,26.209999999999923,-0.19443122004766195,-0.9809161537413774,0.0
2018-07-14,7.8,23.1,50.3,61.9,690.83,66.0,159.09999999999997,501.1,46.180000000000064,-0.2112757555821793,-0.9774264960104055,0.0
2018-07-15,13.4,23.1,50.56,86.5,787.86,30.5,160.99999999999997,534.2,97.02999999999997,-0.2280577712215198,-0.9736476020539838,0.0
2018-07-16,16.9,22.8,51.14,108.5,934.41,38.099999999999994,164.39999999999998,591.7,146.54999999999995,-0.24477230089725957,-0.9695805901076308,0.0
2018-07-17,15.4,22.9,51.02,84.5,1008.25,45.699999999999996,155.6,589.2,73.84000000000003,-0.2614143985111562,-0.965226663665613,0.0
2018-07-18,5.4,23.2,50.2,54.1,911.01,37.7,117.09999999999998,550.7,-97.24000000000001,-0.2779791393987801,-0.9605871111248129,0.0
2018-07-19,5.0,23.2,49.4,58.6,743.73,25.8,73.19999999999999,513.7,-167.27999999999997,-0.2944616217868012,-0.9556633054034704,0.0
2018-07-20,6.2,23.0,49.08,49.9,628.51,16.6,70.09999999999998,504.0,-115.22000000000003,-0.3108569682435036,-0.9504567035349151,0.0
2018-07-21,7.9,23.0,49.45,49.0,560.05,19.1,70.19999999999999,491.1,-68.46000000000004,-0.3271603271220951,-0.9449688462364056,0.0
2018-07-22,4.8,22.8,49.94,52.7,516.61,18.9,61.59999999999999,457.3,-43.43999999999994,-0.34336687399638804,-0.939201357453208,0.0
2018-07-23,2.7,23.1,49.6,42.7,468.89,15.400000000000002,47.399999999999984,391.50000000000006,-47.72000000000003,-0.3594718130884232,-0.9331559438780432,0.0
2018-07-24,2.0,22.9,49.23,30.0,399.87,9.5,33.999999999999986,337.00000000000006,-69.01999999999998,-0.3754703786876202,-0.9268343944460494,0.0
2018-07-25,2.5,23.3,48.65,25.8,321.85,7.2,31.099999999999987,308.7,-78.01999999999998,-0.3913578365610259,-0.9202385798054075,0.0
2018-07-26,1.9,22.7,48.34,20.2,262.63,6.4,27.999999999999986,270.30000000000007,-59.22000000000003,-0.4071294853542516,-0.9133704517637858,0.0
2018-07-27,2.0,22.9,48.52,16.3,217.78,6.4,23.799999999999986,236.70000000000005,-44.849999999999994,-0.4227806579826773,-0.9062320427107697,0.0
2018-07-28,2.2,23.4,48.33,17.0,168.82,6.1,18.099999999999984,204.70000000000005,-48.96000000000001,-0.4383067230125192,-0.898825465016444,0.0
2018-07-29,0.6,23.7,47.43,14.1,137.68,4.8,13.899999999999986,166.10000000000002,-31.139999999999986,-0.45370308603134424,-0.8911529104063088,0.0
2018-07-30,1.1,23.4,46.78,14.4,108.4,3.9000000000000004,12.299999999999985,137.80000000000004,-29.28,-0.46896519100763184,-0.8832166493127127,0.0
2018-07-31,2.4,23.5,46.45,17.2,90.41,4.1,12.699999999999987,125.00000000000003,-17.99000000000001,-0.48408852163897587,-0.8750190302029955,0.0
2018-08-01,2.2,23.2,46.34,28.4,88.74,5.7,12.399999999999984,127.60000000000002,-1.6700000000000017,-0.4990686026885319,-0.8665624788845385,0.0
2018-08-02,1.0,23.6,45.86,24.6,96.5,5.6,11.499999999999986,132.00000000000003,7.760000000000005,-0.5139010013093103,-0.8578494977869301,0.0
2018-08-03,4.7,23.1,45.87,17.3,94.94,7.9,14.199999999999987,133.00000000000003,-1.5600000000000023,-0.5285813283559292,-0.8488826652214553,0.0
2018-08-04,7.2,22.7,46.18,38.8,91.26,12.9,19.199999999999985,154.8,-3.6799999999999926,-0.5431052396834317,-0.8396646346181327,0.0
2018-08-05,4.3,23.0,46.8,40.8,102.51,16.2,22.899999999999988,181.50000000000003,11.25,-0.5574684374327892,-0.8301981337405212,0.0
2018-08-06,5.5,22.9,47.22,23.7,121.46,17.0,27.299999999999986,190.8,18.94999999999999,-0.5716666713027052,-0.8204859638785327,0.0
2018-08-07,3.5,22.8,47.34,25.4,137.68,13.3,28.399999999999984,199.00000000000003,16.220000000000013,-0.5856957398073508,-0.8105309990194823,0.0
2018-08-08,4.2,23.0,47.34,41.6,154.96,13.2,30.399999999999984,212.20000000000005,17.28,-0.5995514915196489,-0.8003361849976323,0.0
2018-08-09,2.0,23.0,47.14,28.6,171.98,9.7,31.399999999999984,216.20000000000005,17.019999999999982,-0.6132298262997502,-0.7899045386224707,0.0
2018-08-10,3.6,22.9,47.02,29.8,157.49,9.8,30.299999999999986,228.70000000000002,-14.48999999999998,-0.6267266965083301,-0.7792391467859886,0.0
2018-08-11,6.3,22.9,47.4,39.0,186.93,11.899999999999999,29.399999999999984,228.90000000000003,29.439999999999998,-0.6400381082043503,-0.7683431655492202,0.0
2018-08-12,16.6,22.1,49.6,53.9,320.37,26.5,41.69999999999999,242.00000000000003,133.44,-0.65316012232693,-0.7572198192083127,0.0
2018-08-13,11.1,22.4,51.01,82.2,496.74,34.0,47.29999999999998,300.50000000000006,176.37,-0.666088855860977,-0.7458723993404063,0.0
2018-08-14,4.6,23.4,50.35,48.5,590.56,32.3,48.399999999999984,323.6,93.81999999999994,-0.6788204829862355,-0.734304263829602,0.0
2018-08-15,5.9,23.3,49.62,59.6,574.44,21.6,50.09999999999998,341.6000000000001,-16.11999999999989,-0.6913512362094071,-0.722518835873311,0.0
2018-08-16,31.6,21.9,51.04,95.5,607.13,42.1,79.69999999999999,408.5,32.68999999999994,-0.7036774074790128,-0.7105196029692745,0.0
2018-08-17,6.6,22.7,50.5,74.2,700.46,44.1,82.69999999999999,452.90000000000003,93.33000000000004,-0.7157953492826642,-0.6983101158835584,0.0
2018-08-18,7.4,22.6,50.18,62.7,708.58,45.6,83.79999999999998,476.6,8.120000000000005,-0.7277014757264236,-0.6858939875998223,0.0
2018-08-19,4.0,22.4,49.94,40.3,646.14,18.0,71.19999999999999,463.00000000000006,-62.440000000000055,-0.7393922635959241,-0.673274892250183,0.0
2018-08-20,3.7,22.4,49.77,45.5,574.44,15.100000000000001,63.79999999999998,426.30000000000007,-71.69999999999993,-0.7508642533989489,-0.6604565640279754,0.0
2018-08-21,7.3,22.0,50.1,48.7,529.88,15.0,66.49999999999999,426.50000000000006,-44.56000000000006,-0.7621140503891487,-0.6474427960827475,0.0
2018-08-22,5.6,22.7,49.98,51.3,510.68,16.6,66.19999999999997,418.20000000000005,-19.19999999999999,-0.7731383255706026,-0.6342374393978054,0.0
2018-08-23,2.9,22.8,49.44,41.1,451.9,15.8,37.49999999999998,363.8,-58.78000000000003,-0.7839338166829201,-0.620844401650647,0.0
2018-08-24,1.4,22.9,48.69,31.4,365.44,9.899999999999999,32.299999999999976,321.00000000000006,-86.45999999999998,-0.7944973291665992,-0.6072676460566135,0.0
2018-08-25,2.7,22.8,48.27,35.3,287.4,7.0,27.59999999999998,293.6,-78.04000000000002,-0.8048257371083452,-0.593511190196115,0.0
2018-08-26,4.6,22.7,48.5,37.7,261.42,8.7,28.199999999999978,291.00000000000006,-25.97999999999996,-0.8149159841660791,-0.5795791048257612,0.0
2018-08-27,7.7,22.0,49.93,50.1,291.42,15.0,32.19999999999998,295.6,30.0,-0.8247650844733614,-0.5654755126737576,0.0
2018-08-28,3.6,22.1,49.92,40.3,311.61,15.9,28.49999999999998,287.20000000000005,20.189999999999998,-0.8343701235229538,-0.5512045872199277,0.0
2018-08-29,2.3,22.3,49.67,25.4,301.69,13.600000000000001,25.199999999999978,261.3,-9.920000000000016,-0.8437282590292712,-0.5367705514607103,0.0
2018-08-30,2.4,23.1,48.92,35.0,251.35,8.3,24.699999999999978,255.20000000000002,-50.34,-0.8528367217694595,-0.522177676659508,0.0
2018-08-31,1.4,23.0,48.12,14.7,200.84,6.1,24.699999999999978,238.5,-50.50999999999999,-0.8616928164028522,-0.5074302810827518,0.0
2018-09-01,2.6,22.8,47.73,23.9,149.66,6.4,24.59999999999998,227.10000000000002,-51.18000000000001,-0.8702939222685674,-0.49253272872205434,0.0
2018-09-02,1.7,22.6,47.74,22.1,123.45,5.699999999999999,21.699999999999978,211.50000000000003,-26.209999999999994,-0.8786374941610001,-0.4774894280028391,0.0
2018-09-03,2.6,22.5,46.96,29.3,110.69,6.9,16.59999999999998,190.70000000000002,-12.760000000000005,-0.886721063082993,-0.46230483047981086,0.0
2018-09-04,1.7,22.7,46.28,26.4,102.99,6.000000000000001,14.699999999999978,176.80000000000004,-7.700000000000003,-0.8945422369764496,-0.4469834295196741,0.0
2018-09-05,1.3,22.7,45.54,12.2,92.11,5.6000000000000005,13.699999999999978,163.60000000000002,-10.879999999999995,-0.9020987014301837,-0.43152975897147144,0.0
2018-09-06,1.1,22.7,44.77,11.8,79.54,4.1,12.399999999999979,140.40000000000003,-12.569999999999993,-0.9093882203647925,-0.4159483918249421,0.0
2018-09-07,1.6,22.3,44.1,23.4,73.64,4.0,12.599999999999978,149.10000000000002,-5.900000000000006,-0.9164086366943458,-0.4002439388573056,0.0
2018-09-08,0.7,22.6,43.57,10.3,74.51,3.4000000000000004,10.699999999999978,135.50000000000003,0.8700000000000045,-0.9231578729647039,-0.38442104726885545,0.0
2018-09-09,0.4,22.3,42.48,2.3,63.12,2.7,9.399999999999979,115.70000000000002,-11.390000000000008,-0.9296339319682695,-0.3684843993077793,0.0
2018-09-10,0.4,22.9,41.43,2.5,44.08,1.5,7.199999999999979,88.90000000000002,-19.04,-0.9358348973349941,-0.35243871088460327,0.0
2018-09-11,0.0,23.5,40.44,0.3,30.41,0.8,5.499999999999979,62.800000000000026,-13.669999999999998,-0.9417589340994617,-0.33628873017668287,0.0
2018-09-12,0.0,23.3,39.3,0.0,21.44,0.4,4.199999999999979,50.60000000000002,-8.969999999999999,-0.9474042892438845,-0.32003923622313857,0.0
2018-09-13,0.0,22.8,38.25,1.3,14.31,0.0,3.0999999999999788,40.10000000000003,-7.130000000000001,-0.9527692922168511,-0.30369503751065885,0.0
2018-09-14,0.1,23.3,37.35,2.7,11.39,0.1,1.5999999999999788,19.40000000000003,-2.92,-0.9578523554276669,-0.28726097055059635,0.0
2018-09-15,0.3,23.8,36.61,2.1,10.53,0.4,1.1999999999999789,11.200000000000028,-0.8600000000000012,-0.9626519747161487,-0.2707418984477642,0.0
2018-09-16,1.0,24.0,36.1,8.0,10.43,1.4,1.7999999999999787,16.900000000000027,-0.09999999999999964,-0.9671667297977312,-0.2541427094613622,0.0
2018-09-17,3.1,23.8,36.18,3.5,11.13,4.4,4.499999999999979,17.900000000000027,0.7000000000000011,-0.97139528468375,-0.23746831555846842,0.0
2018-09-18,0.5,23.3,35.34,1.2,11.97,4.6,4.999999999999979,18.800000000000026,0.8399999999999999,-0.9753363880767837,-0.2207236509605022,0.0
2018-09-19,0.2,23.4,34.78,5.3,10.78,3.8000000000000003,5.199999999999979,24.100000000000026,-1.1900000000000013,-0.9789888737409319,-0.20391367068311472,0.0
2018-09-20,14.3,23.3,37.32,8.2,10.48,15.0,19.49999999999998,31.00000000000003,-0.29999999999999893,-0.9823516608469237,-0.18704334906991657,0.0
2018-09-21,4.1,22.7,42.55,10.8,12.37,18.6,23.49999999999998,39.10000000000002,1.8899999999999988,-0.9854237542919524,-0.17011767832049052,0.0
2018-09-22,14.8,21.8,45.24,46.9,18.54,33.2,37.99999999999998,83.90000000000003,6.17,-0.9882042449941422,-0.15314166701312007,0.0
2018-09-23,2.3,23.2,44.62,7.2,20.09,21.2,39.29999999999998,83.10000000000002,1.5500000000000007,-0.9906923101615609,-0.13612033862266704,0.0
2018-09-24,1.0,23.7,43.71,3.8,16.7,18.1,37.19999999999998,83.40000000000003,-3.3900000000000006,-0.9928872135356962,-0.11905873003404988,0.0
2018-09-25,1.0,24.6,42.66,3.6,14.38,4.3,37.69999999999998,85.80000000000003,-2.3199999999999985,-0.994788305609327,-0.10196189005174576,0.0
2018-09-26,7.0,24.5,42.91,6.8,14.31,9.0,44.49999999999998,87.30000000000003,-0.07000000000000028,-0.9963950238187231,-0.08483487790576538,0.0
2018-09-27,2.5,24.3,44.85,3.0,22.55,10.5,32.69999999999998,82.10000000000002,8.24,-0.9977068927101168,-0.06768276175455162,0.0
2018-09-28,15.1,24.4,47.5,15.7,35.22,24.6,43.699999999999974,87.00000000000003,12.669999999999998,-0.9987235240803972,-0.050510617185222886,0.0
2018-09-29,1.8,24.4,47.36,10.3,36.33,19.4,30.69999999999998,50.400000000000034,1.1099999999999994,-0.9994446170919858,-0.033323525711631344,0.0
2018-09-30,3.8,25.2,47.47,7.5,38.72,20.7,32.19999999999998,50.70000000000003,2.3900000000000006,-0.9998699583618592,-0.016126573270657762,0.0
2018-10-01,8.8,25.4,46.24,9.1,35.06,14.4,39.99999999999998,56.000000000000036,-3.6599999999999966,-0.9999994220246925,0.001075151282798226,0.0
2018-10-02,4.8,25.1,45.66,2.0,28.04,17.4,43.79999999999998,54.400000000000034,-7.020000000000003,-0.999832969770105,0.018276557681691223,0.0
2018-10-03,0.6,26.1,44.45,1.6,25.42,14.200000000000001,37.39999999999998,49.20000000000004,-2.6199999999999974,-0.9993706508539969,0.03547255575312556,0.0
2018-10-04,2.3,25.4,43.65,4.3,23.15,7.699999999999999,37.19999999999998,50.500000000000036,-2.270000000000003,-0.9986126020839734,0.052658056924614005,0.0
2018-10-05,0.0,25.8,42.14,1.5,17.97,2.9,22.09999999999998,36.30000000000003,-5.18,-0.9975590477788613,0.06982797572987089,0.0
2018-10-06,0.1,25.4,40.6,0.0,13.49,2.4,20.399999999999977,26.000000000000036,-4.479999999999999,-0.9962102997023297,0.0869772313136861,0.0
2018-10-07,0.0,26.0,38.96,0.0,11.42,0.1,16.59999999999998,18.500000000000036,-2.0700000000000003,-0.9945667569706337,0.1041007489354256,0.0
2018-10-08,0.6,25.7,37.76,2.4,10.38,0.7,8.399999999999979,11.800000000000036,-1.0399999999999991,-0.9926289059345095,0.121193461470736,0.0
2018-10-09,0.3,25.4,36.82,2.4,10.04,0.8999999999999999,3.8999999999999786,12.200000000000035,-0.34000000000000163,-0.9903973200352558,0.1382503109109819,0.0
2018-10-10,0.1,25.4,35.81,10.5,10.78,1.0,3.3999999999999786,21.100000000000037,0.7400000000000002,-0.9878726596350429,0.15526624985999563,0.0
2018-10-11,0.0,25.8,35.03,1.3,18.59,0.4,1.0999999999999786,18.100000000000033,7.8100000000000005,-0.9850556718215013,0.172236243027682,0.0
2018-10-12,0.0,26.4,34.34,1.8,27.51,0.1,1.0999999999999786,18.400000000000034,8.920000000000002,-0.981947190186646,0.18915526872004093,0.0
2018-10-13,0.0,26.5,33.74,2.3,20.13,0.0,0.9999999999999787,20.700000000000035,-7.380000000000003,-0.9785481345802031,0.20601832032517084,0.0
2018-10-14,0.0,26.5,32.64,0.1,14.56,0.0,0.9999999999999787,20.800000000000033,-5.5699999999999985,-0.9748595108374125,0.22282040779479959,0.0
2018-10-15,0.0,26.2,31.97,0.2,11.82,0.0,0.3999999999999787,18.600000000000037,-2.74,-0.9708824104813836,0.23955655912092708,0.0
2018-10-16,4.3,24.5,33.47,8.8,12.61,4.3,4.399999999999978,25.000000000000036,0.7899999999999991,-0.9666180104000972,0.2562218218071163,0.0
2018-10-17,2.3,23.2,38.52,3.2,25.0,6.6,6.599999999999978,17.700000000000035,12.39,-0.9620675724981452,0.27281126433401914,0.0
2018-10-18,13.1,23.1,41.77,10.1,43.67,19.7,19.699999999999978,26.500000000000032,18.67,-0.957232443323312,0.28931997761869527,0.0
2018-10-19,2.0,24.0,41.02,2.6,43.98,17.4,21.699999999999978,27.300000000000033,0.30999999999999517,-0.9521140536681102,0.3057430764672831,0.0
2018-10-20,0.0,24.8,39.07,0.0,36.33,15.1,21.699999999999978,25.000000000000036,-7.649999999999999,-0.9467139181463862,0.3220757010206104,0.0
2018-10-21,0.0,24.5,37.69,0.0,25.42,2.0,21.699999999999978,24.900000000000034,-10.909999999999997,-0.9410336347451197,0.3383130181923076,0.0
2018-10-22,0.0,25.2,36.63,0.2,17.11,0.0,21.699999999999978,24.900000000000034,-8.310000000000002,-0.9350748843515574,0.3544502230989869,0.0
2018-10-23,0.0,25.7,35.31,0.1,12.74,0.0,17.399999999999977,16.20000000000003,-4.369999999999999,-0.9288394302558068,0.3704825404820963,0.0
2018-10-24,0.0,25.4,34.46,0.0,10.97,0.0,15.099999999999978,13.000000000000034,-1.7699999999999996,-0.9223291176290545,0.3864052261209853,0.0
2018-10-25,2.7,24.5,34.02,5.5,10.53,2.7,4.699999999999979,8.400000000000032,-0.4400000000000013,-0.9155458729775467,0.40221356823680365,0.0
2018-10-26,0.2,25.6,33.12,0.0,10.78,2.9000000000000004,2.899999999999979,5.800000000000033,0.25,-0.9084917035725082,0.41790288888678667,0.0
2018-10-27,0.0,24.8,32.59,0.0,10.97,2.9000000000000004,2.899999999999979,5.800000000000033,0.19000000000000128,-0.9011686968561569,0.4334685453485363,0.0
2018-10-28,0.0,24.2,32.21,0.0,10.04,0.2,2.899999999999979,5.800000000000033,-0.9300000000000015,-0.8935790198239952,0.4489059314938798,0.0
2018-10-29,0.0,23.9,31.81,0.0,9.52,0.0,2.899999999999979,5.6000000000000325,-0.5199999999999996,-0.8857249183835637,0.4642104791518923,0.0
2018-10-30,0.0,23.0,31.59,0.0,9.3,0.0,2.899999999999979,5.500000000000032,-0.21999999999999886,-0.8776087166898392,0.4793776594606945,0.0
2018-10-31,0.0,23.8,31.45,0.0,9.21,0.0,2.899999999999979,5.500000000000032,-0.08999999999999986,-0.8692328164574792,0.49440298420761813,0.0
2018-11-01,0.0,23.7,31.27,0.0,9.14,0.0,0.1999999999999787,0.0,-0.07000000000000028,-0.8605996962501181,0.5092820071573356,0.0
2018-11-02,0.9,25.0,30.76,0.0,9.09,0.9,0.8999999999999787,0.0,-0.05000000000000071,-0.8517119107469189,0.5240103253675756,0.0
2018-11-03,2.1,25.0,31.09,4.6,9.62,3.0,2.9999999999999787,4.600000000000032,0.5299999999999994,-0.8425720899866032,0.5385835804920232,0.0
2018-11-04,0.0,26.0,31.0,2.8,11.16,3.0,2.9999999999999787,7.400000000000031,1.540000000000001,-0.8331829385891785,0.5529974600700271,0.0
2018-11-05,0.0,26.0,30.59,0.4,14.24,2.1,2.9999999999999787,7.800000000000032,3.08,-0.8235472349556007,0.5672476988027229,0.0
2018-11-06,0.6,25.8,29.91,0.0,13.66,0.6,3.5999999999999788,7.800000000000032,-0.5800000000000001,-0.8136678304455991,0.5813300798152042,0.0
2018-11-07,3.7,26.2,29.33,2.2,12.37,4.3,7.299999999999979,10.000000000000032,-1.290000000000001,-0.8035476485339116,0.5952404359043674,0.0
2018-11-08,0.0,26.2,29.03,0.4,11.71,4.300000000000001,7.299999999999979,10.400000000000032,-0.6599999999999984,-0.7931896839451843,0.6089746507720486,0.0
2018-11-09,0.0,26.6,28.55,0.0,11.42,3.7,6.399999999999979,10.400000000000032,-0.2900000000000009,-0.7825970017677834,0.6225286602431057,0.0
2018-11-10,0.0,25.3,28.3,0.0,11.25,0.0,4.299999999999979,5.800000000000032,-0.16999999999999993,-0.7717727365467836,0.6358984534680745,0.0
2018-11-11,0.0,25.7,28.63,0.0,11.16,0.0,4.299999999999979,3.000000000000032,-0.08999999999999986,-0.7607200913564104,0.6490800741100398,0.0
2018-11-12,0.0,24.7,28.8,0.0,11.11,0.0,4.299999999999979,2.600000000000032,-0.05000000000000071,-0.7494423368521954,0.6620696215153815,0.0
2018-11-13,0.0,23.4,28.65,0.0,11.05,0.0,3.699999999999979,2.600000000000032,-0.05999999999999872,-0.7379428103031386,0.6748632518680403,0.0
2018-11-14,0.0,23.3,28.43,0.0,11.05,0.0,0.0,0.400000000000032,0.0,-0.7262249146041543,0.6874571793269664,0.0
2018-11-15,0.0,23.4,28.31,0.0,10.27,0.0,0.0,0.0,-0.7800000000000011,-0.7142921172691032,0.699847677146407,0.0
2018-11-16,0.0,24.7,28.5,0.0,9.21,0.0,0.0,0.0,-1.0599999999999987,-0.7021479494046978,0.7120310787787131,0.0
2018-11-17,1.4,25.7,28.56,0.2,8.86,1.4,1.3999999999999786,0.20000000000003199,-0.3500000000000014,-0.6897960046655887,0.7240037789593305,0.0
2018-11-18,0.2,25.4,28.32,2.1,8.79,1.5999999999999999,1.5999999999999786,2.3000000000000322,-0.07000000000000028,-0.6772399381909491,0.7357622347736527,0.0
2018-11-19,1.3,24.2,28.75,1.3,8.82,2.9,2.8999999999999786,3.6000000000000325,0.030000000000001137,-0.6644834655228552,0.7473029667054296,0.0
2018-11-20,4.5,23.6,30.23,0.8,9.4,6.0,7.399999999999979,4.400000000000032,0.5800000000000001,-0.6515303615068021,0.75862255966641,0.0
2018-11-21,0.1,24.9,31.28,0.5,10.64,5.8999999999999995,7.499999999999979,4.900000000000032,1.2400000000000002,-0.6383844591746642,0.7697176640069211,0.0
2018-11-22,0.0,24.5,30.47,0.0,11.94,4.6,7.499999999999979,4.900000000000032,1.299999999999999,-0.6250496486104377,0.7805849965070866,0.0
2018-11-23,0.3,24.8,29.57,0.2,10.46,0.4,7.799999999999979,5.1000000000000325,-1.4799999999999986,-0.6115298757991053,0.7912213413483807,0.0
2018-11-24,0.0,24.6,28.67,0.0,9.5,0.30000000000000004,6.399999999999979,4.900000000000032,-0.9600000000000009,-0.5978291414589552,0.801623551065242,0.0
2018-11-25,0.0,24.2,28.29,0.0,9.07,0.30000000000000004,6.19999999999998,2.8000000000000322,-0.4299999999999997,-0.5839514998576998,0.8117885474764613,0.0
2018-11-26,0.0,24.0,27.91,0.0,8.89,0.0,4.899999999999979,1.500000000000032,-0.17999999999999972,-0.5699010576127624,0.8217133225960589,0.0
2018-11-27,0.0,22.9,28.08,0.0,8.75,0.0,0.3999999999999787,0.7000000000000319,-0.14000000000000057,-0.5556819724760489,0.8313949395234058,0.0
2018-11-28,0.0,22.5,28.19,0.0,8.66,0.0,0.29999999999997873,0.20000000000003199,-0.08999999999999986,-0.5412984521036173,0.8408305333122887,0.0
2018-11-29,0.0,22.3,28.18,0.0,8.62,0.0,0.29999999999997873,0.20000000000003199,-0.040000000000000924,-0.5267547528105542,0.8500173118187018,0.0
2018-11-30,0.0,22.6,28.21,0.0,8.59,0.0,0.0,0.0,-0.02999999999999936,-0.5120551783114646,0.8589525565270845,0.0
2018-12-01,0.0,22.0,28.32,0.0,8.51,0.0,0.0,0.0,-0.08000000000000007,-0.4972040784469378,0.8676336233547726,0.0
2018-12-02,0.0,21.6,28.23,0.0,8.4,0.0,0.0,0.0,-0.10999999999999943,-0.4822058478963526,0.8760579434344281,0.0
2018-12-03,0.0,22.7,27.68,0.0,8.33,0.0,0.0,0.0,-0.07000000000000028,-0.46706492487743034,0.8842230238742036,0.0
2018-12-04,0.0,23.3,27.58,0.0,8.31,0.0,0.0,0.0,-0.019999999999999574,-0.451785789832884,0.8921264484954345,0.0
2018-12-05,1.7,23.7,27.68,2.1,8.31,1.7,1.6999999999999786,2.100000000000032,0.0,-0.4363729641045924,0.8997658785476209,0.0
2018-12-06,0.9,24.0,27.82,0.9,8.31,2.6,2.5999999999999788,3.000000000000032,0.0,-0.42083100859565564,0.9071390534005044,0.0
2018-12-07,0.7,24.2,27.86,0.4,8.29,3.3,3.2999999999999785,3.4000000000000323,-0.02000000000000135,-0.4051645224207563,0.9142437912130223,0.0
2018-12-08,0.0,24.5,27.63,0.6,8.2,1.6,3.2999999999999785,4.000000000000032,-0.08999999999999986,-0.3893781415452015,0.9210779895789526,0.0
2018-12-09,0.0,24.4,27.88,0.2,8.16,0.7,3.2999999999999785,4.200000000000032,-0.03999999999999915,-0.37347653741307074,0.9276396261490467,0.0
2018-12-10,0.0,23.4,27.92,0.0,8.14,0.0,3.2999999999999785,4.200000000000032,-0.019999999999999574,-0.3574644155648614,0.9339267592294762,0.0
2018-12-11,0.0,20.9,27.71,0.0,7.99,0.0,3.2999999999999785,4.200000000000032,-0.15000000000000036,-0.34134651424503615,0.9399375283564133,0.0
2018-12-12,0.0,21.2,27.24,0.0,7.85,0.0,1.5999999999999788,2.100000000000032,-0.14000000000000057,-0.3251276029999093,0.9456701548465688,0.0
2018-12-13,0.0,21.7,27.0,0.0,7.79,0.0,0.6999999999999786,1.2000000000000322,-0.05999999999999961,-0.30881248126625377,0.9511229423235357,0.0
2018-12-14,0.2,22.6,27.06,0.0,7.85,0.2,0.1999999999999787,0.800000000000032,0.05999999999999961,-0.29240597695107734,0.9562942772197719,0.0
2018-12-15,0.5,22.4,27.32,0.0,7.95,0.7,0.6999999999999786,0.20000000000003199,0.10000000000000053,-0.27591294500296043,0.9611826292540837,0.0
2018-12-16,0.0,22.2,27.48,0.0,7.93,0.7,0.6999999999999786,0.0,-0.020000000000000462,-0.2593382659754056,0.9657865518844574,0.0
2018-12-17,0.0,20.3,27.64,0.0,7.89,0.5,0.6999999999999786,0.0,-0.040000000000000036,-0.2426868445825954,0.9701046827361175,0.0
2018-12-18,0.0,20.3,27.82,0.0,7.91,0.0,0.6999999999999786,0.0,0.020000000000000462,-0.22596360824801906,0.974135744004672,0.0
2018-12-19,0.0,19.8,28.31,0.0,7.93,0.0,0.6999999999999786,0.0,0.019999999999999574,-0.20917350564635637,0.9778785428342386,0.0
2018-12-20,0.0,21.0,28.36,0.0,7.95,0.0,0.6999999999999786,0.0,0.020000000000000462,-0.19232150523909483,0.9813319716704275,0.0
2018-12-21,0.0,21.6,28.15,0.0,7.91,0.0,0.4999999999999787,0.0,-0.040000000000000036,-0.17541259380427843,0.9844950085880858,0.0
2018-12-22,0.0,21.8,27.96,0.0,7.87,0.0,0.0,0.0,-0.040000000000000036,-0.15845177496083632,0.9873667175937016,0.0
2018-12-23,0.0,23.2,27.78,0.0,7.81,0.0,0.0,0.0,-0.0600000000000005,-0.14144406768794202,0.9899462489023779,0.0
2018-12-24,0.0,23.6,27.62,0.0,7.71,0.0,0.0,0.0,-0.09999999999999964,-0.12439450483979998,0.9922328391893008,0.0
2018-12-25,0.0,23.9,27.42,0.0,7.65,0.0,0.0,0.0,-0.05999999999999961,-0.10730813165636247,0.9942258118156161,0.0
2018-12-26,0.0,23.6,27.35,0.0,7.65,0.0,0.0,0.0,0.0,-0.09019000427034513,0.9959245770286599,0.0
2018-12-27,0.0,22.9,27.63,0.0,7.57,0.0,0.0,0.0,-0.08000000000000007,-0.07304518821104743,0.9973286321364752,0.0
2018-12-28,0.0,20.0,27.66,0.0,7.49,0.0,0.0,0.0,-0.08000000000000007,-0.05587875690537313,0.9984375616565666,0.0
2018-12-29,0.0,19.4,27.69,0.0,7.47,0.0,0.0,0.0,-0.020000000000000462,-0.03869579017652689,0.9992510374388481,0.0
2018-12-30,0.0,19.2,27.57,0.0,7.49,0.0,0.0,0.0,0.020000000000000462,-0.021501372740813793,0.999768818762748,0.0
2018-12-31,0.0,19.1,27.64,0.0,7.49,0.0,0.0,0.0,0.0,-0.004300592702981974,0.9999907524084426,0.0
2019-01-01,0.0,19.9,27.68,0.0,7.38,0.0,0.0,0.0,-0.11000000000000032,0.017201575418260506,0.9998520419557735,0.0
2019-01-02,0.0,20.0,27.52,0.0,7.28,0.0,0.0,0.0,-0.09999999999999964,0.03439806061360801,0.9994082116062598,0.0
2019-01-03,0.0,21.2,27.5,0.0,7.22,0.0,0.0,0.0,-0.0600000000000005,0.051584366869408364,0.9986686402879997,0.0
2019-01-04,0.0,21.7,27.53,0.0,7.22,0.0,0.0,0.0,0.0,0.06875540848113941,0.9976335468520451,0.0
2019-01-05,0.0,21.8,27.64,0.0,7.24,0.0,0.0,0.0,0.020000000000000462,0.08590610426133272,0.9963032375991965,0.0
2019-01-06,0.0,21.2,27.56,0.0,7.18,0.0,0.0,0.0,-0.0600000000000005,0.10303137904317879,0.9946781061893646,0.0
2019-01-07,0.0,21.2,27.47,0.0,7.22,0.0,0.0,0.0,0.040000000000000036,0.1201261651823505,0.9927586335250793,0.0
2019-01-08,0.0,21.2,27.53,0.0,7.22,0.0,0.0,0.0,0.0,0.13718540405660057,0.9905453876091833,0.0
2019-01-09,0.0,21.3,27.74,0.0,7.15,0.0,0.0,0.0,-0.0699999999999994,0.1542040475626894,0.988039023376751,0.0
2019-01-10,0.0,21.3,27.65,0.0,6.13,0.0,0.0,0.0,-1.0200000000000005,0.17117705961019986,0.985240282501282,0.0
2019-01-11,0.0,21.9,27.39,0.0,5.07,0.0,0.0,0.0,-1.0599999999999996,0.18809941761179758,0.9821499931752291,0.0
2019-01-12,0.0,21.6,27.41,0.0,4.56,0.0,0.0,0.0,-0.5100000000000007,0.20496611396949532,0.9787690698649216,0.0
2019-01-13,0.0,21.9,27.6,0.0,4.06,0.0,0.0,0.0,-0.5,0.22177215755648186,0.975098513039961,0.0
2019-01-14,0.0,21.8,27.91,0.0,3.41,0.0,0.0,0.0,-0.6499999999999995,0.23851257519407648,0.9711394088771653,0.0
2019-01-15,0.0,22.1,28.03,0.0,2.66,0.0,0.0,0.0,-0.75,0.2551824131233728,0.9668929289391521,0.0
2019-01-16,0.0,22.3,27.79,0.0,1.88,0.0,0.0,0.0,-0.7800000000000002,0.2717767384711357,0.9623603298276545,0.0
2019-01-17,0.0,22.7,27.6,0.0,1.06,0.0,0.0,0.0,-0.8199999999999998,0.2882906407095177,0.9575429528116719,0.0
2019-01-18,0.0,22.4,27.63,0.0,0.66,0.0,0.0,0.0,-0.4,0.3047192331091634,0.9524422234305676,0.0
2019-01-19,0.0,22.4,27.69,0.0,0.63,0.0,0.0,0.0,-0.030000000000000027,0.321057654185271,0.9470596510722283,0.0
2019-01-20,0.0,22.9,27.54,0.0,0.78,0.0,0.0,0.0,0.15000000000000002,0.3373010691361842,0.9413968285264122,0.0
2019-01-21,0.0,22.3,27.22,0.0,1.03,0.0,0.0,0.0,0.25,0.3534446712740877,0.9354554315134164,0.0
2019-01-22,0.0,21.4,26.88,0.0,1.56,0.0,0.0,0.0,0.53,0.3694836834473831,0.9292372181882051,0.0
2019-01-23,0.0,21.4,26.65,0.0,2.18,0.0,0.0,0.0,0.6200000000000001,0.38541335945432564,0.9227440286201427,0.0
2019-01-24,0.0,21.0,26.57,0.2,2.4,0.0,0.0,0.20000000000003199,0.21999999999999975,0.4012289854475009,0.9159777842484877,0.0
2019-01-25,0.0,20.7,26.85,0.0,2.72,0.0,0.0,0.20000000000003199,0.3200000000000003,0.4169258813287287,0.908940487313808,0.0
2019-01-26,0.0,19.8,27.37,0.0,3.0,0.0,0.0,0.20000000000003199,0.2799999999999998,0.4324994021339788,0.901634220265486,0.0
2019-01-27,1.3,20.3,27.65,1.6,3.41,1.3,1.2999999999999787,1.800000000000032,0.41000000000000014,0.44794493940789115,0.8940611451454876,0.0
2019-01-28,0.2,20.8,28.07,0.6,3.69,1.5,1.4999999999999787,2.400000000000032,0.2799999999999998,0.4632579225674917,0.88622350294858,0.0
2019-01-29,0.0,21.0,28.14,0.0,3.59,1.5,1.4999999999999787,2.400000000000032,-0.10000000000000009,0.4784338202547012,0.8781236129591848,0.0
2019-01-30,0.0,22.1,28.13,0.0,3.97,0.2,1.4999999999999787,2.400000000000032,0.38000000000000034,0.49346814167723735,0.8697638720650646,0.0
2019-01-31,0.0,21.4,27.88,0.0,4.35,0.0,1.4999999999999787,2.2000000000000317,0.37999999999999945,0.5083564379375122,0.8611467540480452,0.0
2019-02-01,0.0,22.3,27.47,0.0,4.5,0.0,1.4999999999999787,2.2000000000000317,0.15000000000000036,0.5230943033491326,0.8522748088519838,0.0
2019-02-02,0.0,22.1,27.25,0.0,4.78,0.0,1.4999999999999787,2.2000000000000317,0.28000000000000025,0.5376773767406141,0.8431506618282,0.0
2019-02-03,0.0,22.0,27.2,0.0,4.78,0.0,0.1999999999999787,0.600000000000032,0.0,0.5521013427459208,0.8337770129585915,0.0
2019-02-04,0.0,23.2,27.0,0.0,4.71,0.0,0.0,0.0,-0.07000000000000028,0.5663619330814524,0.8241566360566663,0.0
2019-02-05,0.0,23.4,26.93,0.0,4.78,0.0,0.0,0.0,0.07000000000000028,0.580454927809098,0.8142923779467267,0.0
2019-02-06,0.0,23.8,26.95,0.0,4.71,0.0,0.0,0.0,-0.07000000000000028,0.5943761565849831,0.804187157621448,0.0
2019-02-07,0.0,22.5,26.72,0.0,4.66,0.0,0.0,0.0,-0.04999999999999982,0.6081214998935418,0.7938439653781019,0.0
2019-02-08,0.0,20.8,26.33,0.0,4.69,0.0,0.0,0.0,0.03000000000000025,0.6216868902665479,0.7832658619336791,0.0
2019-02-09,0.0,19.9,26.25,0.0,4.53,0.0,0.0,0.0,-0.16000000000000014,0.6350683134867438,0.7724559775191742,0.0
2019-02-10,0.0,22.0,26.41,0.0,4.6,0.0,0.0,0.0,0.0699999999999994,0.6482618097757122,0.7614175109532997,0.0
2019-02-11,0.0,24.1,26.32,0.0,4.71,0.0,0.0,0.0,0.11000000000000032,0.6612634749656386,0.7501537286959042,0.0
2019-02-12,0.0,26.1,26.24,0.4,4.41,0.0,0.0,0.400000000000032,-0.2999999999999998,0.6740694616546161,0.7386679638813748,0.0
2019-02-13,0.0,25.6,26.36,0.0,4.06,0.0,0.0,0.400000000000032,-0.35000000000000053,0.6866759803451553,0.726963615332308,0.0
2019-02-14,0.0,25.2,26.44,0.0,3.94,0.0,0.0,0.400000000000032,-0.11999999999999966,0.6990793005655562,0.7150441465537444,0.0
2019-02-15,0.0,24.4,26.41,0.0,4.19,0.0,0.0,0.400000000000032,0.25000000000000044,0.7112757519738152,0.7029130847082615,0.0
2019-02-16,0.0,23.0,26.28,0.0,4.47,0.0,0.0,0.400000000000032,0.27999999999999936,0.7232617254437388,0.6905740195722293,0.0
2019-02-17,0.0,21.7,26.39,0.0,4.5,0.0,0.0,0.400000000000032,0.03000000000000025,0.7350336741329413,0.6780306024735382,0.0
2019-02-18,0.0,22.6,26.14,0.0,4.28,0.0,0.0,0.400000000000032,-0.21999999999999975,0.746588114532413,0.6652865452111116,0.0
2019-02-19,0.0,24.5,25.89,0.0,4.04,0.0,0.0,0.0,-0.2400000000000002,0.7579216274973472,0.6523456189565257,0.0
2019-02-20,0.0,25.9,26.17,0.0,3.88,0.0,0.0,0.0,-0.16000000000000014,0.7690308592589181,0.6392116531380588,0.0
2019-02-21,0.0,26.4,26.04,0.0,3.62,0.0,0.0,0.0,-0.2599999999999998,0.7799125224167177,0.6258885343075018,0.0
2019-02-22,0.0,27.3,25.96,0.0,3.41,0.0,0.0,0.0,-0.20999999999999996,0.7905633969115482,0.612380204990065,0.0
2019-02-23,0.0,27.3,25.88,0.0,3.32,0.0,0.0,0.0,-0.0900000000000003,0.8009803309782905,0.5986906625177214,0.0
2019-02-24,0.0,27.3,26.1,0.0,3.47,0.0,0.0,0.0,0.15000000000000036,0.8111602420785621,0.5848239578463322,0.0
2019-02-25,0.0,25.8,26.47,0.0,3.75,0.0,0.0,0.0,0.2799999999999998,0.8211001178128892,0.5707841943569036,0.0
2019-02-26,0.0,24.4,26.46,0.0,3.75,0.0,0.0,0.0,0.0,0.8307970168121247,0.5565755266413303,0.0
2019-02-27,0.0,23.4,26.25,0.0,3.62,0.0,0.0,0.0,-0.1299999999999999,0.8402480696078469,0.5422021592729844,0.0
2019-02-28,0.0,22.4,25.89,0.0,3.75,0.0,0.0,0.0,0.1299999999999999,0.8494504794814806,0.527668345562516,0.0
2019-03-01,0.0,22.4,25.84,0.0,3.84,0.0,0.0,0.0,0.08999999999999986,0.8584015232918917,0.512978386299228,0.0
2019-03-02,0.0,24.7,25.69,0.0,3.72,0.0,0.0,0.0,-0.11999999999999966,0.8670985522812081,0.4981366284784055,0.0
2019-03-03,0.0,24.9,25.7,0.0,3.72,0.0,0.0,0.0,0.0,0.8755389928586302,0.4831474640149687,0.0
2019-03-04,0.0,24.6,25.47,0.0,3.97,0.0,0.0,0.0,0.25,0.8837203473619977,0.4680153284438345,0.0
2019-03-05,0.0,23.8,25.4,0.0,4.19,0.0,0.0,0.0,0.2200000000000002,0.8916401947968874,0.45274469960737107,0.0
2019-03-06,0.0,23.2,25.54,0.0,4.25,0.0,0.0,0.0,0.05999999999999961,0.8992961915530253,0.4373400963303323,0.0
2019-03-07,0.0,23.4,25.4,0.0,4.0,0.0,0.0,0.0,-0.25,0.9066860720977985,0.4218060770826634,0.0
2019-03-08,0.0,25.5,25.44,0.0,3.72,0.0,0.0,0.0,-0.2799999999999998,0.9138076496466615,0.4061472386305789,0.0
2019-03-09,0.0,26.4,25.65,0.0,3.59,0.0,0.0,0.0,-0.13000000000000034,0.9206588168102428,0.3903682146763026,0.0
2019-03-10,0.0,26.1,25.71,0.0,3.53,0.0,0.0,0.0,-0.06000000000000005,0.9272375462179537,0.374473674486883,0.0
2019-03-11,0.0,26.0,25.85,0.0,3.44,0.0,0.0,0.0,-0.08999999999999986,0.9335418911179212,0.35846832151248087,0.0
2019-03-12,0.0,26.7,25.64,0.0,3.12,0.0,0.0,0.0,-0.31999999999999984,0.9395699859530622,0.342356891994542,0.0
2019-03-13,0.0,27.0,25.6,0.0,2.53,0.0,0.0,0.0,-0.5900000000000003,0.945320046913132,0.3261441535642696,0.0
2019-03-14,0.0,26.7,25.41,0.0,1.72,0.0,0.0,0.0,-0.8099999999999998,0.9507903724625832,0.3098349038318025,0.0
2019-03-15,0.0,27.6,25.37,0.0,0.78,0.0,0.0,0.0,-0.94,0.9559793438440766,0.2934339689665273,0.0
2019-03-16,0.0,27.8,25.19,0.0,0.41,0.0,0.0,0.0,-0.37000000000000005,0.9608854255574977,0.27694620226893646,0.0
2019-03-17,0.0,27.8,25.04,0.0,0.47,0.0,0.0,0.0,0.06,0.9655071658143364,0.2603764827344581,0.0
2019-03-18,0.0,27.4,25.38,0.0,0.47,0.0,0.0,0.0,0.0,0.969843196967294,0.24372971360968387,0.0
2019-03-19,0.0,26.3,25.63,0.0,0.47,0.0,0.0,0.0,0.0,0.9738922359149924,0.22701082094141847,0.0
2019-03-20,0.0,26.0,25.56,0.0,0.44,0.0,0.0,0.0,-0.02999999999999997,0.9776530844816641,0.2102247521189836,0.0
2019-03-21,0.0,26.3,25.23,0.0,0.44,0.0,0.0,0.0,0.0,0.981124629771712,0.19337647441020586,0.0
2019-03-22,0.0,27.2,25.21,0.0,0.44,0.0,0.0,0.0,0.0,0.984305844499033,0.17647097349152166,0.0
2019-03-23,0.0,28.1,25.12,0.0,0.44,0.0,0.0,0.0,0.0,0.9871957872910085,0.15951325197263655,0.0
2019-03-24,0.0,28.9,24.95,0.0,0.44,0.0,0.0,0.0,0.0,0.9897936029670716,0.14250832791617088,0.0
2019-03-25,0.0,29.8,24.92,0.0,0.44,0.0,0.0,0.0,0.0,0.992098522791769,0.12546123335273648,0.0
2019-03-26,0.0,29.2,25.24,0.0,0.44,0.0,0.0,0.0,0.0,0.9941098647022418,0.10837701279187609,0.0
2019-03-27,0.0,28.6,25.48,0.0,0.44,0.0,0.0,0.0,0.0,0.9958270335100595,0.09126072172931188,0.0
2019-03-28,0.0,28.5,25.4,0.0,0.44,0.0,0.0,0.0,0.0,0.9972495210773451,0.07411742515094437,0.0
2019-03-29,0.0,28.2,25.13,0.0,0.44,0.0,0.0,0.0,0.0,0.998376906467142,0.056952196034039754,0.0
2019-03-30,0.0,28.2,25.05,0.1,0.44,0.0,0.0,0.10000000000003198,0.0,0.9992088560679753,0.03977011384605572,0.0
2019-03-31,0.0,28.2,25.08,0.0,0.63,0.0,0.0,0.10000000000003198,0.19,0.9997451236925734,0.022576263041545485,0.0
2019-04-01,0.0,27.8,25.15,0.0,0.66,0.0,0.0,0.10000000000003198,0.030000000000000027,0.9999855506507186,0.005375731557583884,0.0
2019-04-02,0.0,28.1,24.86,0.0,0.56,0.0,0.0,0.10000000000003198,-0.09999999999999998,0.9999300657962057,-0.011826390691832589,0.0
2019-04-03,0.0,28.9,24.56,0.0,0.53,0.0,0.0,0.10000000000003198,-0.030000000000000027,0.9995786855478958,-0.029025013321975237,0.0
2019-04-04,0.0,28.0,24.27,0.1,0.5,0.0,0.0,0.20000000000003199,-0.030000000000000027,0.9989315138848577,-0.046215046983708354,0.0
2019-04-05,0.2,27.6,24.3,0.1,0.5,0.2,0.1999999999999787,0.300000000000032,0.0,0.9979887423155984,-0.06339140486951038,0.0
2019-04-06,0.0,28.6,24.41,0.1,0.5,0.2,0.1999999999999787,0.300000000000032,0.0,0.9967506498213929,-0.08054900421874167,0.0
2019-04-07,0.0,29.0,24.54,0.0,0.47,0.2,0.1999999999999787,0.300000000000032,-0.030000000000000027,0.9952176027737294,-0.09768276782171598,0.0
2019-04-08,0.0,29.2,24.62,0.0,0.47,0.0,0.1999999999999787,0.300000000000032,0.0,0.9933900548258936,-0.11478762552212701,0.0
2019-04-09,0.0,28.1,24.38,0.1,0.47,0.0,0.1999999999999787,0.400000000000032,0.0,0.9912685467787256,-0.13185851571739118,0.0
2019-04-10,0.0,29.4,24.12,0.0,0.44,0.0,0.1999999999999787,0.400000000000032,-0.02999999999999997,0.9888537064205885,-0.1488903868564548,0.0
2019-04-11,0.0,29.2,23.88,0.1,0.44,0.0,0.1999999999999787,0.400000000000032,0.0,0.986146248341595,-0.16587819893463143,0.0
2019-04-12,0.0,29.8,23.85,0.0,0.44,0.0,0.0,0.300000000000032,0.0,0.9831469737221499,-0.1828169249850199,0.0
2019-04-13,0.0,29.7,23.93,0.4,0.5,0.0,0.0,0.6000000000000321,0.06,0.9798567700958665,-0.1997015525660636,0.0
2019-04-14,1.7,29.3,24.17,0.6,0.59,1.7,1.6999999999999786,1.2000000000000322,0.08999999999999997,0.9762766110869321,-0.21652708524481437,0.0
2019-04-15,0.3,28.8,24.37,3.1,0.63,2.0,1.9999999999999787,4.300000000000033,0.040000000000000036,0.9724075561219968,-0.23328854407545518,0.0
2019-04-16,0.0,27.7,24.26,0.5,0.66,2.0,1.9999999999999787,4.700000000000033,0.030000000000000027,0.9682507501166718,-0.2499809690726521,0.0
2019-04-17,0.0,27.9,24.07,0.0,0.63,0.3,1.9999999999999787,4.700000000000033,-0.030000000000000027,0.9638074231367307,-0.26659942067929354,0.0
2019-04-18,0.0,28.2,24.12,0.0,0.53,0.0,1.9999999999999787,4.600000000000032,-0.09999999999999998,0.9590788900341131,-0.28313898122818354,0.0
2019-04-19,0.0,27.5,24.04,0.0,0.5,0.0,1.9999999999999787,4.600000000000032,-0.030000000000000027,0.9540665500578387,-0.2995947563972602,0.0
2019-04-20,0.0,27.8,23.9,0.0,0.47,0.0,1.9999999999999787,4.200000000000033,-0.030000000000000027,0.9487718864399473,-0.31596187665790293,0.0
2019-04-21,0.0,27.7,23.82,0.0,0.47,0.0,0.2999999999999787,3.600000000000032,0.0,0.9431964659565866,-0.33223549871590435,0.0
2019-04-22,0.0,29.2,23.64,0.0,0.44,0.0,0.0,0.5000000000000324,-0.02999999999999997,0.9373419384643772,-0.3484108069446808,0.0
2019-04-23,0.0,30.3,23.6,0.0,0.44,0.0,0.0,0.0,0.0,0.9312100364121947,-0.3644830148102912,0.0
2019-04-24,0.0,30.4,23.61,0.0,0.44,0.0,0.0,0.0,0.0,0.9248025743285089,-0.38044736628785164,0.0
2019-04-25,0.0,31.0,23.72,0.0,0.41,0.0,0.0,0.0,-0.030000000000000027,0.9181214482844364,-0.39629913726891813,0.0
2019-04-26,0.0,30.8,23.8,0.0,0.41,0.0,0.0,0.0,0.0,0.9111686353326631,-0.41203363695942635,0.0
2019-04-27,0.0,31.0,23.99,0.1,0.41,0.0,0.0,0.10000000000003242,0.0,0.9039461929224011,-0.42764620926777464,0.0
2019-04-28,0.0,31.5,24.59,0.2,0.41,0.0,0.0,0.30000000000003246,0.0,0.8964562582905575,-0.44313223418263453,0.0
2019-04-29,0.0,30.0,24.78,0.1,0.44,0.0,0.0,0.40000000000003244,0.030000000000000027,0.8887010478292915,-0.45848712914008766,0.0
2019-04-30,0.0,28.6,25.01,0.0,0.41,0.0,0.0,0.40000000000003244,-0.030000000000000027,0.8806828564301475,-0.47370635037968,0.0
2019-05-01,0.0,27.3,25.14,0.0,0.41,0.0,0.0,0.40000000000003244,0.0,0.8724040568049612,-0.48878539428899265,0.0
2019-05-02,0.0,26.8,25.35,0.0,0.37,0.0,0.0,0.40000000000003244,-0.03999999999999998,0.8638670987837349,-0.503719798736334,0.0
2019-05-03,0.0,26.1,25.27,0.0,0.37,0.0,0.0,0.40000000000003244,0.0,0.8550745085896932,-0.518505144391157,0.0
2019-05-04,0.0,26.0,25.29,0.0,0.37,0.0,0.0,0.30000000000003246,0.0,0.8460288880917339,-0.533137056031809,0.0
2019-05-05,0.0,27.2,25.35,0.0,0.37,0.0,0.0,0.10000000000003242,0.0,0.8367329140344921,-0.5476112038402312,0.0
2019-05-06,0.0,28.3,24.8,0.1,0.37,0.0,0.0,0.10000000000003242,0.0,0.8271893372462497,-0.5619233046832195,0.0
2019-05-07,0.1,27.5,24.51,0.3,0.37,0.1,0.09999999999997869,0.40000000000003244,0.0,0.8174009818249189,-0.5760691233798758,0.0
2019-05-08,0.1,27.4,24.5,0.8,0.37,0.2,0.1999999999999787,1.2000000000000326,0.0,0.8073707443023492,-0.5900444739548627,0.0
2019-05-09,0.0,27.3,24.4,0.7,0.37,0.2,0.1999999999999787,1.9000000000000323,0.0,0.7971015927871943,-0.6038452208771035,0.0
2019-05-10,0.0,28.0,24.31,0.0,0.37,0.1,0.1999999999999787,1.9000000000000323,0.0,0.7865965660866021,-0.6174672802835514,0.0
2019-05-11,0.0,28.7,24.24,0.0,0.34,0.0,0.1999999999999787,1.9000000000000323,-0.02999999999999997,0.7758587728069828,-0.6309066211876704,0.0
2019-05-12,0.0,28.7,24.15,0.0,0.37,0.0,0.1999999999999787,1.9000000000000323,0.02999999999999997,0.7648913904341225,-0.6441592666722685,0.0
2019-05-13,0.0,28.1,24.11,0.0,0.37,0.0,0.1999999999999787,1.8000000000000322,0.0,0.753697664392914,-0.6572212950663319,0.0
2019-05-14,0.0,28.2,24.28,0.0,0.34,0.0,0.09999999999997869,1.5000000000000324,-0.02999999999999997,0.742280907086982,-0.6700888411055113,0.0
2019-05-15,0.0,28.7,24.14,0.0,0.34,0.0,0.0,0.7000000000000324,0.0,0.7306444969184916,-0.6827580970759147,0.0
2019-05-16,0.0,28.8,24.3,0.0,0.34,0.0,0.0,0.0,0.0,0.7187918772884232,-0.6952253139408722,0.0
2019-05-17,0.0,29.7,24.22,0.0,0.34,0.0,0.0,0.0,0.0,0.7067265555776158,-0.7074868024503348,0.0
2019-05-18,0.0,30.9,24.0,0.0,0.34,0.0,0.0,0.0,0.0,0.6944521021088763,-0.719538934232584,0.0
2019-05-19,0.0,32.0,23.87,0.0,0.34,0.0,0.0,0.0,0.0,0.6819721490904629,-0.7313781428679254,0.0
2019-05-20,0.0,31.6,23.8,0.0,0.34,0.0,0.0,0.0,0.0,0.6692903895412567,-0.7430009249440493,0.0
2019-05-21,0.1,29.3,23.81,0.5,0.44,0.1,0.09999999999997869,0.5000000000000324,0.09999999999999998,0.6564105761979381,-0.7544038410927472,0.0
2019-05-22,0.0,30.2,23.91,0.0,0.44,0.1,0.09999999999997869,0.5000000000000324,0.0,0.6433365204044917,-0.765583517007675,0.0
2019-05-23,0.0,29.2,23.95,0.2,0.66,0.1,0.09999999999997869,0.7000000000000324,0.22000000000000003,0.6300720909843687,-0.7765366444428655,0.0
2019-05-24,0.0,29.3,23.87,0.0,1.34,0.0,0.09999999999997869,0.7000000000000324,0.68,0.6166212130956382,-0.7872599821916922,0.0
2019-05-25,0.0,29.8,23.74,0.5,1.72,0.0,0.09999999999997869,1.2000000000000324,0.3799999999999999,0.6029878670694714,-0.7977503570459932,0.0
2019-05-26,0.0,28.9,23.74,0.1,1.94,0.0,0.09999999999997869,1.3000000000000325,0.21999999999999997,0.5891760872322963,-0.8080046647350754,0.0
2019-05-27,0.0,29.0,23.72,0.1,2.25,0.0,0.09999999999997869,1.4000000000000323,0.31000000000000005,0.5751899607119775,-0.8180198708443174,0.0
2019-05-28,0.0,29.4,23.56,0.0,2.47,0.0,0.0,0.9000000000000323,0.2200000000000002,0.5610336262283677,-0.8277930117131022,0.0
2019-05-29,0.0,29.2,23.51,0.0,2.6,0.0,0.0,0.9000000000000323,0.1299999999999999,0.5467112728685939,-0.8373211953118121,0.0
2019-05-30,0.0,28.7,23.5,0.3,2.72,0.0,0.0,1.0000000000000324,0.1200000000000001,0.5322271388474397,-0.8466016020976267,0.0
2019-05-31,0.0,29.0,23.47,0.3,2.85,0.0,0.0,1.3000000000000325,0.1299999999999999,0.5175855102531889,-0.8556314858488706,0.0
2019-06-01,0.1,28.8,23.4,0.6,3.03,0.1,0.09999999999997869,1.4000000000000323,0.17999999999999972,0.5027907197793043,-0.8644081744776648,0.0
2019-06-02,0.0,28.6,23.51,0.0,3.09,0.1,0.09999999999997869,1.3000000000000322,0.06000000000000005,0.4878471454423119,-0.8729290708206411,0.0
2019-06-03,0.0,27.4,23.55,1.7,3.35,0.1,0.09999999999997869,2.9000000000000323,0.26000000000000023,0.47275920928627757,-0.881191653407483,0.0
2019-06-04,0.8,27.8,23.81,3.6,3.79,0.8,0.8999999999999787,6.500000000000032,0.43999999999999995,0.4575313760742512,-0.8891934772070711,0.0
2019-06-05,1.5,29.0,24.27,1.3,3.94,2.3,2.3999999999999786,7.800000000000033,0.1499999999999999,0.44216815196707204,-0.8969321743510065,0.0
2019-06-06,0.6,28.9,24.97,2.3,3.81,2.9,2.9999999999999787,9.800000000000033,-0.1299999999999999,0.42667408318992467,-0.9044054548343001,0.0
2019-06-07,1.7,28.6,25.93,0.2,3.91,3.8,4.699999999999978,9.700000000000031,0.10000000000000009,0.4110537546870351,-0.9116111071930239,0.0
2019-06-08,1.4,27.8,31.17,0.6,4.28,3.6999999999999997,5.999999999999979,9.700000000000033,0.3700000000000001,0.3953117887649151,-0.9185469991587165,0.0
2019-06-09,8.5,27.4,31.68,12.1,6.19,11.6,14.499999999999979,21.800000000000033,1.9100000000000001,0.37945284372454435,-0.925211078289358,0.0
2019-06-10,8.5,27.4,30.56,14.8,7.24,18.4,22.99999999999998,34.900000000000034,1.0499999999999998,0.36348161248290634,-0.9316013725767187,0.0
2019-06-11,2.7,26.0,29.98,10.6,7.75,19.7,24.899999999999977,41.900000000000034,0.5099999999999998,0.3474028211842774,-0.9377159910299093,0.0
2019-06-12,8.8,24.7,30.28,31.6,9.52,20.0,32.199999999999974,72.20000000000005,1.7699999999999996,0.3312212278016865,-0.9435531242349544,0.0
2019-06-13,6.8,25.1,35.5,26.3,11.33,18.3,38.39999999999998,96.20000000000005,1.8100000000000005,0.31494162072895193,-0.9491110448902284,0.0
2019-06-14,4.5,24.7,36.54,12.3,10.78,20.1,41.199999999999974,108.30000000000004,-0.5500000000000007,0.2985688173637202,-0.9543881083175908,0.0
2019-06-15,2.3,25.1,35.76,13.6,9.4,13.6,42.09999999999998,121.30000000000003,-1.379999999999999,0.2821076626819194,-0.9593827529490743,0.0
2019-06-16,1.3,25.7,34.51,10.6,7.93,8.1,34.89999999999998,119.80000000000004,-1.4700000000000006,0.26556302780405594,-0.9640935007889755,0.0
2019-06-17,0.3,25.4,32.66,11.1,6.69,3.9,26.699999999999978,116.10000000000004,-1.2399999999999993,0.24893980855376657,-0.9685189578512204,0.0
2019-06-18,1.0,25.2,31.25,9.7,6.13,2.6,24.99999999999998,115.20000000000003,-0.5600000000000005,0.23224292400907015,-0.9726578145718654,0.0
2019-06-19,3.5,25.3,30.78,19.3,6.13,4.8,19.699999999999978,102.90000000000003,0.0,0.21547731504673012,-0.976508846196619,0.0
2019-06-20,5.7,25.2,30.91,20.6,6.46,10.2,18.59999999999998,97.20000000000005,0.33000000000000007,0.19864794288017112,-0.9800709131432666,0.0
2019-06-21,1.1,25.6,30.01,9.4,6.66,10.3,15.199999999999978,94.30000000000003,0.20000000000000018,0.18175978759137534,-0.9833429613388902,0.0
2019-06-22,5.9,25.1,30.48,13.0,7.22,12.700000000000001,18.79999999999998,93.70000000000003,0.5599999999999996,0.16481784665719793,-0.9863240225317866,0.0
2019-06-23,14.1,24.4,36.5,19.6,16.1,21.1,31.59999999999998,102.70000000000005,8.880000000000003,0.14782713347053048,-0.9890132145779883,0.0
2019-06-24,8.3,24.1,42.95,18.0,17.71,28.299999999999997,39.59999999999998,109.60000000000002,1.6099999999999994,0.13079267585675922,-0.9914097417023038,0.0
2019-06-25,1.6,25.0,41.91,13.3,14.6,24.0,40.19999999999998,113.20000000000005,-3.110000000000001,0.11371951458594969,-0.9935128947338007,0.0
2019-06-26,5.0,24.9,41.71,18.2,15.52,14.9,41.699999999999974,112.10000000000002,0.9199999999999999,0.0966127018812031,-0.9953220513156602,0.0
2019-06-27,13.1,24.3,42.49,42.6,32.88,19.7,49.09999999999997,134.10000000000002,17.360000000000003,0.07947729992362097,-0.9968366760893436,0.0
2019-06-28,25.6,23.4,45.18,96.5,154.96,43.7,73.59999999999998,221.20000000000005,122.08000000000001,0.062318379354325076,-0.998056320853012,0.0
2019-06-29,40.2,22.7,50.71,84.6,226.51,78.9,107.89999999999998,292.8,71.54999999999998,0.04514101777397193,-0.9989806246941579,0.0
2019-06-30,9.4,22.7,50.44,53.5,213.78,75.20000000000002,103.19999999999999,326.70000000000005,-12.72999999999999,0.02795029824021032,-0.999609314096404,0.0
2019-07-01,5.4,23.7,48.84,33.1,177.65,55.0,100.29999999999998,341.80000000000007,-36.129999999999995,0.01075130776352193,-0.9999422030204416,0.0
2019-07-02,3.1,23.9,48.02,27.7,134.52,17.900000000000002,101.79999999999998,356.20000000000005,-43.129999999999995,-0.00645086419810515,-0.9999791929590823,0.0
2019-07-03,6.4,23.8,47.77,41.7,106.4,14.9,103.19999999999997,379.7,-28.120000000000005,-0.023651127245231586,-0.9997202729664083,0.0
2019-07-04,12.3,24.0,48.17,54.8,106.65,21.8,102.39999999999998,391.90000000000003,0.25,-0.04084439154329611,-0.9991655196610109,0.0
2019-07-05,9.7,23.8,48.38,61.9,157.49,28.4,86.49999999999999,357.3,50.84,-0.05802556932878035,-0.9983150972033183,0.0
2019-07-06,15.5,23.4,49.57,68.3,251.35,37.5,61.79999999999998,341.00000000000006,93.85999999999999,-0.07518957641475855,-0.9971692572470178,0.0
2019-07-07,16.4,23.2,50.82,82.3,356.27,41.599999999999994,68.79999999999998,369.8,104.91999999999999,-0.09233133369539122,-0.9957283388645872,0.0
2019-07-08,10.7,23.9,50.17,67.0,449.82,42.599999999999994,74.09999999999997,403.70000000000005,93.55000000000001,-0.10944576864891556,-0.993992768446958,0.0
2019-07-09,11.4,23.5,50.67,71.5,542.25,38.5,82.39999999999998,447.50000000000006,92.43,-0.12652781683868314,-0.9919630595773397,0.0
2019-07-10,14.0,23.3,50.63,73.2,612.76,36.1,89.99999999999997,479.00000000000006,70.50999999999999,-0.1435724234118113,-0.9896398128792412,0.0
2019-07-11,29.9,22.5,51.33,81.3,601.56,55.3,107.59999999999997,505.50000000000006,-11.200000000000045,-0.16057454459499376,-0.9870237158387383,0.0
2019-07-12,3.3,23.3,50.01,21.7,527.45,47.2,101.19999999999997,465.3,-74.1099999999999,-0.17752914918703497,-0.984115542601034,0.0
2019-07-13,5.0,24.1,49.25,20.4,388.94,38.2,90.69999999999997,417.4,-138.51000000000005,-0.19443122004766195,-0.9809161537413774,0.0
2019-07-14,3.8,24.2,48.44,24.9,281.49,12.100000000000003,78.09999999999998,360.00000000000006,-107.44999999999999,-0.2112757555821793,-0.9774264960104055,0.0
2019-07-15,3.9,24.0,48.07,25.5,223.39,12.700000000000005,71.29999999999997,318.50000000000006,-58.10000000000002,-0.2280577712215198,-0.9736476020539838,0.0
2019-07-16,6.0,24.0,47.3,23.3,175.2,13.700000000000003,65.89999999999998,270.30000000000007,-48.19,-0.24477230089725957,-0.9695805901076308,0.0
2019-07-17,5.5,24.1,46.43,14.1,144.55,15.400000000000002,57.39999999999998,211.20000000000002,-30.649999999999977,-0.2614143985111562,-0.965226663665613,0.0
2019-07-18,7.6,24.4,45.7,16.5,122.31,19.100000000000005,35.09999999999998,146.40000000000003,-22.24000000000001,-0.2779791393987801,-0.9605871111248129,0.0
2019-07-19,7.4,24.2,45.51,14.4,122.31,20.500000000000004,39.199999999999974,139.10000000000002,0.0,-0.2944616217868012,-0.9556633054034704,0.0
2019-07-20,22.0,24.3,49.22,22.3,120.06,37.0,56.199999999999974,141.00000000000003,-2.25,-0.3108569682435036,-0.9504567035349151,0.0
2019-07-21,11.4,24.4,50.21,24.7,125.18,40.800000000000004,63.79999999999998,140.80000000000004,5.1200000000000045,-0.3271603271220951,-0.9449688462364056,0.0
2019-07-22,6.4,24.5,49.32,36.8,138.32,39.800000000000004,66.29999999999998,152.10000000000002,13.139999999999986,-0.34336687399638804,-0.939201357453208,0.0
2019-07-23,6.6,23.7,49.16,48.5,201.77,24.400000000000006,66.89999999999998,177.3,63.45000000000002,-0.3594718130884232,-0.9331559438780432,0.0
2019-07-24,8.2,23.2,50.0,57.8,284.76,21.200000000000003,69.59999999999998,221.0,82.98999999999998,-0.3754703786876202,-0.9268343944460494,0.0
2019-07-25,6.9,23.4,49.43,25.6,313.05,21.700000000000003,68.89999999999998,230.10000000000002,28.29000000000002,-0.3913578365610259,-0.9202385798054075,0.0
2019-07-26,37.4,22.4,51.04,76.4,371.39,52.5,98.89999999999998,292.1,58.339999999999975,-0.4071294853542516,-0.9133704517637858,0.0
2019-07-27,20.8,22.2,51.26,76.3,446.71,65.1,97.69999999999997,346.1,75.32,-0.4227806579826773,-0.9062320427107697,0.0
2019-07-28,6.8,22.8,50.43,32.4,425.58,65.0,93.09999999999998,353.8,-21.129999999999995,-0.4383067230125192,-0.898825465016444,0.0
2019-07-29,14.5,22.4,50.63,73.0,415.87,42.1,101.19999999999999,390.0,-9.70999999999998,-0.45370308603134424,-0.8911529104063088,0.0
2019-07-30,29.1,22.2,51.32,89.9,479.84,50.400000000000006,123.69999999999999,431.4,63.96999999999997,-0.46896519100763184,-0.8832166493127127,0.0
2019-07-31,13.0,23.2,51.13,63.2,544.76,56.60000000000001,128.5,436.80000000000007,64.92000000000002,-0.48408852163897587,-0.8750190302029955,0.0
2019-08-01,21.3,22.7,51.24,63.3,589.2,63.400000000000006,142.89999999999998,474.5,44.440000000000055,-0.4990686026885319,-0.8665624788845385,1.0
2019-08-02,30.5,22.5,51.22,80.8,665.81,64.8,136.0,478.90000000000003,76.6099999999999,-0.5139010013093103,-0.8578494977869301,1.0
2019-08-03,62.8,22.3,51.08,118.7,821.24,114.6,178.0,521.3000000000001,155.43000000000006,-0.5285813283559292,-0.8488826652214553,1.0
2019-08-04,99.1,22.5,51.06,220.2,1249.26,192.39999999999998,270.29999999999995,709.1,428.02,-0.5431052396834317,-0.8396646346181327,1.0
2019-08-05,55.3,22.7,51.03,195.1,1806.17,217.2,311.09999999999997,831.2,556.9100000000001,-0.5574684374327892,-0.8301981337405212,1.0
2019-08-06,32.5,22.9,51.44,138.5,1930.97,186.89999999999998,314.5,879.8,124.79999999999995,-0.5716666713027052,-0.8204859638785327,1.0
2019-08-07,32.5,22.8,51.28,111.5,1852.53,120.3,334.0,928.0999999999999,-78.44000000000005,-0.5856957398073508,-0.8105309990194823,1.0
2019-08-08,16.3,22.7,51.4,124.3,1736.8,81.3,329.0,989.1,-115.73000000000002,-0.5995514915196489,-0.8003361849976323,1.0
2019-08-09,19.5,22.8,51.41,139.8,1609.65,68.3,318.0,1048.1000000000001,-127.14999999999986,-0.6132298262997502,-0.7899045386224707,1.0
2019-08-10,14.6,22.7,51.35,72.5,1457.81,50.4,269.79999999999995,1001.9000000000001,-151.84000000000015,-0.6267266965083301,-0.7792391467859886,1.0
2019-08-11,9.1,23.1,50.85,51.9,1198.5,43.199999999999996,179.79999999999998,833.6,-259.30999999999995,-0.6400381082043503,-0.7683431655492202,0.0
2019-08-12,4.0,23.4,49.92,28.3,896.43,27.7,128.5,666.8000000000001,-302.07000000000005,-0.65316012232693,-0.7572198192083127,0.0
2019-08-13,2.7,23.5,49.09,26.8,619.87,15.8,98.69999999999999,555.1000000000001,-276.55999999999995,-0.666088855860977,-0.7458723993404063,0.0
2019-08-14,4.4,23.6,48.47,35.0,432.51,11.100000000000001,70.59999999999998,478.6000000000001,-187.36,-0.6788204829862355,-0.734304263829602,0.0
2019-08-15,2.6,23.5,48.29,31.9,328.61,9.700000000000001,56.89999999999999,386.20000000000005,-103.89999999999998,-0.6913512362094071,-0.722518835873311,0.0
2019-08-16,1.2,23.7,47.49,35.7,271.27,8.200000000000001,38.59999999999999,282.1000000000001,-57.34000000000003,-0.7036774074790128,-0.7105196029692745,0.0
2019-08-17,1.2,23.8,46.79,21.0,219.8,5.0,25.19999999999999,230.60000000000005,-51.46999999999997,-0.7157953492826642,-0.6983101158835584,0.0
2019-08-18,0.8,23.7,46.0,10.4,157.12,3.2,16.899999999999988,189.10000000000005,-62.68000000000001,-0.7277014757264236,-0.6858939875998223,0.0
2019-08-19,1.4,24.1,45.74,6.9,124.89,3.3999999999999995,14.299999999999986,167.70000000000007,-32.230000000000004,-0.7393922635959241,-0.673274892250183,0.0
2019-08-20,1.8,24.2,44.78,6.0,94.94,4.0,13.399999999999988,146.90000000000006,-29.950000000000003,-0.7508642533989489,-0.6604565640279754,0.0
2019-08-21,0.5,24.0,43.55,12.7,68.18,3.7,9.499999999999986,124.60000000000005,-26.75999999999999,-0.7621140503891487,-0.6474427960827475,0.0
2019-08-22,1.5,23.7,42.98,11.8,51.24,3.8,8.399999999999984,104.50000000000006,-16.940000000000005,-0.7731383255706026,-0.6342374393978054,0.0
2019-08-23,4.0,23.2,43.86,19.4,49.47,6.0,11.199999999999985,88.20000000000006,-1.7700000000000031,-0.7839338166829201,-0.620844401650647,0.0
2019-08-24,1.7,23.4,43.52,14.3,77.16,7.2,11.699999999999987,81.50000000000006,27.689999999999998,-0.7944973291665992,-0.6072676460566135,0.0
2019-08-25,0.4,23.5,42.11,11.9,82.95,6.1,11.299999999999986,83.00000000000006,5.790000000000006,-0.8048257371083452,-0.593511190196115,0.0
2019-08-26,0.2,23.5,41.04,7.9,64.16,2.3,10.099999999999985,84.00000000000006,-18.790000000000006,-0.8149159841660791,-0.5795791048257612,0.0
2019-08-27,0.4,23.6,39.85,11.3,51.97,1.0,8.699999999999987,89.30000000000005,-12.189999999999998,-0.8247650844733614,-0.5654755126737576,0.0
2019-08-28,1.4,24.0,39.12,10.7,45.13,2.0,9.599999999999985,87.30000000000005,-6.839999999999996,-0.8343701235229538,-0.5512045872199277,0.0
2019-08-29,2.2,24.2,38.27,17.2,41.17,4.0,10.299999999999986,92.70000000000005,-3.960000000000001,-0.8437282590292712,-0.5367705514607103,0.0
2019-08-30,1.8,24.0,37.57,23.3,43.67,5.4,8.099999999999985,96.60000000000007,2.5,-0.8528367217694595,-0.522177676659508,0.0
2019-08-31,3.2,23.7,37.88,20.6,53.95,7.2,9.599999999999985,102.90000000000006,10.280000000000001,-0.8616928164028522,-0.5074302810827518,0.0
2019-09-01,6.9,23.0,39.3,43.9,92.97,11.9,16.099999999999987,134.90000000000006,39.019999999999996,-0.8702939222685674,-0.49253272872205434,0.0
2019-09-02,8.4,22.7,40.93,53.8,177.65,18.5,24.299999999999986,180.80000000000007,84.68,-0.8786374941610001,-0.4774894280028391,0.0
2019-09-03,24.8,22.6,43.78,65.9,270.64,40.1,48.69999999999999,235.40000000000003,92.98999999999998,-0.886721063082993,-0.46230483047981086,0.0
2019-09-04,55.4,22.5,50.76,118.0,466.74,88.6,102.69999999999999,342.70000000000005,196.10000000000002,-0.8945422369764496,-0.4469834295196741,0.0
2019-09-05,41.9,22.5,51.39,127.3,769.9,122.1,142.39999999999998,452.80000000000007,303.15999999999997,-0.9020987014301837,-0.43152975897147144,0.0
2019-09-06,42.7,22.8,51.43,100.0,967.28,140.0,183.29999999999998,529.5,197.38,-0.9093882203647925,-0.4159483918249421,0.0
2019-09-07,45.6,22.8,51.34,109.6,1082.93,130.2,225.7,618.5,115.65000000000009,-0.9164086366943458,-0.4002439388573056,0.0
2019-09-08,8.3,23.2,50.09,75.5,1090.44,96.60000000000001,227.1,650.1,7.509999999999991,-0.9231578729647039,-0.38442104726885545,0.0
2019-09-09,5.6,23.6,49.07,52.0,904.73,59.5,224.29999999999998,648.3000000000001,-185.71000000000004,-0.9296339319682695,-0.3684843993077793,0.0
2019-09-10,5.2,23.6,48.51,38.4,673.53,19.1,204.7,620.8,-231.20000000000005,-0.9358348973349941,-0.35243871088460327,0.0
2019-09-11,2.3,23.7,47.65,18.3,483.17,13.1,151.6,521.1,-190.35999999999996,-0.9417589340994617,-0.33628873017668287,0.0
2019-09-12,1.2,23.0,46.6,17.6,343.35,8.7,110.89999999999998,411.40000000000003,-139.82,-0.9474042892438845,-0.32003923622313857,0.0
2019-09-13,3.5,23.5,46.28,26.2,249.03,7.0,71.69999999999999,337.6,-94.32000000000002,-0.9527692922168511,-0.30369503751065885,0.0
2019-09-14,2.2,23.8,45.35,20.4,173.58,6.9,28.299999999999986,248.40000000000006,-75.44999999999999,-0.9578523554276669,-0.28726097055059635,0.0
2019-09-15,1.3,23.8,44.3,17.2,132.35,7.0,21.299999999999986,190.10000000000005,-41.23000000000002,-0.9626519747161487,-0.2707418984477642,0.0
2019-09-16,2.2,23.6,43.82,11.0,97.86,5.7,17.899999999999984,149.10000000000005,-34.489999999999995,-0.9671667297977312,-0.2541427094613622,0.0
2019-09-17,1.7,23.9,43.14,10.0,73.99,5.2,14.399999999999986,120.70000000000005,-23.870000000000005,-0.97139528468375,-0.23746831555846842,0.0
2019-09-18,18.6,23.3,45.39,17.9,63.57,22.5,30.69999999999999,120.30000000000005,-10.419999999999995,-0.9753363880767837,-0.2207236509605022,0.0
2019-09-19,24.1,22.8,50.74,20.1,151.76,44.400000000000006,53.599999999999994,122.80000000000005,88.19,-0.9789888737409319,-0.20391367068311472,0.0
2019-09-20,0.1,23.8,48.71,7.8,284.76,42.8,50.19999999999999,104.40000000000005,133.0,-0.9823516608469237,-0.18704334906991657,0.0
2019-09-21,1.5,23.8,47.14,4.3,238.88,25.700000000000003,49.499999999999986,88.30000000000007,-45.879999999999995,-0.9854237542919524,-0.17011767832049052,0.0
2019-09-22,1.6,24.3,45.64,5.2,150.71,3.2,49.79999999999999,76.30000000000005,-88.16999999999999,-0.9882042449941422,-0.15314166701312007,0.0
2019-09-23,0.2,24.5,43.81,3.1,99.46,3.3000000000000003,47.79999999999999,68.40000000000006,-51.250000000000014,-0.9906923101615609,-0.13612033862266704,0.0
2019-09-24,32.6,23.6,46.49,62.4,88.33,34.4,78.69999999999999,120.80000000000007,-11.129999999999995,-0.9928872135356962,-0.11905873003404988,0.0
2019-09-25,15.9,24.0,50.72,12.4,152.11,48.699999999999996,75.99999999999999,115.30000000000005,63.780000000000015,-0.994788305609327,-0.10196189005174576,0.0
2019-09-26,13.3,23.3,50.54,18.7,154.6,61.800000000000004,65.19999999999999,113.90000000000006,2.4899999999999807,-0.9963950238187231,-0.08483487790576538,0.0
2019-09-27,1.5,23.6,49.54,4.8,138.0,30.700000000000003,66.59999999999998,110.90000000000006,-16.599999999999994,-0.9977068927101168,-0.06768276175455162,0.0
2019-09-28,1.6,23.5,48.07,2.6,108.65,16.400000000000002,66.69999999999999,109.20000000000006,-29.349999999999994,-0.9987235240803972,-0.050510617185222886,0.0
2019-09-29,0.6,24.1,46.23,1.3,72.96,3.7,65.69999999999999,105.30000000000007,-35.69000000000001,-0.9994446170919858,-0.033323525711631344,0.0
2019-09-30,0.2,24.3,44.26,1.0,46.97,2.4,65.69999999999999,103.20000000000006,-25.989999999999995,-0.9998699583618592,-0.016126573270657762,0.0
2019-10-01,2.2,23.9,42.98,3.8,30.26,3.0,35.29999999999999,44.60000000000006,-16.709999999999997,-0.9999994220246925,0.001075151282798226,0.0
2019-10-02,0.1,24.7,41.28,0.5,23.32,2.5,19.49999999999999,32.70000000000006,-6.940000000000001,-0.999832969770105,0.018276557681691223,0.0
2019-10-03,6.4,24.9,42.02,5.3,22.66,8.700000000000001,12.599999999999987,19.300000000000058,-0.6600000000000001,-0.9993706508539969,0.03547255575312556,0.0
2019-10-04,4.4,23.8,44.54,3.0,22.44,10.900000000000002,15.499999999999986,17.500000000000057,-0.21999999999999886,-0.9986126020839734,0.052658056924614005,0.0
2019-10-05,8.9,24.1,44.18,9.5,25.92,19.700000000000003,22.79999999999999,24.400000000000055,3.4800000000000004,-0.9975590477788613,0.06982797572987089,0.0
2019-10-06,4.2,24.2,44.92,12.2,29.34,17.5,26.399999999999988,35.300000000000054,3.419999999999998,-0.9962102997023297,0.0869772313136861,0.0
2019-10-07,5.9,23.6,46.67,10.2,32.19,19.0,32.09999999999999,44.50000000000006,2.849999999999998,-0.9945667569706337,0.1041007489354256,0.0
2019-10-08,10.3,23.9,46.62,7.8,31.36,20.4,40.19999999999999,48.50000000000006,-0.8299999999999983,-0.9926289059345095,0.121193461470736,0.0
2019-10-09,7.4,23.9,47.97,13.1,54.34,23.6,47.499999999999986,61.10000000000006,22.980000000000004,-0.9903973200352558,0.1382503109109819,0.0
2019-10-10,9.7,23.7,48.26,11.7,84.51,27.4,50.79999999999999,67.50000000000006,30.17,-0.9878726596350429,0.15526624985999563,0.0
2019-10-11,3.6,23.7,46.94,5.6,91.04,20.7,49.99999999999999,70.10000000000005,6.530000000000001,-0.9850556718215013,0.172236243027682,0.0
2019-10-12,1.8,24.0,45.78,6.5,79.91,15.099999999999998,42.89999999999999,67.10000000000005,-11.13000000000001,-0.981947190186646,0.18915526872004093,0.0
2019-10-13,7.4,24.5,46.16,5.7,59.39,12.799999999999999,46.09999999999999,60.60000000000006,-20.519999999999996,-0.9785481345802031,0.20601832032517084,0.0
2019-10-14,2.6,25.0,45.54,4.4,45.67,11.799999999999999,42.79999999999999,54.80000000000006,-13.719999999999999,-0.9748595108374125,0.22282040779479959,0.0
2019-10-15,1.8,25.1,44.5,4.8,35.98,11.799999999999999,34.29999999999998,51.800000000000054,-9.690000000000005,-0.9708824104813836,0.23955655912092708,0.0
2019-10-16,2.1,24.4,42.21,6.6,26.67,6.499999999999998,28.999999999999986,45.30000000000006,-9.309999999999995,-0.9666180104000972,0.2562218218071163,0.0
2019-10-17,4.2,24.5,40.97,6.6,26.23,8.099999999999998,23.499999999999986,40.20000000000006,-0.4400000000000013,-0.9620675724981452,0.27281126433401914,0.0
2019-10-18,15.2,23.1,44.52,17.8,35.39,21.499999999999996,35.09999999999999,52.40000000000006,9.16,-0.957232443323312,0.28931997761869527,0.0
2019-10-19,24.3,22.5,50.77,26.8,70.94,43.699999999999996,57.599999999999994,72.70000000000006,35.55,-0.9521140536681102,0.3057430764672831,0.0
2019-10-20,26.4,22.3,51.08,13.8,255.45,65.9,76.59999999999998,80.80000000000005,184.51,-0.9467139181463862,0.3220757010206104,0.0
2019-10-21,17.9,22.6,50.74,11.2,511.86,68.6,91.89999999999999,87.60000000000007,256.41,-0.9410336347451197,0.3383130181923076,0.0
2019-10-22,18.2,22.7,50.6,13.1,561.34,62.5,108.29999999999998,95.90000000000006,49.48000000000002,-0.9350748843515574,0.3544502230989869,0.0
2019-10-23,8.1,22.4,50.89,18.6,460.32,44.19999999999999,114.29999999999998,107.90000000000006,-101.02000000000004,-0.9288394302558068,0.3704825404820963,0.0
2019-10-24,43.5,22.3,51.08,85.0,445.68,69.8,153.59999999999997,186.30000000000007,-14.639999999999986,-0.9223291176290545,0.3864052261209853,0.0
2019-10-25,14.4,22.4,50.71,28.1,508.33,66.0,152.79999999999998,196.60000000000005,62.64999999999998,-0.9155458729775467,0.40221356823680365,0.0
2019-10-26,20.0,22.7,50.04,47.4,479.84,77.9,148.49999999999997,217.20000000000007,-28.49000000000001,-0.9084917035725082,0.41790288888678667,0.0
2019-10-27,2.3,23.1,47.99,3.5,338.63,36.699999999999996,124.39999999999999,206.90000000000006,-141.20999999999998,-0.9011686968561569,0.4334685453485363,0.0
2019-10-28,0.9,23.9,45.75,1.1,203.17,23.2,107.39999999999998,196.80000000000007,-135.46,-0.8935790198239952,0.4489059314938798,0.0
2019-10-29,1.1,24.2,44.4,0.2,143.88,4.3,90.3,183.90000000000006,-59.28999999999999,-0.8857249183835637,0.4642104791518923,0.0
2019-10-30,4.5,24.0,43.24,1.5,98.31,6.5,86.69999999999999,166.80000000000007,-45.56999999999999,-0.8776087166898392,0.4793776594606945,0.0
2019-10-31,3.0,23.5,42.62,0.3,74.34,8.6,46.19999999999998,82.10000000000005,-23.97,-0.8692328164574792,0.49440298420761813,0.0
2019-11-01,1.4,23.2,42.26,2.7,59.95,8.9,33.19999999999999,56.70000000000005,-14.39,-0.8605996962501181,0.5092820071573356,0.0
2019-11-02,0.2,22.8,42.58,2.4,43.16,4.6,13.399999999999986,11.700000000000056,-16.790000000000006,-0.8517119107469189,0.5240103253675756,0.0
2019-11-03,1.8,23.6,41.58,1.8,28.92,3.4,12.899999999999986,10.000000000000057,-14.239999999999995,-0.8425720899866032,0.5385835804920232,0.0
2019-11-04,1.4,24.1,40.46,0.6,20.53,3.4,13.399999999999986,9.500000000000057,-8.39,-0.8331829385891785,0.5529974600700271,0.0
2019-11-05,3.6,24.5,39.53,2.5,17.54,6.8,15.899999999999986,11.800000000000056,-2.990000000000002,-0.8235472349556007,0.5672476988027229,0.0
2019-11-06,6.1,24.1,39.41,2.8,31.36,11.1,17.499999999999986,13.100000000000056,13.82,-0.8136678304455991,0.5813300798152042,0.0
2019-11-07,0.2,23.4,38.66,1.9,47.64,9.899999999999999,14.699999999999983,14.700000000000056,16.28,-0.8035476485339116,0.5952404359043674,0.0
2019-11-08,0.0,23.0,37.67,0.2,42.25,6.3,13.299999999999985,12.200000000000056,-5.390000000000001,-0.7931896839451843,0.6089746507720486,0.0
2019-11-09,0.0,22.9,36.62,0.0,30.62,0.2,13.099999999999984,9.800000000000058,-11.629999999999999,-0.7825970017677834,0.6225286602431057,0.0
2019-11-10,0.0,23.3,36.11,0.0,20.83,0.0,11.299999999999985,8.000000000000057,-9.790000000000003,-0.7717727365467836,0.6358984534680745,0.0
2019-11-11,0.0,23.8,34.77,0.2,15.67,0.0,9.899999999999984,7.6000000000000565,-5.159999999999998,-0.7607200913564104,0.6490800741100398,0.0
2019-11-12,0.0,23.8,33.55,0.0,14.03,0.0,6.299999999999986,5.1000000000000565,-1.6400000000000006,-0.7494423368521954,0.6620696215153815,0.0
2019-11-13,0.0,23.5,32.65,0.0,13.49,0.0,0.1999999999999858,2.3000000000000567,-0.5399999999999991,-0.7379428103031386,0.6748632518680403,0.0
2019-11-14,0.3,22.7,31.78,0.0,13.19,0.3,0.2999999999999858,0.40000000000005687,-0.3000000000000007,-0.7262249146041543,0.6874571793269664,0.0
2019-11-15,0.3,24.1,31.15,0.1,12.18,0.6,0.5999999999999858,0.3000000000000569,-1.0099999999999998,-0.7142921172691032,0.699847677146407,0.0
2019-11-16,1.1,24.5,30.21,1.3,11.02,1.7000000000000002,1.699999999999986,1.600000000000057,-1.1600000000000001,-0.7021479494046978,0.7120310787787131,0.0
2019-11-17,0.3,25.1,29.51,1.6,10.61,1.7000000000000002,1.999999999999986,3.200000000000057,-0.41000000000000014,-0.6897960046655887,0.7240037789593305,0.0
2019-11-18,0.0,24.4,28.73,0.0,10.43,1.4000000000000004,1.999999999999986,3.000000000000057,-0.17999999999999972,-0.6772399381909491,0.7357622347736527,0.0
2019-11-19,0.2,24.6,28.07,0.2,10.3,0.5000000000000002,2.199999999999986,3.200000000000057,-0.129999999999999,-0.6644834655228552,0.7473029667054296,0.0
2019-11-20,1.4,24.9,27.81,1.0,10.22,1.6,3.599999999999986,4.200000000000057,-0.08000000000000007,-0.6515303615068021,0.75862255966641,0.0
2019-11-21,0.2,25.0,27.78,0.1,10.17,1.8,3.4999999999999862,4.300000000000057,-0.05000000000000071,-0.6383844591746642,0.7697176640069211,0.0
2019-11-22,0.0,24.2,27.76,0.0,10.09,1.6,3.199999999999986,4.200000000000057,-0.08000000000000007,-0.6250496486104377,0.7805849965070866,0.0
2019-11-23,0.0,23.5,27.37,0.0,10.02,0.20000000000000023,2.099999999999986,2.9000000000000568,-0.07000000000000028,-0.6115298757991053,0.7912213413483807,0.0
2019-11-24,0.0,23.6,26.69,0.0,9.91,0.0,1.7999999999999856,1.3000000000000569,-0.10999999999999943,-0.5978291414589552,0.801623551065242,0.0
2019-11-25,0.0,23.4,26.43,0.0,9.86,0.0,1.7999999999999856,1.3000000000000569,-0.05000000000000071,-0.5839514998576998,0.8117885474764613,0.0
2019-11-26,0.0,24.0,26.45,0.0,9.81,0.0,1.5999999999999857,1.100000000000057,-0.049999999999998934,-0.5699010576127624,0.8217133225960589,0.0
2019-11-27,0.0,23.8,26.91,0.0,9.76,0.0,0.1999999999999858,0.10000000000005685,-0.05000000000000071,-0.5556819724760489,0.8313949395234058,0.0
2019-11-28,0.8,24.4,27.34,0.8,9.72,0.8000000000000003,0.7999999999999858,0.8000000000000569,-0.03999999999999915,-0.5412984521036173,0.8408305333122887,0.0
2019-11-29,0.1,24.7,27.45,2.2,9.67,0.9000000000000002,0.8999999999999858,3.000000000000057,-0.05000000000000071,-0.5267547528105542,0.8500173118187018,0.0
2019-11-30,0.2,25.0,27.19,0.0,9.62,1.1000000000000003,1.0999999999999859,3.000000000000057,-0.05000000000000071,-0.5120551783114646,0.8589525565270845,0.0
2019-12-01,0.3,24.6,27.29,0.2,9.57,0.6000000000000002,1.3999999999999857,3.200000000000057,-0.049999999999998934,-0.4972040784469378,0.8676336233547726,0.0
2019-12-02,1.7,23.4,27.26,1.2,9.54,2.2,3.099999999999986,4.400000000000057,-0.030000000000001137,-0.4822058478963526,0.8760579434344281,0.0
2019-12-03,4.1,21.8,28.42,2.4,9.64,6.1,7.199999999999985,6.800000000000057,0.10000000000000142,-0.46706492487743034,0.8842230238742036,0.0
2019-12-04,0.1,23.5,28.51,0.0,9.67,5.8999999999999995,7.299999999999985,6.800000000000057,0.02999999999999936,-0.451785789832884,0.8921264484954345,0.0
2019-12-05,0.0,24.1,28.25,0.0,9.62,4.199999999999999,6.499999999999985,6.000000000000057,-0.05000000000000071,-0.4363729641045924,0.8997658785476209,0.0
2019-12-06,0.0,23.8,27.89,0.0,9.52,0.1,6.399999999999984,3.8000000000000567,-0.09999999999999964,-0.42083100859565564,0.9071390534005044,0.0
2019-12-07,0.0,22.9,27.54,0.0,9.45,0.0,6.199999999999985,3.8000000000000567,-0.07000000000000028,-0.4051645224207563,0.9142437912130223,0.0
2019-12-08,0.0,23.1,27.38,0.0,9.4,0.0,5.899999999999984,3.6000000000000565,-0.049999999999998934,-0.3893781415452015,0.9210779895789526,0.0
2019-12-09,0.0,24.0,27.04,0.0,9.38,0.0,4.199999999999985,2.4000000000000568,-0.019999999999999574,-0.37347653741307074,0.9276396261490467,0.0
2019-12-10,0.0,23.8,26.8,0.0,9.35,0.0,0.0999999999999858,0.0,-0.030000000000001137,-0.3574644155648614,0.9339267592294762,0.0
2019-12-11,0.0,23.8,26.7,0.0,9.3,0.0,0.0,0.0,-0.049999999999998934,-0.34134651424503615,0.9399375283564133,0.0
2019-12-12,0.0,23.7,26.53,0.0,9.26,0.0,0.0,0.0,-0.040000000000000924,-0.3251276029999093,0.9456701548465688,0.0
2019-12-13,0.0,23.9,26.16,0.0,9.21,0.0,0.0,0.0,-0.049999999999998934,-0.30881248126625377,0.9511229423235357,0.0
2019-12-14,0.0,23.9,25.95,0.0,9.16,0.0,0.0,0.0,-0.05000000000000071,-0.29240597695107734,0.9562942772197719,0.0
2019-12-15,0.0,23.9,25.82,0.0,9.12,0.0,0.0,0.0,-0.040000000000000924,-0.27591294500296043,0.9611826292540837,0.0
2019-12-16,0.0,23.8,25.66,0.0,9.09,0.0,0.0,0.0,-0.02999999999999936,-0.2593382659754056,0.9657865518844574,0.0
2019-12-17,0.0,23.8,25.65,0.0,9.05,0.0,0.0,0.0,-0.03999999999999915,-0.2426868445825954,0.9701046827361175,0.0
2019-12-18,0.0,23.6,26.28,0.0,9.02,0.0,0.0,0.0,-0.030000000000001137,-0.22596360824801906,0.974135744004672,0.0
2019-12-19,0.0,23.4,26.23,0.0,9.0,0.0,0.0,0.0,-0.019999999999999574,-0.20917350564635637,0.9778785428342386,0.0
2019-12-20,0.0,23.4,26.31,0.0,8.98,0.0,0.0,0.0,-0.019999999999999574,-0.19232150523909483,0.9813319716704275,0.0
2019-12-21,0.0,24.0,26.86,0.0,8.95,0.0,0.0,0.0,-0.030000000000001137,-0.17541259380427843,0.9844950085880858,0.0
2019-12-22,0.0,23.9,27.28,0.0,8.93,0.0,0.0,0.0,-0.019999999999999574,-0.15845177496083632,0.9873667175937016,0.0
2019-12-23,0.1,24.1,27.32,0.3,8.91,0.1,0.0999999999999858,0.30000000000005683,-0.019999999999999574,-0.14144406768794202,0.9899462489023779,0.0
2019-12-24,0.0,24.4,27.62,0.0,8.89,0.1,0.0999999999999858,0.30000000000005683,-0.019999999999999574,-0.12439450483979998,0.9922328391893008,0.0
2019-12-25,0.4,24.8,27.38,0.6,8.89,0.5,0.4999999999999858,0.9000000000000568,0.0,-0.10730813165636247,0.9942258118156161,0.0
2019-12-26,0.3,24.6,27.39,0.9,8.98,0.7,0.7999999999999858,1.8000000000000569,0.08999999999999986,-0.09019000427034513,0.9959245770286599,0.0
2019-12-27,0.0,25.0,27.44,0.0,9.0,0.7,0.7999999999999858,1.8000000000000569,0.019999999999999574,-0.07304518821104743,0.9973286321364752,0.0
2019-12-28,0.0,24.0,27.4,0.0,8.93,0.3,0.7999999999999858,1.8000000000000569,-0.07000000000000028,-0.05587875690537313,0.9984375616565666,0.0
2019-12-29,0.1,23.5,27.33,0.7,8.86,0.1,0.8999999999999858,2.500000000000057,-0.07000000000000028,-0.03869579017652689,0.9992510374388481,0.0
2019-12-30,0.0,23.8,27.1,0.0,8.82,0.1,0.7999999999999858,2.200000000000057,-0.03999999999999915,-0.021501372740813793,0.999768818762748,0.0
2019-12-31,0.0,21.8,26.77,0.0,8.79,0.1,0.7999999999999858,2.200000000000057,-0.030000000000001137,-0.004300592702981974,0.9999907524084426,0.0
2020-01-01,0.0,22.4,26.61,0.0,8.73,0.0,0.3999999999999858,1.600000000000057,-0.05999999999999872,0.017201575418260506,0.9998520419557735,0.0
2020-01-02,0.0,21.8,26.6,0.0,8.68,0.0,0.0999999999999858,0.7000000000000569,-0.05000000000000071,0.03439806061360801,0.9994082116062598,0.0
2020-01-03,0.0,21.1,26.35,0.0,8.66,0.0,0.0999999999999858,0.7000000000000569,-0.019999999999999574,0.051584366869408364,0.9986686402879997,0.0
2020-01-04,0.0,20.3,26.38,0.0,8.59,0.0,0.0999999999999858,0.7000000000000569,-0.07000000000000028,0.06875540848113941,0.9976335468520451,0.0
2020-01-05,0.0,21.4,26.53,0.0,8.53,0.0,0.0,0.0,-0.0600000000000005,0.08590610426133272,0.9963032375991965,0.0
2020-01-06,0.0,23.6,26.65,0.0,8.51,0.0,0.0,0.0,-0.019999999999999574,0.10303137904317879,0.9946781061893646,0.0
2020-01-07,0.0,24.3,26.58,1.1,8.44,0.0,0.0,1.100000000000057,-0.07000000000000028,0.1201261651823505,0.9927586335250793,0.0
2020-01-08,0.8,23.6,26.47,0.1,8.46,0.8,0.7999999999999858,1.200000000000057,0.02000000000000135,0.13718540405660057,0.9905453876091833,0.0
2020-01-09,0.0,22.7,26.3,0.0,8.46,0.8,0.7999999999999858,1.200000000000057,0.0,0.1542040475626894,0.988039023376751,0.0
2020-01-10,0.3,22.9,26.3,0.0,7.91,1.1,1.0999999999999859,1.200000000000057,-0.5500000000000007,0.17117705961019986,0.985240282501282,0.0
2020-01-11,0.0,24.0,26.31,0.0,7.38,0.3,1.0999999999999859,1.200000000000057,-0.5300000000000002,0.18809941761179758,0.9821499931752291,0.0
2020-01-12,0.0,22.9,26.65,0.0,7.15,0.3,1.0999999999999859,1.200000000000057,-0.22999999999999954,0.20496611396949532,0.9787690698649216,0.0
2020-01-13,0.0,22.5,26.66,0.0,7.0,0.0,1.0999999999999859,1.200000000000057,-0.15000000000000036,0.22177215755648186,0.975098513039961,0.0
2020-01-14,0.0,22.6,26.75,0.0,6.91,0.0,1.0999999999999859,0.10000000000005685,-0.08999999999999986,0.23851257519407648,0.9711394088771653,0.0
2020-01-15,0.0,22.5,26.83,0.0,6.78,0.0,0.2999999999999858,0.0,-0.1299999999999999,0.2551824131233728,0.9668929289391521,0.0
2020-01-16,0.0,20.8,26.69,0.0,6.69,0.0,0.2999999999999858,0.0,-0.08999999999999986,0.2717767384711357,0.9623603298276545,0.0
2020-01-17,0.0,20.2,26.43,0.0,6.57,0.0,0.0,0.0,-0.1200000000000001,0.2882906407095177,0.9575429528116719,0.0
2020-01-18,0.0,21.9,26.49,0.0,6.43,0.0,0.0,0.0,-0.14000000000000057,0.3047192331091634,0.9524422234305676,0.0
2020-01-19,0.0,23.7,26.28,0.0,6.31,0.0,0.0,0.0,-0.1200000000000001,0.321057654185271,0.9470596510722283,0.0
2020-01-20,0.0,24.6,26.16,0.0,6.38,0.0,0.0,0.0,0.07000000000000028,0.3373010691361842,0.9413968285264122,0.0
2020-01-21,0.0,25.2,26.08,0.0,6.41,0.0,0.0,0.0,0.03000000000000025,0.3534446712740877,0.9354554315134164,0.0
2020-01-22,0.0,24.5,25.98,0.0,6.31,0.0,0.0,0.0,-0.10000000000000053,0.3694836834473831,0.9292372181882051,0.0
2020-01-23,0.0,23.8,26.11,0.0,6.19,0.0,0.0,0.0,-0.11999999999999922,0.38541335945432564,0.9227440286201427,0.0
2020-01-24,0.0,24.2,25.84,0.0,6.11,0.0,0.0,0.0,-0.08000000000000007,0.4012289854475009,0.9159777842484877,0.0
2020-01-25,0.0,24.6,25.75,0.0,6.05,0.0,0.0,0.0,-0.0600000000000005,0.4169258813287287,0.908940487313808,0.0
2020-01-26,0.0,24.9,25.68,0.0,6.0,0.0,0.0,0.0,-0.04999999999999982,0.4324994021339788,0.901634220265486,0.0
2020-01-27,0.0,24.5,25.63,0.0,5.92,0.0,0.0,0.0,-0.08000000000000007,0.44794493940789115,0.8940611451454876,0.0
2020-01-28,0.0,22.4,25.58,0.0,5.87,0.0,0.0,0.0,-0.04999999999999982,0.4632579225674917,0.88622350294858,0.0
2020-01-29,0.0,22.2,25.53,0.0,5.84,0.0,0.0,0.0,-0.03000000000000025,0.4784338202547012,0.8781236129591848,0.0
2020-01-30,0.0,22.3,25.48,0.0,6.31,0.0,0.0,0.0,0.46999999999999975,0.49346814167723735,0.8697638720650646,0.0
2020-01-31,0.0,21.9,25.43,0.0,6.8,0.0,0.0,0.0,0.4900000000000002,0.5083564379375122,0.8611467540480452,0.0
2020-02-01,0.0,21.6,25.38,0.0,6.98,0.0,0.0,0.0,0.1800000000000006,0.5230943033491326,0.8522748088519838,0.0
2020-02-02,0.0,22.2,25.35,0.0,7.11,0.0,0.0,0.0,0.1299999999999999,0.5376773767406141,0.8431506618282,0.0
2020-02-03,0.0,23.1,25.32,0.0,7.13,0.0,0.0,0.0,0.019999999999999574,0.5521013427459208,0.8337770129585915,0.0
2020-02-04,0.0,23.7,25.27,0.0,7.11,0.0,0.0,0.0,-0.019999999999999574,0.5663619330814524,0.8241566360566663,0.0
2020-02-05,0.0,24.1,25.21,0.0,7.09,0.0,0.0,0.0,-0.020000000000000462,0.580454927809098,0.8142923779467267,0.0
2020-02-06,0.0,23.6,25.16,0.0,7.09,0.0,0.0,0.0,0.0,0.5943761565849831,0.804187157621448,0.0
2020-02-07,0.0,21.0,25.12,0.0,7.07,0.0,0.0,0.0,-0.019999999999999574,0.6081214998935418,0.7938439653781019,0.0
2020-02-08,0.0,20.6,25.08,0.0,7.09,0.0,0.0,0.0,0.019999999999999574,0.6216868902665479,0.7832658619336791,0.0
2020-02-09,0.0,23.0,25.08,0.0,7.05,0.0,0.0,0.0,-0.040000000000000036,0.6350683134867438,0.7724559775191742,0.0
2020-02-10,0.6,24.1,25.19,0.1,7.05,0.6,0.5999999999999858,0.10000000000005685,0.0,0.6482618097757122,0.7614175109532997,0.0
2020-02-11,0.0,25.1,25.13,0.0,7.04,0.6,0.5999999999999858,0.10000000000005685,-0.009999999999999787,0.6612634749656386,0.7501537286959042,0.0
2020-02-12,0.0,25.0,25.28,0.0,6.93,0.6,0.5999999999999858,0.10000000000005685,-0.11000000000000032,0.6740694616546161,0.7386679638813748,0.0
2020-02-13,0.0,25.3,25.05,0.0,6.83,0.0,0.5999999999999858,0.10000000000005685,-0.09999999999999964,0.6866759803451553,0.726963615332308,0.0
2020-02-14,0.0,25.4,24.95,0.0,6.83,0.0,0.5999999999999858,0.10000000000005685,0.0,0.6990793005655562,0.7150441465537444,0.0
2020-02-15,0.0,25.3,24.89,0.0,6.83,0.0,0.5999999999999858,0.10000000000005685,0.0,0.7112757519738152,0.7029130847082615,0.0
2020-02-16,0.0,25.9,24.85,0.0,6.69,0.0,0.5999999999999858,0.10000000000005685,-0.13999999999999968,0.7232617254437388,0.6905740195722293,0.0
2020-02-17,0.0,25.9,24.83,0.0,6.52,0.0,0.0,0.0,-0.17000000000000082,0.7350336741329413,0.6780306024735382,0.0
2020-02-18,0.0,26.5,24.8,0.0,6.48,0.0,0.0,0.0,-0.03999999999999915,0.746588114532413,0.6652865452111116,0.0
2020-02-19,0.0,26.5,24.78,0.0,6.52,0.0,0.0,0.0,0.03999999999999915,0.7579216274973472,0.6523456189565257,0.0
2020-02-20,0.0,26.6,24.75,0.0,6.46,0.0,0.0,0.0,-0.05999999999999961,0.7690308592589181,0.6392116531380588,0.0
2020-02-21,0.0,26.2,24.73,0.0,6.38,0.0,0.0,0.0,-0.08000000000000007,0.7799125224167177,0.6258885343075018,0.0
2020-02-22,0.0,26.3,24.7,0.0,6.24,0.0,0.0,0.0,-0.13999999999999968,0.7905633969115482,0.612380204990065,0.0
2020-02-23,0.0,26.7,24.68,0.0,6.14,0.0,0.0,0.0,-0.10000000000000053,0.8009803309782905,0.5986906625177214,0.0
2020-02-24,0.0,26.9,24.65,0.0,6.21,0.0,0.0,0.0,0.07000000000000028,0.8111602420785621,0.5848239578463322,0.0
2020-02-25,0.0,26.5,24.64,0.0,6.26,0.0,0.0,0.0,0.04999999999999982,0.8211001178128892,0.5707841943569036,0.0
2020-02-26,0.0,25.8,24.63,0.0,6.08,0.0,0.0,0.0,-0.17999999999999972,0.8307970168121247,0.5565755266413303,0.0
2020-02-27,0.0,26.7,24.6,0.0,6.05,0.0,0.0,0.0,-0.03000000000000025,0.8402480696078469,0.5422021592729844,0.0
2020-02-28,0.0,26.9,24.6,0.0,6.14,0.0,0.0,0.0,0.08999999999999986,0.8494504794814806,0.527668345562516,0.0
2020-02-29,0.6,26.6,24.64,2.0,6.28,0.6,0.5999999999999858,2.000000000000057,0.14000000000000057,0.8584015232918917,0.512978386299228,0.0
2020-03-01,0.0,26.3,24.6,0.4,6.35,0.6,0.5999999999999858,2.4000000000000568,0.0699999999999994,0.8670985522812081,0.4981366284784055,0.0
2020-03-02,0.1,26.0,24.6,0.1,6.41,0.7,0.6999999999999857,2.500000000000057,0.0600000000000005,0.8755389928586302,0.4831474640149687,0.0
2020-03-03,0.0,25.5,24.56,0.0,6.35,0.1,0.6999999999999857,2.500000000000057,-0.0600000000000005,0.8837203473619977,0.4680153284438345,0.0
2020-03-04,0.0,24.5,24.5,0.0,6.03,0.1,0.6999999999999857,2.500000000000057,-0.3199999999999994,0.8916401947968874,0.45274469960737107,0.0
2020-03-05,0.0,22.7,24.5,0.1,5.87,0.0,0.6999999999999857,2.600000000000057,-0.16000000000000014,0.8992961915530253,0.4373400963303323,0.0
2020-03-06,0.0,22.8,24.5,0.0,5.84,0.0,0.6999999999999857,2.600000000000057,-0.03000000000000025,0.9066860720977985,0.4218060770826634,0.0
2020-03-07,0.0,22.9,24.44,0.0,5.97,0.0,0.0999999999999858,0.6000000000000569,0.1299999999999999,0.9138076496466615,0.4061472386305789,0.0
2020-03-08,0.0,24.8,24.43,0.0,6.16,0.0,0.0999999999999858,0.20000000000005685,0.1900000000000004,0.9206588168102428,0.3903682146763026,0.0
2020-03-09,0.0,25.6,24.45,0.0,6.13,0.0,0.0,0.10000000000005685,-0.03000000000000025,0.9272375462179537,0.374473674486883,0.0
2020-03-10,0.0,25.5,24.45,0.0,5.97,0.0,0.0,0.10000000000005685,-0.16000000000000014,0.9335418911179212,0.35846832151248087,0.0
2020-03-11,0.0,24.9,24.55,0.0,5.87,0.0,0.0,0.10000000000005685,-0.09999999999999964,0.9395699859530622,0.342356891994542,0.0
2020-03-12,0.0,24.5,24.96,0.0,5.84,0.0,0.0,0.0,-0.03000000000000025,0.945320046913132,0.3261441535642696,0.0
2020-03-13,0.0,24.3,24.7,0.0,5.78,0.0,0.0,0.0,-0.05999999999999961,0.9507903724625832,0.3098349038318025,0.0
2020-03-14,0.0,26.0,24.68,0.0,5.62,0.0,0.0,0.0,-0.16000000000000014,0.9559793438440766,0.2934339689665273,0.0
2020-03-15,0.0,27.7,24.68,0.0,5.41,0.0,0.0,0.0,-0.20999999999999996,0.9608854255574977,0.27694620226893646,0.0
2020-03-16,0.0,28.9,24.65,0.0,5.37,0.0,0.0,0.0,-0.040000000000000036,0.9655071658143364,0.2603764827344581,0.0
2020-03-17,0.0,29.0,24.63,0.0,5.41,0.0,0.0,0.0,0.040000000000000036,0.969843196967294,0.24372971360968387,0.0
2020-03-18,0.0,29.1,24.61,0.9,5.37,0.0,0.0,0.9000000000000569,-0.040000000000000036,0.9738922359149924,0.22701082094141847,0.0
2020-03-19,0.0,28.7,24.63,0.0,5.34,0.0,0.0,0.9000000000000569,-0.03000000000000025,0.9776530844816641,0.2102247521189836,0.0
2020-03-20,0.0,27.4,24.6,0.0,5.12,0.0,0.0,0.9000000000000569,-0.21999999999999975,0.981124629771712,0.19337647441020586,0.0
2020-03-21,0.0,26.9,24.56,0.0,4.9,0.0,0.0,0.9000000000000569,-0.21999999999999975,0.984305844499033,0.17647097349152166,0.0
2020-03-22,0.0,27.8,24.53,0.0,4.87,0.0,0.0,0.9000000000000569,-0.03000000000000025,0.9871957872910085,0.15951325197263655,0.0
2020-03-23,0.0,28.3,24.51,0.0,4.94,0.0,0.0,0.9000000000000569,0.07000000000000028,0.9897936029670716,0.14250832791617088,0.0
2020-03-24,0.0,28.1,24.48,0.1,5.15,0.0,0.0,1.0000000000000568,0.20999999999999996,0.992098522791769,0.12546123335273648,0.0
2020-03-25,7.0,26.8,25.01,6.8,5.47,7.0,6.999999999999986,6.900000000000056,0.3199999999999994,0.9941098647022418,0.10837701279187609,0.0
2020-03-26,0.1,27.0,25.88,0.6,5.44,7.1,7.099999999999985,7.500000000000056,-0.02999999999999936,0.9958270335100595,0.09126072172931188,0.0
2020-03-27,0.0,28.2,25.27,0.4,5.25,7.1,7.099999999999985,7.900000000000056,-0.1900000000000004,0.9972495210773451,0.07411742515094437,0.0
2020-03-28,0.0,29.2,24.88,0.0,5.1,0.1,7.099999999999985,7.900000000000056,-0.15000000000000036,0.998376906467142,0.056952196034039754,0.0
2020-03-29,0.0,29.4,24.62,0.0,5.0,0.0,7.099999999999985,7.900000000000056,-0.09999999999999964,0.9992088560679753,0.03977011384605572,0.0
2020-03-30,0.0,29.5,24.51,0.1,4.97,0.0,7.099999999999985,8.000000000000057,-0.03000000000000025,0.9997451236925734,0.022576263041545485,0.0
2020-03-31,0.0,29.8,24.87,0.0,4.94,0.0,7.099999999999985,7.900000000000056,-0.02999999999999936,0.9999855506507186,0.005375731557583884,0.0
2020-04-01,0.0,30.1,24.51,0.0,4.94,0.0,0.0999999999999858,1.100000000000057,0.0,0.9999300657962057,-0.011826390691832589,0.0
2020-04-02,0.0,29.6,24.37,0.1,4.87,0.0,0.0,0.6000000000000569,-0.07000000000000028,0.9995786855478958,-0.029025013321975237,0.0
2020-04-03,0.0,29.6,24.36,0.1,4.87,0.0,0.0,0.3000000000000569,0.0,0.9989315138848577,-0.046215046983708354,0.0
2020-04-04,0.0,29.6,24.45,0.5,4.97,0.0,0.0,0.8000000000000569,0.09999999999999964,0.9979887423155984,-0.06339140486951038,0.0
2020-04-05,0.0,29.3,24.49,0.0,4.97,0.0,0.0,0.8000000000000569,0.0,0.9967506498213929,-0.08054900421874167,0.0
2020-04-06,0.0,28.4,24.18,0.0,5.0,0.0,0.0,0.7000000000000569,0.03000000000000025,0.9952176027737294,-0.09768276782171598,0.0
2020-04-07,0.0,28.0,24.27,0.0,4.94,0.0,0.0,0.7000000000000569,-0.05999999999999961,0.9933900548258936,-0.11478762552212701,0.0
2020-04-08,0.0,27.5,24.31,0.0,4.69,0.0,0.0,0.7000000000000569,-0.25,0.9912685467787256,-0.13185851571739118,0.0
2020-04-09,0.0,27.9,24.25,0.0,4.53,0.0,0.0,0.6000000000000569,-0.16000000000000014,0.9888537064205885,-0.1488903868564548,0.0
2020-04-10,0.1,28.5,24.26,0.4,4.6,0.1,0.0999999999999858,0.9000000000000569,0.0699999999999994,0.986146248341595,-0.16587819893463143,0.0
2020-04-11,0.0,29.5,24.49,0.2,4.41,0.1,0.0999999999999858,0.6000000000000569,-0.1899999999999995,0.9831469737221499,-0.1828169249850199,0.0
2020-04-12,0.0,29.2,24.53,1.4,4.19,0.1,0.0999999999999858,2.000000000000057,-0.21999999999999975,0.9798567700958665,-0.1997015525660636,0.0
2020-04-13,0.0,28.8,24.49,4.8,4.22,0.0,0.0999999999999858,6.800000000000057,0.02999999999999936,0.9762766110869321,-0.21652708524481437,0.0
2020-04-14,0.0,30.2,24.47,1.9,3.94,0.0,0.0999999999999858,8.700000000000056,-0.2799999999999998,0.9724075561219968,-0.23328854407545518,0.0
2020-04-15,0.1,29.5,24.52,5.8,3.53,0.1,0.1999999999999858,14.500000000000057,-0.41000000000000014,0.9682507501166718,-0.2499809690726521,0.0
2020-04-16,4.1,28.1,24.89,0.7,3.41,4.199999999999999,4.299999999999986,15.200000000000056,-0.11999999999999966,0.9638074231367307,-0.26659942067929354,0.0
2020-04-17,0.3,28.5,25.74,2.7,3.5,4.499999999999999,4.499999999999986,17.500000000000057,0.08999999999999986,0.9590788900341131,-0.28313898122818354,0.0
2020-04-18,1.1,28.2,25.47,1.5,4.0,5.5,5.599999999999986,18.800000000000058,0.5,0.9540665500578387,-0.2995947563972602,0.0
2020-04-19,0.5,28.8,25.74,0.5,4.22,1.9000000000000001,6.099999999999986,17.900000000000055,0.21999999999999975,0.9487718864399473,-0.31596187665790293,0.0
2020-04-20,0.1,30.2,25.9,1.8,3.62,1.7000000000000002,6.199999999999986,14.900000000000059,-0.5999999999999996,0.9431964659565866,-0.33223549871590435,0.0
2020-04-21,0.0,29.4,25.76,0.2,3.38,0.6,6.199999999999986,13.200000000000058,-0.2400000000000002,0.9373419384643772,-0.3484108069446808,0.0
2020-04-22,0.0,28.3,25.76,0.0,2.75,0.1,6.099999999999985,7.400000000000057,-0.6299999999999999,0.9312100364121947,-0.3644830148102912,0.0
2020-04-23,0.0,28.3,25.86,0.1,1.81,0.0,1.999999999999986,6.800000000000057,-0.94,0.9248025743285089,-0.38044736628785164,0.0
2020-04-24,0.0,28.4,25.62,0.3,1.09,0.0,1.699999999999986,4.400000000000057,-0.72,0.9181214482844364,-0.39629913726891813,0.0
2020-04-25,0.0,28.2,25.44,1.1,0.66,0.0,0.5999999999999858,4.000000000000057,-0.43000000000000005,0.9111686353326631,-0.41203363695942635,0.0
2020-04-26,0.0,28.6,25.49,0.0,0.56,0.0,0.0999999999999858,3.500000000000057,-0.09999999999999998,0.9039461929224011,-0.42764620926777464,0.0
2020-04-27,0.0,28.1,25.4,0.0,0.56,0.0,0.0,1.7000000000000568,0.0,0.8964562582905575,-0.44313223418263453,0.0
2020-04-28,0.0,28.5,25.42,0.1,0.56,0.0,0.0,1.600000000000057,0.0,0.8887010478292915,-0.45848712914008766,0.0
2020-04-29,10.6,27.8,25.54,9.6,0.56,10.6,10.599999999999985,11.200000000000056,0.0,0.8806828564301475,-0.47370635037968,0.0
2020-04-30,6.3,27.6,25.97,1.6,0.81,16.9,16.899999999999984,12.700000000000056,0.25,0.8724040568049612,-0.48878539428899265,0.0
2020-05-01,1.9,28.2,25.71,2.6,0.81,18.8,18.799999999999986,15.000000000000057,0.0,0.8638670987837349,-0.503719798736334,0.0
2020-05-02,0.0,28.9,26.02,1.2,0.69,8.2,18.799999999999986,15.100000000000056,-0.1200000000000001,0.8550745085896932,-0.518505144391157,0.0
2020-05-03,0.0,29.9,26.1,0.0,0.63,1.9,18.799999999999986,15.100000000000056,-0.05999999999999994,0.8460288880917339,-0.533137056031809,0.0
2020-05-04,0.0,29.1,26.15,0.0,0.59,0.0,18.799999999999986,15.100000000000056,-0.040000000000000036,0.8367329140344921,-0.5476112038402312,0.0
2020-05-05,0.0,29.7,25.99,0.0,0.56,0.0,18.799999999999986,15.000000000000057,-0.029999999999999916,0.8271893372462497,-0.5619233046832195,0.0
2020-05-06,0.0,30.0,25.5,0.1,0.56,0.0,8.199999999999985,5.500000000000057,0.0,0.8174009818249189,-0.5760691233798758,0.0
2020-05-07,0.0,29.8,25.43,0.0,0.53,0.0,1.8999999999999857,3.9000000000000568,-0.030000000000000027,0.8073707443023492,-0.5900444739548627,0.0
2020-05-08,0.0,29.0,25.23,0.0,0.53,0.0,0.0,1.3000000000000569,0.0,0.7971015927871943,-0.6038452208771035,0.0
2020-05-09,0.0,29.3,25.16,0.0,0.5,0.0,0.0,0.10000000000005685,-0.030000000000000027,0.7865965660866021,-0.6174672802835514,0.0
2020-05-10,0.7,28.9,25.41,0.0,1.62,0.7,0.6999999999999857,0.10000000000005685,1.12,0.7758587728069828,-0.6309066211876704,0.0
2020-05-11,0.0,30.0,25.88,3.3,3.59,0.7,0.6999999999999857,3.4000000000000568,1.9699999999999998,0.7648913904341225,-0.6441592666722685,0.0
2020-05-12,0.0,30.7,26.02,0.0,4.28,0.7,0.6999999999999857,3.4000000000000568,0.6900000000000004,0.753697664392914,-0.6572212950663319,0.0
2020-05-13,0.0,29.8,26.09,0.0,4.37,0.0,0.6999999999999857,3.3000000000000567,0.08999999999999986,0.742280907086982,-0.6700888411055113,0.0
2020-05-14,2.3,28.9,26.31,4.6,8.91,2.3,2.999999999999986,7.900000000000056,4.54,0.7306444969184916,-0.6827580970759147,0.0
2020-05-15,9.6,26.9,29.96,4.6,10.19,11.899999999999999,12.599999999999985,12.500000000000057,1.2799999999999994,0.7187918772884232,-0.6952253139408722,0.0
2020-05-16,5.6,26.6,32.15,22.0,9.28,17.5,18.199999999999985,34.50000000000006,-0.9100000000000001,0.7067265555776158,-0.7074868024503348,0.0
2020-05-17,0.0,28.9,30.87,1.7,8.66,15.2,17.499999999999986,36.20000000000006,-0.6199999999999992,0.6944521021088763,-0.719538934232584,0.0
2020-05-18,0.1,27.6,30.0,1.6,7.63,5.700000000000001,17.599999999999987,34.50000000000006,-1.0300000000000002,0.6819721490904629,-0.7313781428679254,0.0
2020-05-19,0.7,27.0,29.33,4.4,6.74,0.8000000000000017,18.299999999999986,38.90000000000006,-0.8899999999999997,0.6692903895412567,-0.7430009249440493,0.0
2020-05-20,0.0,27.2,28.48,0.8,6.16,0.8000000000000017,18.299999999999986,39.70000000000006,-0.5800000000000001,0.6564105761979381,-0.7544038410927472,0.0
2020-05-21,0.0,27.3,27.85,0.1,5.75,0.7000000000000017,15.999999999999986,35.20000000000006,-0.41000000000000014,0.6433365204044917,-0.765583517007675,0.0
2020-05-22,0.0,28.0,27.33,0.7,5.59,0.0,6.399999999999985,31.300000000000058,-0.16000000000000014,0.6300720909843687,-0.7765366444428655,0.0
2020-05-23,0.0,28.6,27.06,0.0,5.44,0.0,0.7999999999999857,9.300000000000058,-0.14999999999999947,0.6166212130956382,-0.7872599821916922,0.0
2020-05-24,0.0,28.5,26.77,0.7,5.34,0.0,0.7999999999999857,8.300000000000058,-0.10000000000000053,0.6029878670694714,-0.7977503570459932,0.0
2020-05-25,0.0,29.4,26.43,1.4,5.31,0.0,0.6999999999999857,8.100000000000056,-0.03000000000000025,0.5891760872322963,-0.8080046647350754,0.0
2020-05-26,0.0,29.4,26.2,0.3,5.22,0.0,0.0,4.000000000000057,-0.08999999999999986,0.5751899607119775,-0.8180198708443174,0.0
2020-05-27,0.0,28.6,26.27,0.1,5.12,0.0,0.0,3.3000000000000567,-0.09999999999999964,0.5610336262283677,-0.8277930117131022,0.0
2020-05-28,0.0,28.1,26.37,0.8,5.0,0.0,0.0,4.000000000000057,-0.1200000000000001,0.5467112728685939,-0.8373211953118121,0.0
2020-05-29,0.0,28.4,26.57,0.7,4.97,0.0,0.0,4.000000000000057,-0.03000000000000025,0.5322271388474397,-0.8466016020976267,0.0
2020-05-30,0.0,29.1,26.76,0.2,5.03,0.0,0.0,4.200000000000056,0.0600000000000005,0.5175855102531889,-0.8556314858488706,0.0
2020-05-31,0.4,27.7,26.93,2.6,5.37,0.4000000000000018,0.3999999999999858,6.1000000000000565,0.33999999999999986,0.5027907197793043,-0.8644081744776648,0.0
2020-06-01,13.7,25.1,30.77,30.8,12.37,14.100000000000001,14.099999999999985,35.50000000000006,6.999999999999999,0.4878471454423119,-0.8729290708206411,0.0
2020-06-02,13.5,24.7,35.3,23.4,16.22,27.6,27.599999999999987,58.60000000000006,3.8499999999999996,0.47275920928627757,-0.881191653407483,0.0
2020-06-03,39.9,23.0,44.55,73.5,23.49,67.1,67.49999999999999,132.00000000000006,7.27,0.4575313760742512,-0.8891934772070711,0.0
2020-06-04,17.4,23.9,47.65,22.9,22.17,70.8,84.89999999999998,154.10000000000005,-1.3199999999999967,0.44216815196707204,-0.8969321743510065,0.0
2020-06-05,1.3,24.8,45.34,7.9,17.07,58.599999999999994,86.19999999999999,161.30000000000007,-5.100000000000001,0.42667408318992467,-0.9044054548343001,0.0
2020-06-06,1.2,24.6,44.38,5.2,13.16,19.9,87.39999999999998,166.30000000000007,-3.91,0.4110537546870351,-0.9116111071930239,0.0
2020-06-07,0.4,24.8,43.48,5.6,10.53,2.9,87.39999999999998,169.30000000000004,-2.630000000000001,0.3953117887649151,-0.9185469991587165,0.0
2020-06-08,4.0,24.2,42.6,13.9,8.89,5.6,77.69999999999999,152.40000000000006,-1.6399999999999988,0.37945284372454435,-0.925211078289358,0.0
2020-06-09,1.5,25.0,41.04,10.2,7.91,5.8999999999999995,65.69999999999999,139.20000000000005,-0.9800000000000004,0.36348161248290634,-0.9316013725767187,0.0
2020-06-10,1.3,25.2,39.8,11.5,7.71,6.8,27.099999999999984,77.20000000000006,-0.20000000000000018,0.3474028211842774,-0.9377159910299093,0.0
2020-06-11,5.2,23.8,39.65,24.4,8.35,8.0,14.899999999999986,78.70000000000006,0.6399999999999997,0.3312212278016865,-0.9435531242349544,0.0
2020-06-12,13.0,23.7,43.46,55.1,14.74,19.5,26.599999999999987,125.90000000000005,6.390000000000001,0.31494162072895193,-0.9491110448902284,0.0
2020-06-13,8.5,23.8,45.88,32.7,28.04,26.7,33.899999999999984,153.40000000000006,13.299999999999999,0.2985688173637202,-0.9543881083175908,0.0
2020-06-14,6.1,24.9,46.0,25.9,35.56,27.6,39.59999999999999,173.70000000000007,7.520000000000003,0.2821076626819194,-0.9593827529490743,0.0
2020-06-15,4.3,25.0,45.24,25.3,34.16,18.9,39.899999999999984,185.10000000000005,-1.4000000000000057,0.26556302780405594,-0.9640935007889755,0.0
2020-06-16,56.4,23.6,48.87,81.3,84.7,66.8,94.79999999999998,256.20000000000005,50.540000000000006,0.24893980855376657,-0.9685189578512204,0.0
2020-06-17,45.8,23.1,51.34,54.4,184.35,106.5,139.29999999999998,299.1,99.64999999999999,0.23224292400907015,-0.9726578145718654,0.0
2020-06-18,7.4,24.2,50.69,29.2,223.91,109.6,141.49999999999997,303.9000000000001,39.56,0.21547731504673012,-0.976508846196619,0.0
2020-06-19,1.6,24.5,49.47,18.9,193.09,54.8,130.09999999999997,267.70000000000005,-30.819999999999993,0.19864794288017112,-0.9800709131432666,0.0
2020-06-20,0.8,24.7,47.88,11.2,138.0,9.8,122.39999999999998,246.20000000000005,-55.09,0.18175978759137534,-0.9833429613388902,0.0
2020-06-21,1.2,24.3,46.46,10.6,99.93,3.6,117.49999999999999,230.90000000000003,-38.06999999999999,0.16481784665719793,-0.9863240225317866,0.0
2020-06-22,2.1,24.4,45.55,11.9,75.56,4.1,115.29999999999997,217.50000000000006,-24.370000000000005,0.14782713347053048,-0.9890132145779883,0.0
2020-06-23,1.0,24.6,44.42,10.1,62.53,4.300000000000001,59.899999999999984,146.30000000000004,-13.030000000000001,0.13079267585675922,-0.9914097417023038,0.0
2020-06-24,8.5,24.5,44.53,8.7,51.48,11.600000000000001,22.599999999999987,100.60000000000005,-11.050000000000004,0.11371951458594969,-0.9935128947338007,0.0
2020-06-25,2.8,25.2,43.78,10.2,45.45,12.3,17.999999999999986,81.60000000000005,-6.029999999999994,0.0966127018812031,-0.9953220513156602,0.0
2020-06-26,18.1,25.2,49.77,15.3,48.2,29.400000000000002,34.499999999999986,78.00000000000006,2.75,0.07947729992362097,-0.9968366760893436,0.0
2020-06-27,14.4,24.7,49.7,14.5,63.12,35.300000000000004,48.09999999999999,81.30000000000007,14.919999999999995,0.062318379354325076,-0.998056320853012,0.0
2020-06-28,6.6,24.5,49.5,13.1,68.98,39.10000000000001,53.499999999999986,83.80000000000005,5.8600000000000065,0.04514101777397193,-0.9989806246941579,0.0
2020-06-29,14.7,24.3,49.81,23.2,298.92,35.7,66.09999999999998,95.10000000000007,229.94,0.02795029824021032,-0.999609314096404,0.0
2020-06-30,14.8,23.8,50.9,37.1,681.34,36.1,79.89999999999998,122.10000000000005,382.42,0.01075130776352193,-0.9999422030204416,0.0
2020-07-01,5.5,24.0,49.5,14.8,695.63,35.0,76.89999999999998,128.20000000000005,14.289999999999964,-0.00645086419810515,-0.9999791929590823,0.0
2020-07-02,9.0,24.0,48.94,36.0,494.45,29.3,83.1,154.00000000000006,-201.18,-0.023651127245231586,-0.9997202729664083,0.0
2020-07-03,22.6,23.7,49.86,65.6,570.48,37.1,87.6,204.30000000000004,76.03000000000003,-0.04084439154329611,-0.9991655196610109,0.0
2020-07-04,21.2,23.4,50.88,81.8,757.58,52.8,94.39999999999999,271.6,187.10000000000002,-0.05802556932878035,-0.9983150972033183,0.0
2020-07-05,9.1,23.3,50.98,53.5,716.79,52.9,96.89999999999998,312.0,-40.79000000000008,-0.07518957641475855,-0.9971692572470178,0.0
2020-07-06,7.7,23.8,49.82,48.8,578.43,38.0,89.89999999999999,337.6,-138.36,-0.09233133369539122,-0.9957283388645872,0.0
2020-07-07,17.5,23.9,50.69,69.3,570.48,34.3,92.6,369.80000000000007,-7.949999999999932,-0.10944576864891556,-0.993992768446958,0.0
2020-07-08,6.7,24.1,50.51,29.1,621.3,31.9,93.8,384.1,50.819999999999936,-0.12652781683868314,-0.9919630595773397,0.0
2020-07-09,7.2,23.7,50.51,28.9,532.33,31.4,91.99999999999999,377.00000000000006,-88.96999999999991,-0.1435724234118113,-0.9896398128792412,0.0
2020-07-10,4.8,23.8,50.19,14.6,404.51,18.7,74.19999999999999,326.00000000000006,-127.82000000000005,-0.16057454459499376,-0.9870237158387383,0.0
2020-07-11,1.0,23.7,48.27,12.3,317.42,13.0,53.999999999999986,256.50000000000006,-87.08999999999997,-0.17752914918703497,-0.984115542601034,0.0
2020-07-12,11.4,23.8,48.08,24.1,257.82,17.200000000000003,56.29999999999999,227.10000000000008,-59.60000000000002,-0.19443122004766195,-0.9809161537413774,0.0
2020-07-13,22.5,23.5,49.45,53.6,418.76,34.900000000000006,71.1,231.90000000000006,160.94,-0.2112757555821793,-0.9774264960104055,0.0
2020-07-14,21.1,23.3,50.53,68.4,637.26,55.0,74.69999999999999,231.00000000000009,218.5,-0.2280577712215198,-0.9736476020539838,0.0
2020-07-15,20.8,22.8,51.27,76.2,705.32,64.4,88.79999999999998,278.1000000000001,68.06000000000006,-0.24477230089725957,-0.9695805901076308,0.0
2020-07-16,49.6,22.3,50.98,108.6,838.46,91.5,131.2,357.80000000000007,133.14,-0.2614143985111562,-0.965226663665613,0.0
2020-07-17,33.1,23.1,51.25,68.4,880.05,103.50000000000001,159.5,411.6000000000001,41.58999999999992,-0.2779791393987801,-0.9605871111248129,0.0
2020-07-18,3.3,23.9,50.05,16.5,759.33,86.0,161.79999999999998,415.80000000000007,-120.71999999999991,-0.2944616217868012,-0.9556633054034704,0.0
2020-07-19,2.9,24.3,48.78,7.2,544.76,39.30000000000001,153.29999999999998,398.9000000000001,-214.57000000000005,-0.3108569682435036,-0.9504567035349151,0.0
2020-07-20,6.4,23.8,49.11,17.2,389.84,12.600000000000007,137.2,362.50000000000006,-154.92000000000002,-0.3271603271220951,-0.9449688462364056,0.0
2020-07-21,3.3,24.6,49.7,3.7,308.03,12.600000000000009,119.39999999999999,297.8,-81.81,-0.34336687399638804,-0.939201357453208,0.0
2020-07-22,4.2,24.6,49.37,9.2,264.46,13.900000000000007,102.8,230.80000000000004,-43.56999999999999,-0.3594718130884232,-0.9331559438780432,0.0
2020-07-23,2.5,24.2,48.62,3.4,194.43,10.000000000000007,55.69999999999999,125.60000000000007,-70.02999999999997,-0.3754703786876202,-0.9268343944460494,0.0
2020-07-24,14.1,23.7,50.42,27.5,162.31,20.800000000000008,36.69999999999999,84.70000000000005,-32.120000000000005,-0.3913578365610259,-0.9202385798054075,0.0
2020-07-25,6.4,24.1,49.8,18.7,198.07,23.000000000000007,39.79999999999999,86.90000000000005,35.75999999999999,-0.4071294853542516,-0.9133704517637858,0.0
2020-07-26,23.8,23.3,49.58,32.8,189.55,44.30000000000001,60.69999999999998,112.50000000000004,-8.519999999999982,-0.4227806579826773,-0.9062320427107697,0.0
2020-07-27,5.6,23.7,48.64,10.1,157.12,35.800000000000004,59.899999999999984,105.40000000000003,-32.43000000000001,-0.4383067230125192,-0.898825465016444,0.0
2020-07-28,2.1,24.0,47.85,9.7,116.76,31.500000000000007,58.69999999999999,111.40000000000005,-40.36,-0.45370308603134424,-0.8911529104063088,0.0
2020-07-29,13.6,23.9,49.53,14.9,87.72,21.300000000000004,68.09999999999998,117.10000000000005,-29.040000000000006,-0.46896519100763184,-0.8832166493127127,0.0
2020-07-30,2.1,24.1,49.38,29.0,96.5,17.800000000000004,67.69999999999999,142.70000000000005,8.780000000000001,-0.48408852163897587,-0.8750190302029955,0.0
2020-07-31,32.8,24.0,49.53,45.3,127.23,48.5,86.39999999999998,160.50000000000006,30.730000000000004,-0.4990686026885319,-0.8665624788845385,0.0
2020-08-01,8.6,24.4,50.44,17.7,156.04,43.5,88.59999999999998,159.50000000000006,28.809999999999988,-0.5139010013093103,-0.8578494977869301,0.0
2020-08-02,16.9,24.0,50.21,52.3,180.13,58.3,81.69999999999999,179.00000000000006,24.090000000000003,-0.5285813283559292,-0.8488826652214553,1.0
2020-08-03,29.0,23.1,50.75,104.1,420.7,54.5,105.1,273.00000000000006,240.57,-0.5431052396834317,-0.8396646346181327,1.0
2020-08-04,46.3,22.8,50.93,132.7,956.19,92.19999999999999,149.29999999999998,396.00000000000006,535.49,-0.5574684374327892,-0.8301981337405212,1.0
2020-08-05,37.2,23.0,51.07,157.5,1382.57,112.5,172.89999999999998,538.6,426.3799999999999,-0.5716666713027052,-0.8204859638785327,1.0
2020-08-06,11.7,23.4,51.07,78.8,1411.54,95.19999999999999,182.5,588.4,28.970000000000027,-0.5856957398073508,-0.8105309990194823,1.0
2020-08-07,10.0,23.4,51.06,74.7,1187.5,58.900000000000006,159.7,617.8000000000001,-224.03999999999996,-0.5995514915196489,-0.8003361849976323,0.0
2020-08-08,5.0,23.5,50.37,45.9,925.83,26.7,156.1,646.0,-261.66999999999996,-0.6132298262997502,-0.7899045386224707,0.0
2020-08-09,2.5,23.3,49.58,30.7,673.53,17.5,141.7,624.4000000000001,-252.30000000000007,-0.6267266965083301,-0.7792391467859886,0.0
2020-08-10,19.4,22.5,50.72,72.7,510.68,26.9,132.09999999999997,593.0,-162.84999999999997,-0.6400381082043503,-0.7683431655492202,0.0
2020-08-11,12.7,22.5,50.7,48.7,462.45,34.599999999999994,98.5,509.00000000000006,-48.23000000000002,-0.65316012232693,-0.7572198192083127,0.0
2020-08-12,14.8,22.6,50.7,48.3,407.32,46.9,76.09999999999998,399.80000000000007,-55.129999999999995,-0.666088855860977,-0.7458723993404063,0.0
2020-08-13,19.5,22.4,50.93,52.3,361.24,47.0,83.89999999999998,373.30000000000007,-46.079999999999984,-0.6788204829862355,-0.734304263829602,0.0
2020-08-14,19.1,22.3,51.38,53.5,362.92,53.4,92.99999999999999,352.1,1.6800000000000068,-0.6913512362094071,-0.722518835873311,0.0
2020-08-15,19.2,22.5,51.17,64.1,489.91,57.8,107.19999999999999,370.30000000000007,126.99000000000001,-0.7036774074790128,-0.7105196029692745,0.0
2020-08-16,26.4,22.5,51.36,85.1,694.02,64.7,131.09999999999997,424.70000000000005,204.10999999999996,-0.7157953492826642,-0.6983101158835584,0.0
2020-08-17,20.6,22.5,51.03,70.1,766.36,66.2,132.29999999999998,422.1,72.34000000000003,-0.7277014757264236,-0.6858939875998223,0.0
2020-08-18,10.5,22.4,51.07,46.3,675.08,57.5,130.1,419.70000000000005,-91.27999999999997,-0.7393922635959241,-0.673274892250183,0.0
2020-08-19,3.2,23.3,49.99,40.2,546.02,34.300000000000004,118.49999999999999,411.6,-129.06000000000006,-0.7508642533989489,-0.6604565640279754,0.0
2020-08-20,15.0,23.0,49.89,55.4,517.8,28.7,113.99999999999999,414.70000000000005,-28.220000000000027,-0.7621140503891487,-0.6474427960827475,0.0
2020-08-21,12.5,23.1,51.1,52.4,591.93,30.7,107.39999999999998,413.6000000000001,74.13,-0.7731383255706026,-0.6342374393978054,0.0
2020-08-22,6.1,23.6,50.43,47.5,542.25,33.6,94.3,397.00000000000006,-49.67999999999995,-0.7839338166829201,-0.620844401650647,0.0
2020-08-23,4.5,23.5,49.57,35.1,457.14,23.1,72.39999999999999,347.00000000000006,-85.11000000000001,-0.7944973291665992,-0.6072676460566135,0.0
2020-08-24,1.6,23.7,48.75,15.6,364.59,12.2,53.399999999999984,292.50000000000006,-92.55000000000001,-0.8048257371083452,-0.593511190196115,0.0
2020-08-25,1.2,23.8,47.43,8.1,270.02,7.3,44.09999999999999,254.30000000000004,-94.57,-0.8149159841660791,-0.5795791048257612,0.0
2020-08-26,1.4,23.8,46.38,6.3,179.3,4.2,42.29999999999998,220.40000000000006,-90.71999999999997,-0.8247650844733614,-0.5654755126737576,0.0
2020-08-27,0.6,23.4,45.48,9.0,124.31,3.1999999999999997,27.899999999999984,174.00000000000006,-54.99000000000001,-0.8343701235229538,-0.5512045872199277,0.0
2020-08-28,1.0,23.2,44.74,12.2,87.72,3.0,16.399999999999984,133.80000000000007,-36.59,-0.8437282590292712,-0.5367705514607103,0.0
2020-08-29,2.6,23.1,45.33,20.0,83.14,4.199999999999999,12.899999999999986,106.30000000000005,-4.579999999999998,-0.8528367217694595,-0.522177676659508,0.0
2020-08-30,2.4,23.4,45.71,16.1,86.1,6.0,10.799999999999986,87.30000000000005,2.9599999999999937,-0.8616928164028522,-0.5074302810827518,0.0
2020-08-31,1.7,23.9,45.14,8.2,76.09,6.699999999999999,10.899999999999986,79.90000000000006,-10.009999999999991,-0.8702939222685674,-0.49253272872205434,0.0
2020-09-01,1.8,24.2,43.84,4.2,61.23,5.9,11.499999999999986,76.00000000000006,-14.860000000000007,-0.8786374941610001,-0.4774894280028391,0.0
2020-09-02,1.4,24.5,44.21,4.6,46.32,4.8999999999999995,11.499999999999986,74.30000000000007,-14.909999999999997,-0.886721063082993,-0.46230483047981086,0.0
2020-09-03,6.2,24.7,47.38,10.2,34.4,9.399999999999999,17.099999999999987,75.50000000000006,-11.920000000000002,-0.8945422369764496,-0.4469834295196741,0.0
2020-09-04,1.5,25.6,46.48,7.3,50.52,9.1,17.599999999999987,70.60000000000007,16.120000000000005,-0.9020987014301837,-0.43152975897147144,0.0
2020-09-05,2.7,25.8,45.15,5.6,73.47,10.399999999999999,17.699999999999985,56.20000000000006,22.949999999999996,-0.9093882203647925,-0.4159483918249421,0.0
2020-09-06,14.9,25.6,46.12,26.7,67.87,19.1,30.19999999999999,66.80000000000005,-5.599999999999994,-0.9164086366943458,-0.4002439388573056,0.0
2020-09-07,5.5,25.1,47.55,9.8,65.68,23.1,33.999999999999986,68.40000000000006,-2.1899999999999977,-0.9231578729647039,-0.38442104726885545,0.0
2020-09-08,19.2,24.8,46.56,11.3,69.47,39.6,51.399999999999984,75.50000000000006,3.789999999999992,-0.9296339319682695,-0.3684843993077793,0.0
2020-09-09,20.0,24.7,47.44,23.9,75.56,44.7,69.99999999999999,94.80000000000005,6.090000000000003,-0.9358348973349941,-0.35243871088460327,0.0
2020-09-10,6.5,24.6,48.72,16.1,86.3,45.7,70.29999999999998,100.70000000000006,10.739999999999995,-0.9417589340994617,-0.33628873017668287,0.0
2020-09-11,12.9,24.1,50.05,22.4,123.74,39.4,81.69999999999999,115.80000000000005,37.44,-0.9474042892438845,-0.32003923622313857,0.0
2020-09-12,17.5,23.0,49.92,36.8,145.22,36.9,96.49999999999997,147.00000000000006,21.480000000000004,-0.9527692922168511,-0.30369503751065885,0.0
2020-09-13,15.0,22.0,50.66,15.4,144.88,45.4,96.6,135.70000000000005,-0.3400000000000034,-0.9578523554276669,-0.28726097055059635,0.0
2020-09-14,3.1,22.6,50.23,8.6,139.28,35.6,94.19999999999999,134.50000000000006,-5.599999999999994,-0.9626519747161487,-0.2707418984477642,0.0
2020-09-15,6.9,23.0,49.14,9.7,124.6,25.0,81.89999999999998,132.90000000000003,-14.680000000000007,-0.9671667297977312,-0.2541427094613622,0.0
2020-09-16,4.3,23.2,48.67,22.7,112.5,14.3,66.19999999999999,131.70000000000005,-12.099999999999994,-0.97139528468375,-0.23746831555846842,0.0
2020-09-17,0.6,23.6,48.64,4.2,112.5,11.8,60.29999999999998,119.80000000000004,0.0,-0.9753363880767837,-0.2207236509605022,0.0
2020-09-18,5.0,23.1,48.0,5.1,99.23,9.899999999999999,52.399999999999984,102.50000000000006,-13.269999999999996,-0.9789888737409319,-0.20391367068311472,0.0
2020-09-19,5.1,23.3,48.66,10.3,106.65,10.7,39.999999999999986,76.00000000000006,7.420000000000002,-0.9823516608469237,-0.18704334906991657,0.0
2020-09-20,14.5,23.6,49.68,18.7,116.49,24.6,39.499999999999986,79.30000000000005,9.83999999999999,-0.9854237542919524,-0.17011767832049052,0.0
2020-09-21,12.4,23.7,50.84,45.3,151.05,32.0,48.79999999999998,116.00000000000004,34.56000000000002,-0.9882042449941422,-0.15314166701312007,0.0
2020-09-22,26.1,23.3,50.7,101.4,308.74,53.0,67.99999999999999,207.70000000000005,157.69,-0.9906923101615609,-0.13612033862266704,0.0
2020-09-23,17.1,23.4,50.47,54.4,520.19,55.6,80.79999999999998,239.40000000000006,211.45000000000005,-0.9928872135356962,-0.11905873003404988,0.0
2020-09-24,1.2,24.3,48.81,11.9,445.68,44.400000000000006,81.39999999999998,247.10000000000005,-74.51000000000005,-0.994788305609327,-0.10196189005174576,0.0
2020-09-25,5.9,24.0,48.32,25.5,298.92,24.200000000000003,82.29999999999998,267.50000000000006,-146.76,-0.9963950238187231,-0.08483487790576538,0.0
2020-09-26,11.1,22.7,50.45,40.8,201.77,18.2,88.29999999999998,298.00000000000006,-97.15,-0.9977068927101168,-0.06768276175455162,0.0
2020-09-27,7.1,22.3,49.87,8.2,141.89,24.1,80.89999999999999,287.50000000000006,-59.880000000000024,-0.9987235240803972,-0.050510617185222886,0.0
2020-09-28,0.7,23.3,48.51,2.1,102.28,18.9,69.19999999999997,244.30000000000004,-39.609999999999985,-0.9994446170919858,-0.033323525711631344,0.0
2020-09-29,1.1,23.7,46.43,2.4,71.11,8.9,44.19999999999999,145.30000000000004,-31.17,-0.9998699583618592,-0.016126573270657762,0.0
2020-09-30,1.6,23.7,45.51,3.3,47.98,3.4000000000000004,28.699999999999985,94.20000000000006,-23.130000000000003,-0.9999994220246925,0.001075151282798226,0.0
2020-10-01,0.0,24.1,44.39,0.3,34.4,2.7,27.499999999999986,82.60000000000005,-13.579999999999998,-0.999832969770105,0.018276557681691223,0.0
2020-10-02,4.3,24.1,43.64,8.0,27.25,5.9,25.899999999999984,65.10000000000005,-7.149999999999999,-0.9993706508539969,0.03547255575312556,0.0
2020-10-03,2.7,23.8,44.3,10.3,23.04,7.000000000000001,17.499999999999986,34.60000000000006,-4.210000000000001,-0.9986126020839734,0.052658056924614005,0.0
2020-10-04,1.3,23.7,43.86,9.4,26.67,8.3,11.699999999999987,35.800000000000054,3.6300000000000026,-0.9975590477788613,0.06982797572987089,0.0
2020-10-05,9.0,23.5,44.34,6.8,34.32,13.000000000000002,19.999999999999986,40.50000000000006,7.649999999999999,-0.9962102997023297,0.0869772313136861,0.0
2020-10-06,0.0,24.7,43.93,3.2,35.14,10.3,18.899999999999984,41.300000000000054,0.8200000000000003,-0.9945667569706337,0.1041007489354256,0.0
2020-10-07,0.0,25.0,42.36,2.5,31.89,9.000000000000002,17.29999999999999,40.50000000000006,-3.25,-0.9926289059345095,0.121193461470736,0.0
2020-10-08,0.0,25.1,40.76,0.6,26.16,0.0,17.29999999999999,40.800000000000054,-5.73,-0.9903973200352558,0.1382503109109819,0.0
2020-10-09,0.4,25.3,39.33,3.3,19.99,0.4000000000000018,13.399999999999988,36.10000000000006,-6.170000000000002,-0.9878726596350429,0.15526624985999563,0.0
2020-10-10,14.0,24.7,41.01,17.4,25.3,14.400000000000002,24.69999999999999,43.20000000000006,5.310000000000002,-0.9850556718215013,0.172236243027682,0.0
2020-10-11,46.8,22.8,50.52,64.6,98.77,61.2,70.19999999999999,98.40000000000005,73.47,-0.981947190186646,0.18915526872004093,0.0
2020-10-12,15.8,23.3,50.76,15.5,210.84,76.60000000000001,76.99999999999999,107.10000000000005,112.07000000000001,-0.9785481345802031,0.20601832032517084,1.0
2020-10-13,4.0,23.4,50.33,4.2,223.91,66.60000000000001,80.99999999999999,108.10000000000005,13.069999999999993,-0.9748595108374125,0.22282040779479959,1.0
2020-10-14,116.2,22.9,50.35,52.4,802.53,136.0,197.2,158.00000000000006,578.62,-0.9708824104813836,0.23955655912092708,1.0
2020-10-15,102.5,22.9,51.07,141.8,1344.86,222.70000000000002,299.7,299.20000000000005,542.3299999999999,-0.9666180104000972,0.2562218218071163,1.0
2020-10-16,2.8,23.1,50.16,15.1,1234.95,221.50000000000003,302.1,311.00000000000006,-109.90999999999985,-0.9620675724981452,0.27281126433401914,0.0
2020-10-17,1.8,23.5,48.58,1.8,819.35,107.10000000000001,289.90000000000003,295.4000000000001,-415.6,-0.957232443323312,0.28931997761869527,0.0
2020-10-18,1.3,23.7,47.6,7.2,510.68,5.900000000000015,244.4,238.00000000000006,-308.67,-0.9521140536681102,0.3057430764672831,0.0
2020-10-19,4.3,23.7,46.73,5.8,317.42,7.400000000000014,232.89999999999998,228.30000000000007,-193.26,-0.9467139181463862,0.3220757010206104,0.0
2020-10-20,14.5,23.5,47.92,17.3,211.32,20.100000000000016,243.39999999999998,241.40000000000006,-106.10000000000002,-0.9410336347451197,0.3383130181923076,0.0
2020-10-21,5.0,23.6,50.34,6.0,173.58,23.80000000000001,132.2,195.00000000000006,-37.73999999999998,-0.9350748843515574,0.3544502230989869,0.0
2020-10-22,0.2,24.6,48.21,3.8,130.52,19.700000000000017,29.899999999999984,57.00000000000006,-43.06,-0.9288394302558068,0.3704825404820963,0.0
2020-10-23,2.8,24.9,46.93,5.4,87.51,8.000000000000014,29.899999999999984,47.300000000000054,-43.010000000000005,-0.9223291176290545,0.3864052261209853,0.0
2020-10-24,13.8,24.1,46.55,25.2,71.11,16.800000000000015,41.899999999999984,70.70000000000006,-16.400000000000006,-0.9155458729775467,0.40221356823680365,0.0
2020-10-25,1.4,23.9,46.4,15.7,76.45,18.000000000000014,41.999999999999986,79.20000000000005,5.340000000000003,-0.9084917035725082,0.41790288888678667,0.0
2020-10-26,8.6,24.0,44.73,8.0,77.16,23.800000000000015,46.29999999999999,81.40000000000006,0.7099999999999937,-0.9011686968561569,0.4334685453485363,0.0
2020-10-27,0.8,23.9,45.33,1.3,64.92,10.800000000000015,32.59999999999999,65.40000000000006,-12.239999999999995,-0.8935790198239952,0.4489059314938798,0.0
2020-10-28,1.3,23.7,44.15,2.8,46.42,10.700000000000014,28.899999999999988,62.20000000000006,-18.5,-0.8857249183835637,0.4642104791518923,0.0
2020-10-29,0.1,24.0,43.18,0.2,31.06,2.2000000000000144,28.799999999999986,58.60000000000005,-15.360000000000003,-0.8776087166898392,0.4793776594606945,0.0
2020-10-30,0.1,23.8,42.34,0.4,21.18,1.5000000000000142,26.099999999999987,53.60000000000006,-9.879999999999999,-0.8692328164574792,0.49440298420761813,0.0
2020-10-31,0.0,23.7,41.02,0.3,15.79,0.20000000000001422,12.299999999999986,28.700000000000056,-5.390000000000001,-0.8605996962501181,0.5092820071573356,0.0
2020-11-01,0.4,24.1,39.52,1.0,13.89,0.5000000000000142,11.299999999999985,14.000000000000057,-1.8999999999999986,-0.8517119107469189,0.5240103253675756,0.0
2020-11-02,0.0,24.4,37.67,0.0,13.13,0.40000000000001423,2.699999999999986,6.000000000000057,-0.7599999999999998,-0.8425720899866032,0.5385835804920232,0.0
2020-11-03,0.0,24.1,35.84,0.0,12.65,0.40000000000001423,1.899999999999986,4.700000000000057,-0.4800000000000004,-0.8331829385891785,0.5529974600700271,0.0
2020-11-04,0.0,24.1,34.57,0.0,13.09,0.0,0.5999999999999859,1.9000000000000568,0.4399999999999995,-0.8235472349556007,0.5672476988027229,0.0
2020-11-05,0.0,23.1,33.29,0.0,13.83,0.0,0.49999999999998584,1.700000000000057,0.7400000000000002,-0.8136678304455991,0.5813300798152042,0.0
2020-11-06,0.0,22.8,32.46,0.0,13.83,0.0,0.3999999999999858,1.3000000000000567,0.0,-0.8035476485339116,0.5952404359043674,0.0
2020-11-07,0.6,23.7,31.54,0.5,13.69,0.6000000000000142,0.9999999999999858,1.5000000000000568,-0.14000000000000057,-0.7931896839451843,0.6089746507720486,0.0
2020-11-08,0.2,24.7,30.91,0.0,13.55,0.8000000000000143,0.7999999999999858,0.500000000000057,-0.1399999999999988,-0.7825970017677834,0.6225286602431057,0.0
2020-11-09,0.0,23.2,30.64,0.0,13.45,0.8000000000000143,0.7999999999999858,0.500000000000057,-0.10000000000000142,-0.7717727365467836,0.6358984534680745,0.0
2020-11-10,0.0,21.7,30.31,0.0,13.35,0.20000000000001422,0.7999999999999858,0.500000000000057,-0.09999999999999964,-0.7607200913564104,0.6490800741100398,0.0
2020-11-11,0.0,21.4,29.61,0.0,13.26,0.0,0.7999999999999858,0.500000000000057,-0.08999999999999986,-0.7494423368521954,0.6620696215153815,0.0
2020-11-12,0.0,22.5,29.39,0.0,13.16,0.0,0.7999999999999858,0.500000000000057,-0.09999999999999964,-0.7379428103031386,0.6748632518680403,0.0
2020-11-13,0.7,24.2,28.85,0.0,13.09,0.7000000000000142,1.4999999999999858,0.500000000000057,-0.07000000000000028,-0.7262249146041543,0.6874571793269664,0.0
2020-11-14,0.0,25.4,28.48,0.0,12.24,0.7000000000000142,0.8999999999999858,0.0,-0.8499999999999996,-0.7142921172691032,0.699847677146407,0.0
2020-11-15,0.0,25.2,28.12,0.0,11.16,0.7000000000000142,0.6999999999999857,0.0,-1.08,-0.7021479494046978,0.7120310787787131,0.0
2020-11-16,0.1,25.3,27.72,0.0,10.8,0.10000000000001422,0.7999999999999857,0.0,-0.35999999999999943,-0.6897960046655887,0.7240037789593305,0.0
2020-11-17,0.0,25.6,27.45,0.0,10.67,0.10000000000001422,0.7999999999999858,0.0,-0.13000000000000078,-0.6772399381909491,0.7357622347736527,0.0
2020-11-18,0.1,25.4,27.42,0.7,10.61,0.20000000000001422,0.8999999999999859,0.7000000000000569,-0.0600000000000005,-0.6644834655228552,0.7473029667054296,0.0
2020-11-19,0.2,26.1,26.62,0.7,10.56,0.30000000000001426,1.0999999999999859,1.4000000000000568,-0.049999999999998934,-0.6515303615068021,0.75862255966641,0.0
2020-11-20,0.0,25.9,26.02,0.0,10.51,0.30000000000001426,0.3999999999999859,1.4000000000000568,-0.05000000000000071,-0.6383844591746642,0.7697176640069211,0.0
2020-11-21,0.0,25.2,25.93,0.0,10.46,0.20000000000001422,0.3999999999999859,1.4000000000000568,-0.049999999999998934,-0.6250496486104377,0.7805849965070866,0.0
2020-11-22,0.0,25.3,26.04,0.0,10.4,0.0,0.3999999999999859,1.4000000000000568,-0.0600000000000005,-0.6115298757991053,0.7912213413483807,0.0
2020-11-23,0.0,25.2,26.28,0.0,10.38,0.0,0.29999999999998594,1.4000000000000568,-0.019999999999999574,-0.5978291414589552,0.801623551065242,0.0
2020-11-24,0.0,24.8,26.48,0.0,10.35,0.0,0.29999999999998594,1.4000000000000568,-0.030000000000001137,-0.5839514998576998,0.8117885474764613,0.0
2020-11-25,0.0,23.7,26.49,0.0,10.3,0.0,0.1999999999999859,0.7000000000000569,-0.049999999999998934,-0.5699010576127624,0.8217133225960589,0.0
2020-11-26,0.0,23.5,26.6,0.0,10.25,0.0,0.0,0.0,-0.05000000000000071,-0.5556819724760489,0.8313949395234058,0.0
2020-11-27,0.1,23.6,26.78,0.0,10.22,0.10000000000001422,0.0999999999999859,0.0,-0.02999999999999936,-0.5412984521036173,0.8408305333122887,0.0
2020-11-28,0.0,21.6,27.18,1.0,10.22,0.10000000000001422,0.0999999999999859,1.0000000000000568,0.0,-0.5267547528105542,0.8500173118187018,0.0
2020-11-29,0.4,22.4,27.43,0.0,10.22,0.5000000000000142,0.4999999999999859,1.0000000000000568,0.0,-0.5120551783114646,0.8589525565270845,0.0
2020-11-30,0.0,24.3,27.33,0.0,10.17,0.40000000000001423,0.4999999999999859,1.0000000000000568,-0.05000000000000071,-0.4972040784469378,0.8676336233547726,0.0
2020-12-01,0.0,24.3,27.12,0.0,10.12,0.40000000000001423,0.4999999999999859,1.0000000000000568,-0.05000000000000071,-0.4822058478963526,0.8760579434344281,0.0
2020-12-02,0.0,23.3,27.15,0.0,10.04,0.0,0.4999999999999859,1.0000000000000568,-0.08000000000000007,-0.46706492487743034,0.8842230238742036,0.0
2020-12-03,0.0,22.4,26.92,0.0,9.99,0.0,0.4999999999999859,1.0000000000000568,-0.049999999999998934,-0.451785789832884,0.8921264484954345,0.0
2020-12-04,0.0,22.9,26.82,0.0,9.96,0.0,0.3999999999999859,1.0000000000000568,-0.02999999999999936,-0.4363729641045924,0.8997658785476209,0.0
2020-12-05,0.0,22.4,27.08,0.0,9.91,0.0,0.3999999999999859,0.0,-0.05000000000000071,-0.42083100859565564,0.9071390534005044,0.0
2020-12-06,0.0,22.0,27.17,0.0,9.89,0.0,0.0,0.0,-0.019999999999999574,-0.4051645224207563,0.9142437912130223,0.0
2020-12-07,0.0,23.7,27.01,0.0,9.84,0.0,0.0,0.0,-0.05000000000000071,-0.3893781415452015,0.9210779895789526,0.0
2020-12-08,0.0,24.4,26.88,0.0,9.79,0.0,0.0,0.0,-0.05000000000000071,-0.37347653741307074,0.9276396261490467,0.0
2020-12-09,2.5,23.7,26.97,3.4,9.89,2.500000000000014,2.499999999999986,3.4000000000000568,0.10000000000000142,-0.3574644155648614,0.9339267592294762,0.0
2020-12-10,0.0,24.2,27.66,2.4,9.99,2.500000000000014,2.499999999999986,5.800000000000057,0.09999999999999964,-0.34134651424503615,0.9399375283564133,0.0
2020-12-11,0.0,23.8,26.93,1.8,10.02,2.500000000000014,2.499999999999986,7.6000000000000565,0.02999999999999936,-0.3251276029999093,0.9456701548465688,0.0
2020-12-12,0.0,24.1,26.16,0.0,10.02,0.0,2.499999999999986,7.6000000000000565,0.0,-0.30881248126625377,0.9511229423235357,0.0
2020-12-13,0.0,23.8,25.47,0.5,9.96,0.0,2.499999999999986,8.100000000000056,-0.05999999999999872,-0.29240597695107734,0.9562942772197719,0.0
2020-12-14,0.2,24.2,24.96,0.3,9.94,0.20000000000001422,2.699999999999986,8.400000000000057,-0.02000000000000135,-0.27591294500296043,0.9611826292540837,0.0
2020-12-15,0.0,24.6,24.83,0.0,9.91,0.20000000000001422,2.699999999999986,8.400000000000057,-0.02999999999999936,-0.2593382659754056,0.9657865518844574,0.0
2020-12-16,0.0,23.7,24.66,0.0,9.84,0.20000000000001422,0.1999999999999858,5.000000000000056,-0.07000000000000028,-0.2426868445825954,0.9701046827361175,0.0
2020-12-17,0.0,23.9,24.79,0.0,9.74,0.0,0.1999999999999858,2.600000000000057,-0.09999999999999964,-0.22596360824801906,0.974135744004672,0.0
2020-12-18,0.0,24.0,24.72,0.0,9.72,0.0,0.1999999999999858,0.8000000000000569,-0.019999999999999574,-0.20917350564635637,0.9778785428342386,0.0
2020-12-19,0.0,23.2,24.82,0.0,9.67,0.0,0.1999999999999858,0.8000000000000569,-0.05000000000000071,-0.19232150523909483,0.9813319716704275,0.0
2020-12-20,0.0,22.4,25.25,0.0,9.62,0.0,0.1999999999999858,0.30000000000005683,-0.05000000000000071,-0.17541259380427843,0.9844950085880858,0.0
2020-12-21,0.0,21.5,25.78,0.0,9.57,0.0,0.0,0.0,-0.049999999999998934,-0.15845177496083632,0.9873667175937016,0.0
2020-12-22,0.0,20.8,26.12,0.0,9.54,0.0,0.0,0.0,-0.030000000000001137,-0.14144406768794202,0.9899462489023779,0.0
2020-12-23,0.0,21.3,26.72,0.0,9.52,0.0,0.0,0.0,-0.019999999999999574,-0.12439450483979998,0.9922328391893008,0.0
2020-12-24,0.0,22.4,27.03,0.0,9.52,0.0,0.0,0.0,0.0,-0.10730813165636247,0.9942258118156161,0.0
2020-12-25,0.0,23.1,26.88,0.0,9.5,0.0,0.0,0.0,-0.019999999999999574,-0.09019000427034513,0.9959245770286599,0.0
2020-12-26,0.0,22.7,26.61,0.0,9.45,0.0,0.0,0.0,-0.05000000000000071,-0.07304518821104743,0.9973286321364752,0.0
2020-12-27,0.0,22.9,26.42,0.0,9.4,0.0,0.0,0.0,-0.049999999999998934,-0.05587875690537313,0.9984375616565666,0.0
2020-12-28,0.0,22.9,26.19,0.0,9.4,0.0,0.0,0.0,0.0,-0.03869579017652689,0.9992510374388481,0.0
2020-12-29,0.0,22.5,26.07,0.0,9.38,0.0,0.0,0.0,-0.019999999999999574,-0.021501372740813793,0.999768818762748,0.0
2020-12-30,0.0,22.8,26.0,0.0,9.35,0.0,0.0,0.0,-0.030000000000001137,-0.004300592702981974,0.9999907524084426,0.0
2020-12-31,0.0,24.2,25.92,0.0,9.3,0.0,0.0,0.0,-0.049999999999998934,0.012901459949419653,0.9999167727021953,0.0
2021-01-01,0.0,24.7,25.85,0.0,9.26,0.0,0.0,0.0,-0.040000000000000924,0.017201575418260506,0.9998520419557735,0.0
2021-01-02,0.0,22.9,26.01,0.0,9.21,0.0,0.0,0.0,-0.049999999999998934,0.03439806061360801,0.9994082116062598,0.0
2021-01-03,0.6,22.7,25.84,1.0,9.19,0.6000000000000142,0.5999999999999858,1.0000000000000568,-0.02000000000000135,0.051584366869408364,0.9986686402879997,0.0
2021-01-04,1.4,22.2,26.09,4.1,9.42,2.000000000000014,1.9999999999999858,5.1000000000000565,0.23000000000000043,0.06875540848113941,0.9976335468520451,0.0
2021-01-05,2.5,23.4,26.19,8.6,9.47,4.500000000000014,4.499999999999986,13.700000000000056,0.05000000000000071,0.08590610426133272,0.9963032375991965,0.0
2021-01-06,3.1,24.4,26.11,4.3,9.45,7.000000000000014,7.599999999999985,18.000000000000057,-0.02000000000000135,0.10303137904317879,0.9946781061893646,0.0
2021-01-07,4.0,23.1,27.56,7.9,9.57,9.600000000000014,11.599999999999985,25.900000000000055,0.120000000000001,0.1201261651823505,0.9927586335250793,0.0
2021-01-08,13.9,22.8,28.41,9.9,14.92,21.000000000000014,25.499999999999986,35.800000000000054,5.35,0.13718540405660057,0.9905453876091833,0.0
2021-01-09,5.0,23.0,32.01,2.9,16.02,22.900000000000013,30.499999999999986,38.70000000000006,1.0999999999999996,0.1542040475626894,0.988039023376751,0.0
2021-01-10,0.0,23.7,33.39,0.6,14.31,18.900000000000013,29.899999999999984,38.300000000000054,-1.709999999999999,0.17117705961019986,0.985240282501282,0.0
2021-01-11,0.0,23.9,32.48,0.0,11.11,5.000000000000014,28.499999999999986,34.20000000000005,-3.200000000000001,0.18809941761179758,0.9821499931752291,0.0
2021-01-12,0.0,23.6,31.23,0.0,9.38,0.0,25.999999999999986,25.60000000000006,-1.7299999999999986,0.20496611396949532,0.9787690698649216,0.0
2021-01-13,0.0,23.1,30.22,0.0,8.59,0.0,22.899999999999984,21.300000000000058,-0.7900000000000009,0.22177215755648186,0.975098513039961,0.0
2021-01-14,0.0,23.2,29.03,0.0,8.18,0.0,18.899999999999984,13.400000000000059,-0.41000000000000014,0.23851257519407648,0.9711394088771653,0.0
2021-01-15,0.0,23.1,28.37,0.0,7.91,0.0,4.999999999999986,3.500000000000057,-0.2699999999999996,0.2551824131233728,0.9668929289391521,0.0
2021-01-16,0.0,23.8,27.79,0.2,7.67,0.0,0.0,0.8000000000000569,-0.2400000000000002,0.2717767384711357,0.9623603298276545,0.0
2021-01-17,0.0,25.0,27.18,1.2,7.43,0.0,0.0,1.4000000000000568,-0.2400000000000002,0.2882906407095177,0.9575429528116719,0.0
2021-01-18,0.0,25.1,26.84,0.0,7.22,0.0,0.0,1.400000000000057,-0.20999999999999996,0.3047192331091634,0.9524422234305676,0.0
2021-01-19,0.0,25.0,26.61,0.0,7.04,0.0,0.0,1.400000000000057,-0.17999999999999972,0.321057654185271,0.9470596510722283,0.0
2021-01-20,0.0,24.3,26.41,0.0,7.15,0.0,0.0,1.400000000000057,0.11000000000000032,0.3373010691361842,0.9413968285264122,0.0
2021-01-21,0.0,23.7,26.29,0.0,7.28,0.0,0.0,1.400000000000057,0.1299999999999999,0.3534446712740877,0.9354554315134164,0.0
2021-01-22,0.0,23.7,26.17,0.0,7.22,0.0,0.0,1.400000000000057,-0.0600000000000005,0.3694836834473831,0.9292372181882051,0.0
2021-01-23,0.0,23.6,26.24,0.0,7.15,0.0,0.0,1.200000000000057,-0.0699999999999994,0.38541335945432564,0.9227440286201427,0.0
2021-01-24,0.0,23.7,26.23,0.0,7.05,0.0,0.0,0.0,-0.10000000000000053,0.4012289854475009,0.9159777842484877,0.0
2021-01-25,0.0,23.7,26.24,0.0,6.96,0.0,0.0,0.0,-0.08999999999999986,0.4169258813287287,0.908940487313808,0.0
2021-01-26,0.0,23.5,26.26,0.0,6.87,0.0,0.0,0.0,-0.08999999999999986,0.4324994021339788,0.901634220265486,0.0
2021-01-27,0.0,23.3,26.26,0.0,6.78,0.0,0.0,0.0,-0.08999999999999986,0.44794493940789115,0.8940611451454876,0.0
2021-01-28,0.0,23.3,25.95,0.0,6.64,0.0,0.0,0.0,-0.14000000000000057,0.4632579225674917,0.88622350294858,0.0
2021-01-29,0.0,23.4,25.7,0.0,6.57,0.0,0.0,0.0,-0.0699999999999994,0.4784338202547012,0.8781236129591848,0.0
2021-01-30,0.0,23.6,25.26,0.0,6.98,0.0,0.0,0.0,0.41000000000000014,0.49346814167723735,0.8697638720650646,0.0
2021-01-31,0.0,23.6,25.52,0.0,7.34,0.0,0.0,0.0,0.35999999999999943,0.5083564379375122,0.8611467540480452,0.0
2021-02-01,0.0,24.0,25.49,0.0,7.41,0.0,0.0,0.0,0.07000000000000028,0.5230943033491326,0.8522748088519838,0.0
2021-02-02,0.0,24.1,25.19,0.0,7.43,0.0,0.0,0.0,0.019999999999999574,0.5376773767406141,0.8431506618282,0.0
2021-02-03,0.0,22.9,25.14,0.0,7.41,0.0,0.0,0.0,-0.019999999999999574,0.5521013427459208,0.8337770129585915,0.0
2021-02-04,0.0,22.7,25.54,0.0,7.38,0.0,0.0,0.0,-0.03000000000000025,0.5663619330814524,0.8241566360566663,0.0
2021-02-05,0.0,23.0,25.34,0.0,7.49,0.0,0.0,0.0,0.11000000000000032,0.580454927809098,0.8142923779467267,0.0
2021-02-06,0.0,23.1,25.34,0.0,7.53,0.0,0.0,0.0,0.040000000000000036,0.5943761565849831,0.804187157621448,0.0
2021-02-07,0.0,23.5,25.26,0.0,7.38,0.0,0.0,0.0,-0.15000000000000036,0.6081214998935418,0.7938439653781019,0.0
2021-02-08,0.0,23.2,25.18,0.0,7.22,0.0,0.0,0.0,-0.16000000000000014,0.6216868902665479,0.7832658619336791,0.0
2021-02-09,0.0,22.8,25.16,0.0,7.18,0.0,0.0,0.0,-0.040000000000000036,0.6350683134867438,0.7724559775191742,0.0
2021-02-10,0.0,23.4,25.06,0.0,7.28,0.0,0.0,0.0,0.10000000000000053,0.6482618097757122,0.7614175109532997,0.0
2021-02-11,0.0,23.5,25.02,0.0,7.28,0.0,0.0,0.0,0.0,0.6612634749656386,0.7501537286959042,0.0
2021-02-12,0.0,23.8,24.98,0.0,7.24,0.0,0.0,0.0,-0.040000000000000036,0.6740694616546161,0.7386679638813748,0.0
2021-02-13,0.0,23.9,24.95,0.0,7.22,0.0,0.0,0.0,-0.020000000000000462,0.6866759803451553,0.726963615332308,0.0
2021-02-14,0.0,23.8,24.93,0.0,7.22,0.0,0.0,0.0,0.0,0.6990793005655562,0.7150441465537444,0.0
2021-02-15,0.0,24.1,24.9,0.0,7.24,0.0,0.0,0.0,0.020000000000000462,0.7112757519738152,0.7029130847082615,0.0
2021-02-16,0.0,24.0,24.88,0.0,7.24,0.0,0.0,0.0,0.0,0.7232617254437388,0.6905740195722293,0.0
2021-02-17,0.0,24.0,24.85,0.4,7.24,0.0,0.0,0.4000000000000571,0.0,0.7350336741329413,0.6780306024735382,0.0
2021-02-18,0.4,23.0,25.33,2.2,7.53,0.40000000000001423,0.3999999999999858,2.6000000000000574,0.29000000000000004,0.746588114532413,0.6652865452111116,0.0
2021-02-19,1.0,21.7,26.18,0.7,7.65,1.4000000000000141,1.3999999999999857,3.3000000000000576,0.1200000000000001,0.7579216274973472,0.6523456189565257,0.0
2021-02-20,0.3,21.9,26.25,0.0,7.53,1.7000000000000142,1.6999999999999857,3.3000000000000576,-0.1200000000000001,0.7690308592589181,0.6392116531380588,0.0
2021-02-21,0.1,22.5,26.03,0.0,7.47,1.4000000000000141,1.7999999999999858,3.3000000000000576,-0.0600000000000005,0.7799125224167177,0.6258885343075018,0.0
2021-02-22,0.6,23.7,25.97,1.1,7.47,1.0000000000000142,2.3999999999999857,4.400000000000057,0.0,0.7905633969115482,0.612380204990065,0.0
2021-02-23,0.0,25.2,25.57,0.4,7.28,0.7000000000000142,2.3999999999999857,4.8000000000000576,-0.1899999999999995,0.8009803309782905,0.5986906625177214,0.0
2021-02-24,0.0,25.8,25.38,0.0,7.09,0.6000000000000142,2.3999999999999857,4.400000000000057,-0.1900000000000004,0.8111602420785621,0.5848239578463322,0.0
2021-02-25,0.0,26.3,25.67,0.0,7.05,0.0,1.9999999999999858,2.2000000000000575,-0.040000000000000036,0.8211001178128892,0.5707841943569036,0.0
2021-02-26,0.0,26.8,25.62,0.0,6.96,0.0,0.9999999999999859,1.5000000000000573,-0.08999999999999986,0.8307970168121247,0.5565755266413303,0.0
2021-02-27,0.0,26.9,25.53,0.0,6.85,0.0,0.699999999999986,1.5000000000000573,-0.11000000000000032,0.8402480696078469,0.5422021592729844,0.0
2021-02-28,0.0,27.3,25.43,0.0,6.69,0.0,0.5999999999999859,1.5000000000000573,-0.15999999999999925,0.8494504794814806,0.527668345562516,0.0
2021-03-01,0.0,26.8,25.33,0.0,6.69,0.0,0.0,0.4000000000000573,0.0,0.8584015232918917,0.512978386299228,0.0
2021-03-02,0.0,27.2,25.28,0.0,6.78,0.0,0.0,0.0,0.08999999999999986,0.8670985522812081,0.4981366284784055,0.0
2021-03-03,0.0,27.9,25.23,0.0,6.53,0.0,0.0,0.0,-0.25,0.8755389928586302,0.4831474640149687,0.0
2021-03-04,0.0,27.4,25.18,0.0,6.19,0.0,0.0,0.0,-0.33999999999999986,0.8837203473619977,0.4680153284438345,0.0
2021-03-05,0.0,26.1,25.13,0.0,6.16,0.0,0.0,0.0,-0.03000000000000025,0.8916401947968874,0.45274469960737107,0.0
2021-03-06,0.0,26.3,25.11,0.0,6.28,0.0,0.0,0.0,0.1200000000000001,0.8992961915530253,0.4373400963303323,0.0
2021-03-07,0.0,27.1,25.05,0.0,6.35,0.0,0.0,0.0,0.0699999999999994,0.9066860720977985,0.4218060770826634,0.0
2021-03-08,0.0,28.0,25.0,0.0,6.21,0.0,0.0,0.0,-0.13999999999999968,0.9138076496466615,0.4061472386305789,0.0
2021-03-09,0.0,27.9,24.97,0.0,6.0,0.0,0.0,0.0,-0.20999999999999996,0.9206588168102428,0.3903682146763026,0.0
2021-03-10,0.0,27.4,24.92,0.0,5.93,0.0,0.0,0.0,-0.07000000000000028,0.9272375462179537,0.374473674486883,0.0
2021-03-11,0.0,27.1,24.88,0.1,6.0,0.0,0.0,0.10000000000005729,0.07000000000000028,0.9335418911179212,0.35846832151248087,0.0
2021-03-12,0.0,26.6,24.85,0.0,6.13,0.0,0.0,0.10000000000005729,0.1299999999999999,0.9395699859530622,0.342356891994542,0.0
2021-03-13,0.0,28.0,24.82,0.0,6.0,0.0,0.0,0.10000000000005729,-0.1299999999999999,0.945320046913132,0.3261441535642696,0.0
2021-03-14,0.0,27.9,24.78,0.0,5.75,0.0,0.0,0.10000000000005729,-0.25,0.9507903724625832,0.3098349038318025,0.0
2021-03-15,0.0,27.5,24.74,0.0,5.68,0.0,0.0,0.10000000000005729,-0.07000000000000028,0.9559793438440766,0.2934339689665273,0.0
2021-03-16,0.0,27.9,24.71,0.0,5.71,0.0,0.0,0.10000000000005729,0.03000000000000025,0.9608854255574977,0.27694620226893646,0.0
2021-03-17,0.0,27.9,24.68,0.0,5.75,0.0,0.0,0.10000000000005729,0.040000000000000036,0.9655071658143364,0.2603764827344581,0.0
2021-03-18,0.0,27.5,24.68,0.0,5.71,0.0,0.0,0.0,-0.040000000000000036,0.969843196967294,0.24372971360968387,0.0
2021-03-19,0.0,28.6,24.64,0.0,5.68,0.0,0.0,0.0,-0.03000000000000025,0.9738922359149924,0.22701082094141847,0.0
2021-03-20,0.0,28.3,24.61,0.0,5.68,0.0,0.0,0.0,0.0,0.9776530844816641,0.2102247521189836,0.0
2021-03-21,0.0,27.9,24.57,0.0,5.75,0.0,0.0,0.0,0.07000000000000028,0.981124629771712,0.19337647441020586,0.0
2021-03-22,0.0,28.3,24.58,0.0,5.68,0.0,0.0,0.0,-0.07000000000000028,0.984305844499033,0.17647097349152166,0.0
2021-03-23,0.0,29.6,24.54,0.0,5.31,0.0,0.0,0.0,-0.3700000000000001,0.9871957872910085,0.15951325197263655,0.0
2021-03-24,0.0,29.5,24.52,0.1,5.1,0.0,0.0,0.10000000000005729,-0.20999999999999996,0.9897936029670716,0.14250832791617088,0.0
2021-03-25,0.0,29.5,24.54,0.0,5.07,0.0,0.0,0.10000000000005729,-0.02999999999999936,0.992098522791769,0.12546123335273648,0.0
2021-03-26,0.0,30.6,24.48,0.0,5.0,0.0,0.0,0.10000000000005729,-0.07000000000000028,0.9941098647022418,0.10837701279187609,0.0
2021-03-27,0.0,30.3,24.45,0.0,5.0,0.0,0.0,0.10000000000005729,0.0,0.9958270335100595,0.09126072172931188,0.0
2021-03-28,0.0,29.3,24.44,1.1,5.22,0.0,0.0,1.2000000000000575,0.21999999999999975,0.9972495210773451,0.07411742515094437,0.0
2021-03-29,0.0,28.9,24.41,0.6,5.37,0.0,0.0,1.8000000000000576,0.15000000000000036,0.998376906467142,0.056952196034039754,0.0
2021-03-30,0.0,28.1,24.41,0.0,5.12,0.0,0.0,1.8000000000000576,-0.25,0.9992088560679753,0.03977011384605572,0.0
2021-03-31,0.0,28.7,24.4,0.0,4.78,0.0,0.0,1.7000000000000575,-0.33999999999999986,0.9997451236925734,0.022576263041545485,0.0
2021-04-01,0.0,27.1,24.38,0.0,4.6,0.0,0.0,1.7000000000000575,-0.1800000000000006,0.9999855506507186,0.005375731557583884,0.0
2021-04-02,0.0,27.1,24.35,0.0,4.6,0.0,0.0,1.7000000000000575,0.0,0.9999300657962057,-0.011826390691832589,0.0
2021-04-03,0.0,25.6,24.36,0.0,4.6,0.0,0.0,1.7000000000000575,0.0,0.9995786855478958,-0.029025013321975237,0.0
2021-04-04,0.0,27.1,24.37,0.0,4.62,0.0,0.0,0.6000000000000573,0.020000000000000462,0.9989315138848577,-0.046215046983708354,0.0
2021-04-05,0.0,29.3,24.36,0.1,4.62,0.0,0.0,0.10000000000005729,0.0,0.9979887423155984,-0.06339140486951038,0.0
2021-04-06,0.0,30.7,24.32,0.0,4.75,0.0,0.0,0.10000000000005729,0.1299999999999999,0.9967506498213929,-0.08054900421874167,0.0
2021-04-07,0.0,30.9,24.3,0.0,5.03,0.0,0.0,0.10000000000005729,0.28000000000000025,0.9952176027737294,-0.09768276782171598,0.0
2021-04-08,0.0,28.6,24.3,0.2,5.19,0.0,0.0,0.30000000000005733,0.16000000000000014,0.9933900548258936,-0.11478762552212701,0.0
2021-04-09,0.2,28.4,24.49,0.7,5.65,0.20000000000001422,0.1999999999999859,1.0000000000000573,0.45999999999999996,0.9912685467787256,-0.13185851571739118,0.0
2021-04-10,0.0,28.6,24.54,2.0,5.97,0.20000000000001422,0.1999999999999859,3.0000000000000573,0.3199999999999994,0.9888537064205885,-0.1488903868564548,0.0
2021-04-11,0.0,28.6,24.9,0.2,5.9,0.20000000000001422,0.1999999999999859,3.2000000000000575,-0.0699999999999994,0.986146248341595,-0.16587819893463143,0.0
2021-04-12,0.1,28.0,25.03,0.2,6.19,0.10000000000001422,0.29999999999998594,3.300000000000057,0.29000000000000004,0.9831469737221499,-0.1828169249850199,0.0
2021-04-13,0.4,27.8,24.92,1.2,7.49,0.5000000000000142,0.699999999999986,4.500000000000057,1.2999999999999998,0.9798567700958665,-0.1997015525660636,0.0
2021-04-14,1.2,27.1,24.82,0.8,8.59,1.7000000000000142,1.899999999999986,5.3000000000000576,1.0999999999999996,0.9762766110869321,-0.21652708524481437,0.0
2021-04-15,0.0,27.3,25.07,0.1,8.06,1.600000000000014,1.899999999999986,5.200000000000057,-0.5299999999999994,0.9724075561219968,-0.23328854407545518,0.0
2021-04-16,0.0,27.8,24.89,0.3,7.09,1.2000000000000142,1.699999999999986,4.800000000000057,-0.9700000000000006,0.9682507501166718,-0.2499809690726521,0.0
2021-04-17,0.0,29.0,24.59,0.0,6.38,0.0,1.699999999999986,2.8000000000000576,-0.71,0.9638074231367307,-0.26659942067929354,0.0
2021-04-18,0.0,29.3,24.29,0.0,6.06,0.0,1.699999999999986,2.6000000000000574,-0.3200000000000003,0.9590788900341131,-0.28313898122818354,0.0
2021-04-19,0.0,28.1,24.28,0.0,5.71,0.0,1.5999999999999859,2.4000000000000576,-0.34999999999999964,0.9540665500578387,-0.2995947563972602,0.0
2021-04-20,0.0,28.1,24.17,0.0,5.34,0.0,1.199999999999986,1.2000000000000575,-0.3700000000000001,0.9487718864399473,-0.31596187665790293,0.0
2021-04-21,0.0,28.0,24.26,0.0,5.1,0.0,0.0,0.4000000000000573,-0.2400000000000002,0.9431964659565866,-0.33223549871590435,0.0
2021-04-22,0.0,29.0,23.89,0.2,5.12,0.0,0.0,0.5000000000000573,0.020000000000000462,0.9373419384643772,-0.3484108069446808,0.0
2021-04-23,0.0,28.6,23.88,0.0,5.12,0.0,0.0,0.2000000000000573,0.0,0.9312100364121947,-0.3644830148102912,0.0
2021-04-24,0.0,28.6,23.93,0.0,5.0,0.0,0.0,0.2000000000000573,-0.1200000000000001,0.9248025743285089,-0.38044736628785164,0.0
2021-04-25,0.0,29.2,23.81,0.0,4.94,0.0,0.0,0.2000000000000573,-0.05999999999999961,0.9181214482844364,-0.39629913726891813,0.0
2021-04-26,4.0,28.9,23.87,0.4,5.41,4.000000000000014,3.999999999999986,0.6000000000000574,0.46999999999999975,0.9111686353326631,-0.41203363695942635,0.0
2021-04-27,0.5,28.7,24.46,1.2,5.56,4.500000000000014,4.499999999999986,1.8000000000000573,0.14999999999999947,0.9039461929224011,-0.42764620926777464,0.0
2021-04-28,0.2,28.1,25.47,1.6,5.31,4.700000000000014,4.699999999999986,3.400000000000057,-0.25,0.8964562582905575,-0.44313223418263453,0.0
2021-04-29,4.1,27.5,25.21,1.5,5.37,4.800000000000014,8.799999999999986,4.700000000000057,0.0600000000000005,0.8887010478292915,-0.45848712914008766,0.0
2021-04-30,0.5,28.6,25.0,0.4,5.31,4.800000000000014,9.299999999999986,5.100000000000057,-0.0600000000000005,0.8806828564301475,-0.47370635037968,0.0
2021-05-01,0.0,29.5,25.05,0.2,6.57,4.600000000000014,9.299999999999986,5.3000000000000576,1.2600000000000007,0.8724040568049612,-0.48878539428899265,0.0
2021-05-02,5.5,28.2,25.64,2.5,9.91,6.000000000000014,14.799999999999986,7.8000000000000576,3.34,0.8638670987837349,-0.503719798736334,0.0
2021-05-03,2.5,28.0,25.72,2.2,8.84,8.000000000000014,13.299999999999986,9.600000000000058,-1.0700000000000003,0.8550745085896932,-0.518505144391157,0.0
2021-05-04,0.4,27.8,25.99,5.5,7.99,8.400000000000015,13.199999999999985,13.900000000000057,-0.8499999999999996,0.8460288880917339,-0.533137056031809,0.0
2021-05-05,2.6,27.1,27.58,11.3,8.68,5.500000000000014,15.599999999999987,23.60000000000006,0.6899999999999995,0.8367329140344921,-0.5476112038402312,0.0
2021-05-06,0.0,28.2,29.38,3.9,9.79,3.000000000000014,11.499999999999986,26.000000000000057,1.1099999999999994,0.8271893372462497,-0.5619233046832195,0.0
2021-05-07,1.8,27.1,29.16,6.3,11.02,4.400000000000015,12.799999999999985,31.90000000000006,1.2300000000000004,0.8174009818249189,-0.5760691233798758,0.0
2021-05-08,1.8,28.3,29.31,2.0,10.32,3.6000000000000143,14.599999999999987,33.70000000000006,-0.6999999999999993,0.8073707443023492,-0.5900444739548627,0.0
2021-05-09,2.1,27.6,29.76,1.9,9.94,5.700000000000014,11.199999999999987,33.10000000000006,-0.3800000000000008,0.7971015927871943,-0.6038452208771035,0.0
2021-05-10,0.7,28.0,29.43,0.9,9.12,4.600000000000015,9.399999999999984,31.800000000000058,-0.8200000000000003,0.7865965660866021,-0.6174672802835514,0.0
2021-05-11,0.7,27.8,28.1,0.0,8.31,3.500000000000014,9.699999999999987,26.300000000000058,-0.8099999999999987,0.7758587728069828,-0.6309066211876704,0.0
2021-05-12,0.2,27.8,26.27,0.8,7.79,1.600000000000014,7.299999999999986,15.800000000000056,-0.5200000000000005,0.7648913904341225,-0.6441592666722685,0.0
2021-05-13,0.3,27.8,25.96,0.4,7.38,1.2000000000000142,7.599999999999985,12.300000000000056,-0.41000000000000014,0.753697664392914,-0.6572212950663319,0.0
2021-05-14,1.0,28.8,25.77,7.2,7.18,1.5000000000000142,6.7999999999999865,13.200000000000056,-0.20000000000000018,0.742280907086982,-0.6700888411055113,0.0
2021-05-15,9.3,27.8,27.03,3.1,8.38,10.600000000000016,14.299999999999986,14.300000000000058,1.200000000000001,0.7306444969184916,-0.6827580970759147,0.0
2021-05-16,97.9,23.3,37.64,78.3,25.92,108.20000000000002,110.1,90.70000000000006,17.54,0.7187918772884232,-0.6952253139408722,0.0
2021-05-17,6.0,25.5,49.64,35.5,30.48,113.20000000000002,115.39999999999999,125.30000000000005,4.559999999999999,0.7067265555776158,-0.7074868024503348,0.0
2021-05-18,3.8,25.3,48.01,8.6,25.73,107.70000000000002,118.49999999999999,133.90000000000006,-4.75,0.6944521021088763,-0.719538934232584,0.0
2021-05-19,2.8,24.7,47.86,13.5,20.68,12.600000000000014,121.1,146.60000000000008,-5.050000000000001,0.6819721490904629,-0.7313781428679254,0.0
2021-05-20,2.2,25.3,46.69,4.1,16.82,8.800000000000015,122.99999999999999,150.30000000000007,-3.8599999999999994,0.6692903895412567,-0.7430009249440493,0.0
2021-05-21,0.8,25.6,44.3,4.2,13.96,5.800000000000014,122.79999999999998,147.30000000000004,-2.8599999999999994,0.6564105761979381,-0.7544038410927472,0.0
2021-05-22,0.2,25.2,42.36,1.3,11.3,3.2000000000000144,113.69999999999999,145.50000000000006,-2.66,0.6433365204044917,-0.765583517007675,0.0
2021-05-23,5.0,25.4,41.05,4.7,9.59,6.000000000000014,20.799999999999986,71.90000000000006,-1.7100000000000009,0.6300720909843687,-0.7765366444428655,0.0
2021-05-24,1.1,24.9,41.29,2.9,9.74,6.300000000000015,15.899999999999986,39.300000000000054,0.15000000000000036,0.6166212130956382,-0.7872599821916922,0.0
2021-05-25,0.0,26.2,40.18,4.7,9.91,6.100000000000014,12.099999999999987,35.400000000000055,0.16999999999999993,0.6029878670694714,-0.7977503570459932,0.0
2021-05-26,0.0,25.8,38.06,7.1,9.79,1.1000000000000143,9.299999999999986,29.000000000000057,-0.120000000000001,0.5891760872322963,-0.8080046647350754,0.0
2021-05-27,0.0,25.4,36.41,1.1,8.89,0.0,7.099999999999985,26.000000000000057,-0.8999999999999986,0.5751899607119775,-0.8180198708443174,0.0
2021-05-28,1.7,25.1,35.46,11.5,8.23,1.7000000000000142,7.999999999999986,33.300000000000054,-0.6600000000000001,0.5610336262283677,-0.8277930117131022,0.0
2021-05-29,5.4,25.4,35.19,17.5,8.62,7.100000000000015,13.199999999999985,49.50000000000006,0.3899999999999988,0.5467112728685939,-0.8373211953118121,0.0
2021-05-30,7.1,25.3,35.96,15.9,9.47,14.200000000000014,15.299999999999986,60.70000000000006,0.8500000000000014,0.5322271388474397,-0.8466016020976267,0.0
2021-05-31,7.1,25.2,39.11,7.5,10.22,19.600000000000016,21.299999999999986,65.30000000000005,0.75,0.5175855102531889,-0.8556314858488706,0.0
2021-06-01,6.0,25.5,39.55,9.4,11.56,20.200000000000014,27.299999999999986,70.00000000000006,1.3399999999999999,0.5027907197793043,-0.8644081744776648,0.0
2021-06-02,3.0,25.6,39.97,13.8,13.86,16.100000000000016,30.299999999999986,76.70000000000006,2.299999999999999,0.4878471454423119,-0.8729290708206411,0.0
2021-06-03,63.9,25.2,41.55,18.1,18.54,72.9,94.19999999999999,93.70000000000006,4.68,0.47275920928627757,-0.881191653407483,0.0
2021-06-04,14.2,24.5,45.17,18.9,22.28,81.10000000000001,106.69999999999997,101.10000000000007,3.740000000000002,0.4575313760742512,-0.8891934772070711,0.0
2021-06-05,4.5,24.2,43.19,10.3,23.66,82.60000000000001,105.79999999999998,93.90000000000006,1.379999999999999,0.44216815196707204,-0.8969321743510065,0.0
2021-06-06,0.1,24.5,41.8,2.6,21.65,18.800000000000015,98.79999999999998,80.60000000000005,-2.0100000000000016,0.42667408318992467,-0.9044054548343001,0.0
2021-06-07,0.6,24.5,40.49,5.5,17.58,5.200000000000014,92.29999999999998,78.60000000000005,-4.07,0.4110537546870351,-0.9116111071930239,0.0
2021-06-08,2.0,24.3,39.54,19.3,13.96,2.7000000000000144,88.29999999999998,88.50000000000006,-3.6199999999999974,0.3953117887649151,-0.9185469991587165,0.0
2021-06-09,4.6,24.0,39.94,30.5,14.81,7.2000000000000135,89.89999999999998,105.20000000000005,0.8499999999999996,0.37945284372454435,-0.925211078289358,0.0
2021-06-10,9.4,23.5,41.57,36.1,17.92,16.000000000000014,35.399999999999984,123.20000000000006,3.110000000000001,0.36348161248290634,-0.9316013725767187,0.0
2021-06-11,6.6,23.2,42.19,26.3,23.89,20.600000000000016,27.799999999999983,130.60000000000005,5.969999999999999,0.3474028211842774,-0.9377159910299093,0.0
2021-06-12,26.5,23.7,44.61,73.9,42.05,42.500000000000014,49.79999999999998,194.20000000000005,18.159999999999997,0.3312212278016865,-0.9435531242349544,0.0
2021-06-13,6.8,23.5,45.21,32.0,82.37,39.90000000000001,56.49999999999998,223.60000000000008,40.32000000000001,0.31494162072895193,-0.9491110448902284,0.0
2021-06-14,2.7,23.7,46.05,23.3,107.89,36.000000000000014,58.59999999999998,241.40000000000006,25.519999999999996,0.2985688173637202,-0.9543881083175908,0.0
2021-06-15,22.7,22.8,49.74,61.9,275.06,32.20000000000002,79.29999999999998,284.00000000000006,167.17000000000002,0.2821076626819194,-0.9593827529490743,0.0
2021-06-16,74.1,21.8,51.39,128.7,423.62,99.50000000000001,148.79999999999998,382.20000000000005,148.56,0.26556302780405594,-0.9640935007889755,0.0
2021-06-17,23.6,23.0,50.99,74.0,424.6,120.4,162.99999999999997,420.1,0.9800000000000182,0.24893980855376657,-0.9685189578512204,0.0
2021-06-18,17.2,23.1,51.26,74.6,387.15,114.90000000000002,173.6,468.4000000000001,-37.450000000000045,0.23224292400907015,-0.9726578145718654,0.0
2021-06-19,25.6,22.3,51.36,68.3,365.44,66.40000000000003,172.7,462.8,-21.70999999999998,0.21547731504673012,-0.976508846196619,0.0
2021-06-20,5.6,23.1,50.55,40.3,327.85,48.40000000000003,171.49999999999997,471.1,-37.589999999999975,0.19864794288017112,-0.9800709131432666,0.0
2021-06-21,1.2,23.7,49.44,16.3,266.3,32.40000000000003,169.99999999999997,464.1,-61.55000000000001,0.18175978759137534,-0.9833429613388902,0.0
2021-06-22,0.5,24.3,47.62,7.9,185.64,7.300000000000028,147.79999999999998,410.1,-80.66000000000003,0.16481784665719793,-0.9863240225317866,0.0
2021-06-23,0.8,23.9,46.08,9.4,129.32,2.5000000000000284,74.49999999999999,290.80000000000007,-56.31999999999999,0.14782713347053048,-0.9890132145779883,0.0
2021-06-24,3.8,23.1,45.21,12.8,94.06,5.100000000000028,54.69999999999999,229.60000000000005,-35.25999999999999,0.13079267585675922,-0.9914097417023038,0.0
2021-06-25,2.4,23.1,45.06,15.0,83.53,7.000000000000028,39.899999999999984,170.00000000000006,-10.530000000000001,0.11371951458594969,-0.9935128947338007,0.0
2021-06-26,0.8,23.9,44.72,9.8,73.64,7.000000000000028,15.099999999999985,111.50000000000006,-9.89,0.0966127018812031,-0.9953220513156602,0.0
2021-06-27,11.4,22.9,45.71,12.9,59.81,14.60000000000003,20.899999999999984,84.10000000000007,-13.829999999999998,0.07947729992362097,-0.9968366760893436,0.0
2021-06-28,2.3,23.7,45.35,5.9,50.64,14.500000000000028,21.999999999999986,73.70000000000006,-9.170000000000002,0.062318379354325076,-0.998056320853012,0.0
2021-06-29,1.0,24.4,43.61,4.3,44.39,14.700000000000028,22.499999999999986,70.10000000000005,-6.25,0.04514101777397193,-0.9989806246941579,0.0
2021-06-30,1.4,24.6,42.53,6.8,39.46,4.700000000000028,23.099999999999987,67.50000000000006,-4.93,0.02795029824021032,-0.999609314096404,0.0
2021-07-01,0.3,24.3,41.87,10.7,32.04,2.700000000000028,19.599999999999984,65.40000000000006,-7.420000000000002,0.01075130776352193,-0.9999422030204416,0.0
2021-07-02,0.1,24.6,40.84,8.7,26.54,1.8000000000000282,17.299999999999986,59.10000000000006,-5.5,-0.00645086419810515,-0.9999791929590823,0.0
2021-07-03,0.6,24.5,39.78,11.7,25.36,1.0000000000000284,17.099999999999987,61.00000000000006,-1.1799999999999997,-0.023651127245231586,-0.9997202729664083,0.0
2021-07-04,1.4,24.7,39.11,7.8,26.8,2.100000000000028,7.099999999999985,55.900000000000055,1.4400000000000013,-0.04084439154329611,-0.9991655196610109,0.0
2021-07-05,1.0,24.8,38.51,8.0,31.14,3.0000000000000284,5.799999999999986,58.00000000000006,4.34,-0.05802556932878035,-0.9983150972033183,0.0
2021-07-06,5.5,24.8,38.77,8.9,41.56,7.900000000000029,10.299999999999986,62.60000000000005,10.420000000000002,-0.07518957641475855,-0.9971692572470178,0.0
2021-07-07,9.2,24.6,40.35,12.3,51.84,15.700000000000028,18.099999999999987,68.10000000000005,10.280000000000001,-0.09233133369539122,-0.9957283388645872,0.0
2021-07-08,5.3,24.2,42.21,10.8,67.55,20.00000000000003,23.099999999999984,68.20000000000006,15.709999999999994,-0.10944576864891556,-0.993992768446958,0.0
2021-07-09,54.5,23.0,46.8,92.4,84.9,69.00000000000003,77.49999999999999,151.90000000000006,17.35000000000001,-0.12652781683868314,-0.9919630595773397,0.0
2021-07-10,8.9,23.1,50.51,32.1,130.83,68.70000000000003,85.8,172.30000000000007,45.93000000000001,-0.1435724234118113,-0.9896398128792412,0.0
2021-07-11,8.6,23.3,49.77,40.8,268.15,72.00000000000003,92.99999999999999,205.30000000000007,137.31999999999996,-0.16057454459499376,-0.9870237158387383,0.0
2021-07-12,26.5,22.7,51.22,79.5,442.61,44.00000000000003,118.49999999999999,276.80000000000007,174.46000000000004,-0.17752914918703497,-0.984115542601034,0.0
2021-07-13,21.8,22.6,51.29,117.7,554.9,56.900000000000034,134.79999999999998,385.6000000000001,112.28999999999996,-0.19443122004766195,-0.9809161537413774,0.0
2021-07-14,31.8,22.6,51.41,110.3,784.24,80.10000000000002,157.39999999999998,483.6000000000001,229.34000000000003,-0.2112757555821793,-0.9774264960104055,0.0
2021-07-15,15.8,23.2,51.01,77.0,967.28,69.40000000000003,167.9,549.8000000000001,183.03999999999996,-0.2280577712215198,-0.9736476020539838,0.0
2021-07-16,18.6,23.4,50.84,62.5,911.01,66.20000000000003,132.0,519.9000000000001,-56.26999999999998,-0.24477230089725957,-0.9695805901076308,0.0
2021-07-17,11.8,23.6,50.49,36.1,773.46,46.20000000000003,134.89999999999998,523.9000000000001,-137.54999999999995,-0.2614143985111562,-0.965226663665613,0.0
2021-07-18,32.7,23.2,51.1,77.0,764.6,63.10000000000004,159.0,560.1,-8.860000000000014,-0.2779791393987801,-0.9605871111248129,0.0
2021-07-19,43.2,22.5,51.08,107.8,892.31,87.70000000000005,175.7,588.4000000000001,127.70999999999992,-0.2944616217868012,-0.9556633054034704,0.0
2021-07-20,32.9,22.3,51.12,91.0,882.08,108.80000000000004,186.79999999999998,561.7,-10.229999999999905,-0.3108569682435036,-0.9504567035349151,0.0
2021-07-21,42.9,22.2,51.13,123.2,978.49,119.00000000000003,197.9,574.6,96.40999999999997,-0.3271603271220951,-0.9449688462364056,0.0
2021-07-22,14.8,22.7,50.54,91.2,1105.62,90.60000000000004,196.89999999999998,588.8000000000001,127.12999999999988,-0.34336687399638804,-0.939201357453208,0.0
2021-07-23,17.9,22.3,50.85,66.2,1048.54,75.60000000000004,196.2,592.5,-57.07999999999993,-0.3594718130884232,-0.9331559438780432,0.0
2021-07-24,3.7,23.5,49.06,38.6,898.5,36.400000000000034,188.1,595.0,-150.03999999999996,-0.3754703786876202,-0.9268343944460494,0.0
2021-07-25,4.3,23.7,48.3,42.5,667.34,25.900000000000034,159.7,560.5,-231.15999999999997,-0.3913578365610259,-0.9202385798054075,0.0
2021-07-26,5.5,23.4,48.64,43.6,519.0,13.500000000000036,121.99999999999997,496.30000000000007,-148.34000000000003,-0.4071294853542516,-0.9133704517637858,0.0
2021-07-27,4.5,23.4,48.28,29.7,420.7,14.300000000000036,93.59999999999998,435.00000000000006,-98.30000000000001,-0.4227806579826773,-0.9062320427107697,0.0
2021-07-28,5.4,23.2,48.65,36.8,340.98,15.400000000000036,56.09999999999999,348.6000000000001,-79.71999999999997,-0.4383067230125192,-0.898825465016444,0.0
2021-07-29,3.8,22.6,48.45,31.8,288.73,13.700000000000035,45.09999999999998,289.20000000000005,-52.25,-0.45370308603134424,-0.8911529104063088,0.0
2021-07-30,3.4,22.6,48.23,35.8,262.03,12.600000000000035,30.599999999999987,258.80000000000007,-26.700000000000045,-0.46896519100763184,-0.8832166493127127,0.0
2021-07-31,6.6,23.1,48.74,21.1,237.23,13.800000000000034,33.499999999999986,241.30000000000007,-24.799999999999983,-0.48408852163897587,-0.8750190302029955,0.0
2021-08-01,2.9,23.0,48.67,12.7,222.87,12.900000000000036,32.09999999999999,211.50000000000006,-14.359999999999985,-0.4990686026885319,-0.8665624788845385,0.0
2021-08-02,3.0,23.1,48.4,31.5,201.77,12.500000000000036,29.599999999999984,199.40000000000003,-21.099999999999994,-0.5139010013093103,-0.8578494977869301,0.0
2021-08-03,8.0,23.2,48.66,45.2,203.64,13.900000000000036,33.09999999999999,214.90000000000003,1.8699999999999761,-0.5285813283559292,-0.8488826652214553,0.0
2021-08-04,5.4,23.1,49.15,44.3,247.89,16.400000000000034,33.09999999999999,222.40000000000003,44.25,-0.5431052396834317,-0.8396646346181327,0.0
2021-08-05,4.2,23.5,48.58,35.2,286.74,17.600000000000037,33.499999999999986,225.80000000000007,38.85000000000002,-0.5574684374327892,-0.8301981337405212,0.0
2021-08-06,2.7,23.7,47.87,27.7,270.64,12.300000000000036,32.79999999999998,217.70000000000005,-16.100000000000023,-0.5716666713027052,-0.8204859638785327,0.0
2021-08-07,1.9,23.8,46.71,23.5,229.67,8.800000000000036,28.099999999999987,220.10000000000005,-40.97,-0.5856957398073508,-0.8105309990194823,0.0
2021-08-08,2.3,24.0,45.17,16.6,180.13,6.900000000000036,27.49999999999999,224.00000000000006,-49.53999999999999,-0.5995514915196489,-0.8003361849976323,0.0
2021-08-09,1.6,23.9,44.19,13.8,138.0,5.800000000000035,26.099999999999987,206.30000000000007,-42.129999999999995,-0.6132298262997502,-0.7899045386224707,0.0
2021-08-10,1.0,23.8,43.41,11.2,103.71,4.900000000000036,19.099999999999987,172.30000000000007,-34.290000000000006,-0.6267266965083301,-0.7792391467859886,0.0
2021-08-11,1.7,23.6,42.51,16.1,78.62,4.300000000000035,15.399999999999986,144.10000000000005,-25.08999999999999,-0.6400381082043503,-0.7683431655492202,0.0
2021-08-12,2.5,23.4,42.24,23.4,62.1,5.200000000000035,13.699999999999985,132.30000000000007,-16.520000000000003,-0.65316012232693,-0.7572198192083127,0.0
2021-08-13,0.9,23.5,42.19,13.2,54.34,5.100000000000035,11.899999999999986,117.80000000000005,-7.759999999999998,-0.666088855860977,-0.7458723993404063,0.0
2021-08-14,2.0,23.3,41.74,25.7,55.62,5.400000000000035,11.999999999999986,120.00000000000006,1.279999999999994,-0.6788204829862355,-0.734304263829602,0.0
2021-08-15,2.5,23.2,41.64,17.7,65.37,5.400000000000035,12.199999999999987,121.10000000000005,9.750000000000007,-0.6913512362094071,-0.722518835873311,0.0
2021-08-16,5.5,23.2,42.14,16.5,65.22,10.000000000000036,16.099999999999987,123.80000000000004,-0.15000000000000568,-0.7036774074790128,-0.7105196029692745,0.0
2021-08-17,5.6,22.6,43.81,14.6,58.29,13.600000000000033,20.69999999999999,127.20000000000006,-6.93,-0.7157953492826642,-0.6983101158835584,0.0
2021-08-18,2.4,22.4,44.27,17.7,52.58,13.500000000000034,21.399999999999988,128.80000000000004,-5.710000000000001,-0.7277014757264236,-0.6858939875998223,0.0
2021-08-19,0.5,22.5,43.33,21.9,46.75,8.500000000000034,19.399999999999984,127.30000000000005,-5.829999999999998,-0.7393922635959241,-0.673274892250183,0.0
2021-08-20,2.5,22.8,42.94,16.3,44.71,5.400000000000034,20.999999999999986,130.40000000000006,-2.039999999999999,-0.7508642533989489,-0.6604565640279754,0.0
2021-08-21,0.9,22.9,42.5,12.4,47.98,3.9000000000000346,19.899999999999984,117.10000000000005,3.269999999999996,-0.7621140503891487,-0.6474427960827475,0.0
2021-08-22,4.8,23.1,42.79,7.4,49.47,8.200000000000035,22.199999999999985,106.80000000000007,1.490000000000002,-0.7731383255706026,-0.6342374393978054,0.0
2021-08-23,1.9,23.9,42.08,6.4,41.27,7.600000000000033,18.599999999999984,96.70000000000006,-8.199999999999996,-0.7839338166829201,-0.620844401650647,0.0
2021-08-24,0.6,24.3,40.61,5.9,30.55,7.300000000000034,13.599999999999985,88.00000000000006,-10.720000000000002,-0.7944973291665992,-0.6072676460566135,0.0
2021-08-25,1.4,24.3,40.24,10.0,22.77,3.9000000000000337,12.599999999999985,80.30000000000007,-7.780000000000001,-0.8048257371083452,-0.593511190196115,0.0
2021-08-26,3.1,23.8,40.33,12.8,17.92,5.100000000000033,15.199999999999985,71.20000000000006,-4.849999999999998,-0.8149159841660791,-0.5795791048257612,0.0
2021-08-27,2.7,23.8,40.16,7.6,16.54,7.200000000000035,15.399999999999984,62.500000000000064,-1.3800000000000026,-0.8247650844733614,-0.5654755126737576,0.0
2021-08-28,1.3,23.6,39.86,13.3,20.13,7.100000000000034,15.799999999999985,63.400000000000055,3.59,-0.8343701235229538,-0.5512045872199277,0.0
2021-08-29,0.7,23.4,39.34,8.2,24.59,4.700000000000033,11.699999999999985,64.20000000000006,4.460000000000001,-0.8437282590292712,-0.5367705514607103,0.0
2021-08-30,5.6,23.0,39.86,12.5,23.15,7.600000000000033,15.399999999999984,70.30000000000005,-1.4400000000000013,-0.8528367217694595,-0.522177676659508,0.0
2021-08-31,4.1,23.4,43.56,10.8,23.04,10.400000000000034,18.899999999999984,75.20000000000006,-0.10999999999999943,-0.8616928164028522,-0.5074302810827518,0.0
2021-09-01,7.9,23.2,44.09,23.2,25.85,17.600000000000033,25.399999999999988,88.40000000000006,2.8100000000000023,-0.8702939222685674,-0.49253272872205434,0.0
2021-09-02,0.9,23.3,44.11,16.3,32.57,12.900000000000032,23.199999999999985,91.90000000000006,6.719999999999999,-0.8786374941610001,-0.4774894280028391,0.0
2021-09-03,1.1,23.7,42.8,14.8,37.46,9.900000000000034,21.599999999999987,99.10000000000007,4.890000000000001,-0.886721063082993,-0.46230483047981086,0.0
2021-09-04,9.0,23.3,43.16,18.4,37.46,11.000000000000036,29.299999999999986,104.20000000000005,0.0,-0.8945422369764496,-0.4469834295196741,0.0
2021-09-05,8.2,22.9,43.51,31.8,42.05,18.300000000000033,36.79999999999998,127.80000000000007,4.589999999999996,-0.9020987014301837,-0.43152975897147144,0.0
2021-09-06,14.8,22.6,46.28,39.2,81.41,32.000000000000036,45.999999999999986,154.50000000000006,39.36,-0.9093882203647925,-0.4159483918249421,0.0
2021-09-07,17.0,22.7,48.95,62.3,271.27,40.000000000000036,58.899999999999984,206.00000000000006,189.85999999999999,-0.9164086366943458,-0.4002439388573056,0.0
2021-09-08,9.4,22.8,49.61,56.7,448.78,41.20000000000004,60.399999999999984,239.50000000000006,177.51,-0.9231578729647039,-0.38442104726885545,0.0
2021-09-09,4.5,23.5,48.76,48.9,450.86,30.900000000000034,63.999999999999986,272.1000000000001,2.080000000000041,-0.9296339319682695,-0.3684843993077793,0.0
2021-09-10,3.2,23.3,47.82,34.1,367.98,17.100000000000037,66.09999999999998,291.40000000000003,-82.88,-0.9358348973349941,-0.35243871088460327,0.0
2021-09-11,4.7,23.6,47.36,30.1,292.76,12.400000000000036,61.79999999999998,303.1000000000001,-75.22000000000003,-0.9417589340994617,-0.33628873017668287,0.0
2021-09-12,10.9,23.3,47.72,51.6,276.33,18.800000000000036,64.49999999999999,322.9000000000001,-16.430000000000007,-0.9474042892438845,-0.32003923622313857,0.0
2021-09-13,8.1,23.5,48.16,63.2,331.66,23.70000000000004,57.79999999999998,346.9000000000001,55.33000000000004,-0.9527692922168511,-0.30369503751065885,0.0
2021-09-14,2.9,23.7,47.46,31.6,380.07,21.900000000000034,43.69999999999999,316.20000000000005,48.40999999999997,-0.9578523554276669,-0.28726097055059635,0.0
2021-09-15,0.4,23.5,45.93,12.5,328.61,11.400000000000036,34.69999999999999,272.00000000000006,-51.45999999999998,-0.9626519747161487,-0.2707418984477642,0.0
2021-09-16,0.2,23.4,43.97,9.0,231.27,3.5000000000000355,30.399999999999988,232.10000000000008,-97.34,-0.9671667297977312,-0.2541427094613622,0.0
2021-09-17,0.4,23.6,42.21,9.5,149.66,1.0000000000000355,27.599999999999984,207.50000000000006,-81.61000000000001,-0.97139528468375,-0.23746831555846842,0.0
2021-09-18,1.3,23.3,40.81,6.0,107.64,1.9000000000000354,24.199999999999985,183.40000000000006,-42.019999999999996,-0.9753363880767837,-0.2207236509605022,0.0
2021-09-19,1.5,23.4,40.57,4.5,75.91,3.2000000000000357,14.799999999999985,136.30000000000007,-31.730000000000004,-0.9789888737409319,-0.20391367068311472,0.0
2021-09-20,1.2,23.8,41.1,7.5,55.75,4.0000000000000355,7.899999999999986,80.60000000000005,-20.159999999999997,-0.9823516608469237,-0.18704334906991657,0.0
2021-09-21,6.4,23.4,43.61,13.2,51.72,9.100000000000035,11.399999999999986,62.20000000000006,-4.030000000000001,-0.9854237542919524,-0.17011767832049052,0.0
2021-09-22,3.3,23.0,45.58,13.4,58.84,10.900000000000034,14.299999999999986,63.10000000000006,7.1200000000000045,-0.9882042449941422,-0.15314166701312007,0.0
2021-09-23,3.5,22.8,45.16,14.8,67.39,13.200000000000035,17.599999999999987,68.90000000000006,8.549999999999997,-0.9906923101615609,-0.13612033862266704,0.0
2021-09-24,2.0,23.6,45.08,5.5,78.98,8.800000000000034,19.19999999999999,64.90000000000006,11.590000000000003,-0.9928872135356962,-0.11905873003404988,0.0
2021-09-25,0.4,23.8,44.0,6.1,71.28,5.900000000000035,18.299999999999986,65.00000000000006,-7.700000000000003,-0.994788305609327,-0.10196189005174576,0.0
2021-09-26,1.1,23.5,42.86,6.2,52.33,3.5000000000000346,17.899999999999988,66.70000000000006,-18.950000000000003,-0.9963950238187231,-0.08483487790576538,0.0
2021-09-27,2.4,22.4,44.05,8.2,44.92,3.9000000000000346,19.099999999999987,67.40000000000006,-7.409999999999997,-0.9977068927101168,-0.06768276175455162,0.0
2021-09-28,17.8,22.0,47.52,24.0,69.79,21.300000000000036,30.499999999999986,78.20000000000005,24.870000000000005,-0.9987235240803972,-0.050510617185222886,0.0
2021-09-29,4.7,23.2,47.33,15.3,109.41,24.900000000000034,31.899999999999984,80.10000000000007,39.61999999999999,-0.9994446170919858,-0.033323525711631344,0.0
2021-09-30,1.6,24.0,46.01,7.5,99.0,24.100000000000037,29.999999999999986,72.80000000000005,-10.409999999999997,-0.9998699583618592,-0.016126573270657762,0.0
2021-10-01,8.0,24.3,46.05,8.5,68.34,14.300000000000036,35.999999999999986,75.80000000000005,-30.659999999999997,-0.9999994220246925,0.001075151282798226,0.0
2021-10-02,1.4,24.7,47.67,2.5,47.19,11.000000000000037,36.999999999999986,72.20000000000006,-21.150000000000006,-0.999832969770105,0.018276557681691223,0.0
2021-10-03,2.9,25.1,46.56,8.4,37.73,12.300000000000036,38.79999999999998,74.40000000000005,-9.46,-0.9993706508539969,0.03547255575312556,0.0
2021-10-04,5.7,24.8,46.32,8.7,37.46,10.000000000000036,42.09999999999999,74.90000000000005,-0.269999999999996,-0.9986126020839734,0.052658056924614005,0.0
2021-10-05,17.2,24.5,47.99,28.0,49.58,25.800000000000033,41.499999999999986,78.90000000000006,12.119999999999997,-0.9975590477788613,0.06982797572987089,0.0
2021-10-06,11.3,24.2,49.79,7.0,68.5,34.20000000000004,48.09999999999998,70.60000000000005,18.92,-0.9962102997023297,0.0869772313136861,0.0
2021-10-07,7.0,24.5,49.47,10.7,76.09,35.500000000000036,53.499999999999986,73.80000000000005,7.590000000000003,-0.9945667569706337,0.1041007489354256,0.0
2021-10-08,3.5,24.1,48.16,8.5,72.11,21.80000000000004,48.999999999999986,73.80000000000005,-3.980000000000004,-0.9926289059345095,0.121193461470736,0.0
2021-10-09,3.2,24.2,46.36,8.6,75.56,13.700000000000038,50.79999999999998,79.90000000000006,3.450000000000003,-0.9903973200352558,0.1382503109109819,0.0
2021-10-10,3.7,24.1,45.35,10.5,69.96,10.40000000000004,51.59999999999999,82.00000000000006,-5.6000000000000085,-0.9878726596350429,0.15526624985999563,0.0
2021-10-11,24.0,23.9,47.16,87.0,59.12,30.90000000000004,69.89999999999999,160.30000000000007,-10.839999999999996,-0.9850556718215013,0.172236243027682,0.0
2021-10-12,0.2,24.7,48.48,17.2,68.66,27.90000000000004,52.89999999999999,149.50000000000006,9.54,-0.981947190186646,0.18915526872004093,0.0
2021-10-13,0.0,24.2,45.58,0.5,63.42,24.20000000000004,41.599999999999994,143.00000000000006,-5.239999999999995,-0.9785481345802031,0.20601832032517084,0.0
2021-10-14,0.1,24.4,44.74,0.4,41.36,0.3000000000000391,34.69999999999999,132.70000000000007,-22.060000000000002,-0.9748595108374125,0.22282040779479959,0.0
2021-10-15,0.0,25.1,43.75,0.2,25.92,0.10000000000003909,31.19999999999999,124.40000000000006,-15.439999999999998,-0.9708824104813836,0.23955655912092708,0.0
2021-10-16,0.0,24.7,42.81,0.0,17.07,0.10000000000003909,27.99999999999999,115.80000000000005,-8.850000000000001,-0.9666180104000972,0.2562218218071163,0.0
2021-10-17,0.6,24.3,41.4,2.4,13.39,0.6000000000000391,24.899999999999988,107.70000000000006,-3.6799999999999997,-0.9620675724981452,0.27281126433401914,0.0
2021-10-18,0.7,24.0,39.66,1.1,12.34,1.300000000000039,1.5999999999999894,21.800000000000058,-1.0500000000000007,-0.957232443323312,0.28931997761869527,0.0
2021-10-19,0.0,24.0,38.38,0.0,11.97,1.300000000000039,1.3999999999999893,4.6000000000000565,-0.3699999999999992,-0.9521140536681102,0.3057430764672831,0.0
2021-10-20,0.0,24.1,38.08,0.0,11.79,0.700000000000039,1.3999999999999893,4.1000000000000565,-0.1800000000000015,-0.9467139181463862,0.3220757010206104,0.0
2021-10-21,0.0,24.3,37.39,0.0,11.65,0.0,1.2999999999999892,3.700000000000057,-0.1399999999999988,-0.9410336347451197,0.3383130181923076,0.0
2021-10-22,0.0,24.6,36.52,0.0,11.56,0.0,1.2999999999999892,3.500000000000057,-0.08999999999999986,-0.9350748843515574,0.3544502230989869,0.0
2021-10-23,0.0,24.6,35.65,0.7,11.47,0.0,1.2999999999999892,4.200000000000057,-0.08999999999999986,-0.9288394302558068,0.3704825404820963,0.0
2021-10-24,0.2,24.5,34.36,4.4,11.42,0.2000000000000391,0.8999999999999893,6.200000000000058,-0.05000000000000071,-0.9223291176290545,0.3864052261209853,0.0
2021-10-25,0.0,24.1,33.47,0.0,11.42,0.2000000000000391,0.19999999999998935,5.100000000000058,0.0,-0.9155458729775467,0.40221356823680365,0.0
2021-10-26,0.0,24.5,33.45,0.0,11.22,0.2000000000000391,0.19999999999998935,5.100000000000058,-0.1999999999999993,-0.9084917035725082,0.41790288888678667,0.0
2021-10-27,0.0,23.7,32.5,0.0,10.97,0.0,0.19999999999998935,5.100000000000058,-0.25,-0.9011686968561569,0.4334685453485363,0.0
2021-10-28,0.0,24.2,31.84,0.0,10.86,0.0,0.19999999999998935,5.100000000000058,-0.11000000000000121,-0.8935790198239952,0.4489059314938798,0.0
2021-10-29,0.0,25.2,31.41,0.0,10.8,0.0,0.19999999999998935,5.100000000000058,-0.05999999999999872,-0.8857249183835637,0.4642104791518923,0.0
2021-10-30,0.0,25.9,31.21,0.0,10.75,0.0,0.19999999999998935,4.400000000000058,-0.05000000000000071,-0.8776087166898392,0.4793776594606945,0.0
2021-10-31,0.6,25.6,30.95,0.5,10.83,0.6000000000000391,0.5999999999999893,0.5000000000000577,0.08000000000000007,-0.8692328164574792,0.49440298420761813,0.0
2021-11-01,0.1,25.6,30.9,0.0,11.45,0.700000000000039,0.6999999999999893,0.5000000000000577,0.6199999999999992,-0.8605996962501181,0.5092820071573356,0.0
2021-11-02,1.0,25.3,30.46,1.6,12.27,1.700000000000039,1.6999999999999893,2.100000000000058,0.8200000000000003,-0.8517119107469189,0.5240103253675756,0.0
2021-11-03,8.7,23.9,38.29,6.0,11.68,9.800000000000038,10.399999999999988,8.100000000000058,-0.5899999999999999,-0.8425720899866032,0.5385835804920232,0.0
2021-11-04,1.5,23.7,42.23,10.4,11.53,11.200000000000038,11.899999999999988,18.500000000000057,-0.15000000000000036,-0.8331829385891785,0.5529974600700271,0.0
2021-11-05,1.5,23.8,41.46,18.1,13.13,11.700000000000038,13.399999999999988,36.60000000000006,1.6000000000000014,-0.8235472349556007,0.5672476988027229,0.0
2021-11-06,0.3,24.2,39.95,0.3,15.94,3.300000000000039,13.699999999999989,36.900000000000055,2.8099999999999987,-0.8136678304455991,0.5813300798152042,0.0
2021-11-07,0.0,24.2,38.46,0.0,17.11,1.8000000000000391,13.099999999999989,36.400000000000055,1.17,-0.8035476485339116,0.5952404359043674,0.0
2021-11-08,0.0,23.2,37.09,0.0,14.92,0.30000000000003907,12.99999999999999,36.400000000000055,-2.1899999999999995,-0.7931896839451843,0.6089746507720486,0.0
2021-11-09,0.0,22.5,35.8,0.0,13.72,0.0,11.99999999999999,34.800000000000054,-1.1999999999999993,-0.7825970017677834,0.6225286602431057,0.0
2021-11-10,0.0,22.3,34.72,0.0,13.29,0.0,3.299999999999989,28.800000000000058,-0.4300000000000015,-0.7717727365467836,0.6358984534680745,0.0
2021-11-11,0.0,22.5,33.52,0.0,13.09,0.0,1.7999999999999894,18.40000000000006,-0.1999999999999993,-0.7607200913564104,0.6490800741100398,0.0
2021-11-12,0.0,23.5,32.58,0.0,13.0,0.0,0.29999999999998933,0.30000000000005683,-0.08999999999999986,-0.7494423368521954,0.6620696215153815,0.0
2021-11-13,1.7,25.0,32.3,1.6,13.0,1.700000000000039,1.6999999999999893,1.600000000000057,0.0,-0.7379428103031386,0.6748632518680403,0.0
2021-11-14,3.8,24.2,33.13,12.0,13.06,5.500000000000039,5.499999999999989,13.600000000000056,0.0600000000000005,-0.7262249146041543,0.6874571793269664,0.0
2021-11-15,4.1,24.2,35.84,4.5,12.52,9.600000000000039,9.599999999999989,18.10000000000006,-0.5400000000000009,-0.7142921172691032,0.699847677146407,0.0
2021-11-16,15.6,23.7,37.81,12.3,14.56,23.50000000000004,25.19999999999999,30.400000000000055,2.040000000000001,-0.7021479494046978,0.7120310787787131,0.0
2021-11-17,17.3,23.3,42.45,5.7,20.09,37.000000000000036,42.499999999999986,36.10000000000006,5.529999999999999,-0.6897960046655887,0.7240037789593305,0.0
2021-11-18,0.5,23.3,43.27,5.9,26.86,33.400000000000034,42.999999999999986,42.00000000000006,6.77,-0.6772399381909491,0.7357622347736527,0.0
2021-11-19,2.7,23.0,42.21,2.6,25.12,20.500000000000036,45.69999999999999,44.60000000000006,-1.7399999999999984,-0.6644834655228552,0.7473029667054296,0.0
2021-11-20,4.7,23.8,42.72,4.7,19.46,7.900000000000036,48.69999999999999,47.70000000000006,-5.66,-0.6515303615068021,0.75862255966641,0.0
2021-11-21,5.6,22.9,44.88,0.9,16.1,13.000000000000036,50.499999999999986,36.60000000000006,-3.3599999999999994,-0.6383844591746642,0.7697176640069211,0.0
2021-11-22,2.4,23.2,43.4,2.9,13.96,12.700000000000037,48.79999999999999,35.00000000000006,-2.1400000000000006,-0.6250496486104377,0.7805849965070866,0.0
2021-11-23,0.9,24.1,42.33,1.3,12.84,8.900000000000036,34.09999999999999,24.00000000000006,-1.120000000000001,-0.6115298757991053,0.7912213413483807,0.0
2021-11-24,1.2,24.0,43.26,5.1,12.68,4.5000000000000355,17.99999999999999,23.400000000000055,-0.16000000000000014,-0.5978291414589552,0.801623551065242,0.0
2021-11-25,0.0,23.9,42.22,0.0,12.46,2.1000000000000356,17.49999999999999,17.500000000000057,-0.21999999999999886,-0.5839514998576998,0.8117885474764613,0.0
2021-11-26,0.0,23.0,40.33,0.0,11.79,1.2000000000000357,14.79999999999999,14.900000000000055,-0.6700000000000017,-0.5699010576127624,0.8217133225960589,0.0
2021-11-27,0.0,22.2,38.89,0.0,11.3,0.0,10.099999999999989,10.200000000000056,-0.48999999999999844,-0.5556819724760489,0.8313949395234058,0.0
2021-11-28,0.0,22.0,37.56,0.0,11.02,0.0,4.499999999999989,9.300000000000056,-0.28000000000000114,-0.5412984521036173,0.8408305333122887,0.0
2021-11-29,0.7,22.3,36.49,0.0,10.83,0.7000000000000355,2.799999999999989,6.400000000000056,-0.1899999999999995,-0.5267547528105542,0.8500173118187018,0.0
2021-11-30,0.5,22.7,35.77,1.0,10.75,1.2000000000000355,2.3999999999999897,6.1000000000000565,-0.08000000000000007,-0.5120551783114646,0.8589525565270845,0.0
2021-12-01,6.6,22.3,36.84,14.7,11.02,7.800000000000035,7.799999999999989,15.700000000000056,0.2699999999999996,-0.4972040784469378,0.8676336233547726,0.0
2021-12-02,24.9,21.4,44.26,32.5,12.93,32.000000000000036,32.69999999999999,48.20000000000006,1.9100000000000001,-0.4822058478963526,0.8760579434344281,0.0
2021-12-03,4.1,21.9,43.94,3.4,15.07,35.60000000000004,36.79999999999999,51.60000000000006,2.1400000000000006,-0.46706492487743034,0.8842230238742036,0.0
2021-12-04,1.2,22.0,45.36,3.5,15.9,30.200000000000035,37.999999999999986,55.10000000000006,0.8300000000000001,-0.451785789832884,0.8921264484954345,0.0
2021-12-05,0.0,21.4,44.0,0.0,13.76,5.300000000000035,37.999999999999986,55.10000000000006,-2.1400000000000006,-0.4363729641045924,0.8997658785476209,0.0
2021-12-06,0.0,20.9,42.09,0.0,12.24,1.2000000000000355,37.29999999999998,55.10000000000006,-1.5199999999999996,-0.42083100859565564,0.9071390534005044,0.0
2021-12-07,0.0,21.8,40.54,0.0,11.45,0.0,36.79999999999998,54.10000000000006,-0.7900000000000009,-0.4051645224207563,0.9142437912130223,0.0
2021-12-08,0.0,22.1,38.95,0.0,11.05,0.0,30.19999999999999,39.40000000000006,-0.3999999999999986,-0.3893781415452015,0.9210779895789526,0.0
2021-12-09,0.1,22.3,37.56,0.0,10.83,0.10000000000003553,5.399999999999989,6.900000000000064,-0.22000000000000064,-0.37347653741307074,0.9276396261490467,0.0
2021-12-10,0.6,22.5,36.77,0.2,10.72,0.7000000000000355,1.8999999999999893,3.700000000000064,-0.10999999999999943,-0.3574644155648614,0.9339267592294762,0.0
2021-12-11,0.0,22.9,35.88,0.0,10.64,0.7000000000000355,0.6999999999999893,0.20000000000006396,-0.08000000000000007,-0.34134651424503615,0.9399375283564133,0.0
2021-12-12,0.0,22.9,34.87,0.0,10.56,0.6000000000000355,0.6999999999999893,0.20000000000006396,-0.08000000000000007,-0.3251276029999093,0.9456701548465688,0.0
2021-12-13,0.4,22.4,34.0,0.4,10.51,0.40000000000003555,1.0999999999999894,0.600000000000064,-0.05000000000000071,-0.30881248126625377,0.9511229423235357,0.0
2021-12-14,0.4,22.0,33.14,1.1,10.46,0.8000000000000356,1.4999999999999893,1.7000000000000641,-0.049999999999998934,-0.29240597695107734,0.9562942772197719,0.0
2021-12-15,0.0,22.5,32.41,0.1,10.43,0.8000000000000356,1.4999999999999893,1.8000000000000642,-0.030000000000001137,-0.27591294500296043,0.9611826292540837,0.0
2021-12-16,0.0,22.4,31.88,0.0,10.4,0.40000000000003555,1.3999999999999893,1.8000000000000642,-0.02999999999999936,-0.2593382659754056,0.9657865518844574,0.0
2021-12-17,0.0,22.0,31.12,0.0,10.35,0.0,0.7999999999999894,1.6000000000000643,-0.05000000000000071,-0.2426868445825954,0.9701046827361175,0.0
2021-12-18,0.0,20.9,30.35,0.0,10.3,0.0,0.7999999999999894,1.6000000000000643,-0.049999999999998934,-0.22596360824801906,0.974135744004672,0.0
2021-12-19,0.0,20.4,29.97,0.0,10.25,0.0,0.7999999999999894,1.6000000000000643,-0.05000000000000071,-0.20917350564635637,0.9778785428342386,0.0
2021-12-20,0.0,20.3,29.38,0.0,10.19,0.0,0.39999999999998936,1.2000000000000641,-0.0600000000000005,-0.19232150523909483,0.9813319716704275,0.0
2021-12-21,0.0,20.6,28.86,0.0,10.17,0.0,0.0,0.10000000000006395,-0.019999999999999574,-0.17541259380427843,0.9844950085880858,0.0
2021-12-22,0.0,20.8,28.56,0.0,10.14,0.0,0.0,0.0,-0.02999999999999936,-0.15845177496083632,0.9873667175937016,0.0
2021-12-23,0.0,21.4,28.35,0.0,10.12,0.0,0.0,0.0,-0.02000000000000135,-0.14144406768794202,0.9899462489023779,0.0
2021-12-24,0.0,21.9,28.12,0.0,10.12,0.0,0.0,0.0,0.0,-0.12439450483979998,0.9922328391893008,0.0
2021-12-25,0.0,21.9,28.43,0.0,10.07,0.0,0.0,0.0,-0.049999999999998934,-0.10730813165636247,0.9942258118156161,0.0
2021-12-26,0.0,21.9,28.04,0.0,10.04,0.0,0.0,0.0,-0.030000000000001137,-0.09019000427034513,0.9959245770286599,0.0
2021-12-27,0.0,22.3,28.04,0.0,10.04,0.0,0.0,0.0,0.0,-0.07304518821104743,0.9973286321364752,0.0
2021-12-28,0.0,22.2,28.3,0.0,9.99,0.0,0.0,0.0,-0.049999999999998934,-0.05587875690537313,0.9984375616565666,0.0
2021-12-29,0.0,21.8,28.4,0.0,9.99,0.0,0.0,0.0,0.0,-0.03869579017652689,0.9992510374388481,0.0
2021-12-30,0.0,22.3,28.41,0.0,9.96,0.0,0.0,0.0,-0.02999999999999936,-0.021501372740813793,0.999768818762748,0.0
2021-12-31,0.0,22.8,28.81,0.0,9.91,0.0,0.0,0.0,-0.05000000000000071,-0.004300592702981974,0.9999907524084426,0.0
2022-01-01,0.7,22.8,29.55,0.4,9.84,0.7000000000000355,0.6999999999999893,0.40000000000006397,-0.07000000000000028,0.017201575418260506,0.9998520419557735,0.0
2022-01-02,0.0,22.7,29.82,0.2,9.79,0.7000000000000355,0.6999999999999893,0.600000000000064,-0.05000000000000071,0.03439806061360801,0.9994082116062598,0.0
2022-01-03,0.0,22.4,29.65,0.0,9.76,0.7000000000000355,0.6999999999999893,0.600000000000064,-0.02999999999999936,0.051584366869408364,0.9986686402879997,0.0
2022-01-04,0.0,21.9,29.44,0.0,9.69,0.0,0.6999999999999893,0.600000000000064,-0.07000000000000028,0.06875540848113941,0.9976335468520451,0.0
2022-01-05,0.0,21.7,29.26,0.0,9.62,0.0,0.6999999999999893,0.600000000000064,-0.07000000000000028,0.08590610426133272,0.9963032375991965,0.0
2022-01-06,0.0,21.6,29.2,0.0,9.62,0.0,0.6999999999999893,0.600000000000064,0.0,0.10303137904317879,0.9946781061893646,0.0
2022-01-07,0.0,21.7,28.89,0.0,9.59,0.0,0.6999999999999893,0.600000000000064,-0.02999999999999936,0.1201261651823505,0.9927586335250793,0.0
2022-01-08,0.0,20.9,28.77,0.0,9.59,0.0,0.0,0.20000000000006396,0.0,0.13718540405660057,0.9905453876091833,0.0
2022-01-09,0.0,20.0,28.24,2.0,9.57,0.0,0.0,2.000000000000064,-0.019999999999999574,0.1542040475626894,0.988039023376751,0.0
2022-01-10,0.0,20.7,27.77,0.0,8.91,0.0,0.0,2.000000000000064,-0.6600000000000001,0.17117705961019986,0.985240282501282,0.0
2022-01-11,0.0,19.7,27.5,0.0,8.29,0.0,0.0,2.000000000000064,-0.620000000000001,0.18809941761179758,0.9821499931752291,0.0
2022-01-12,0.0,18.8,27.26,0.0,8.04,0.0,0.0,2.000000000000064,-0.25,0.20496611396949532,0.9787690698649216,0.0
2022-01-13,0.0,19.0,27.4,0.0,7.85,0.0,0.0,2.000000000000064,-0.1899999999999995,0.22177215755648186,0.975098513039961,0.0
2022-01-14,0.0,19.0,27.54,0.0,7.71,0.0,0.0,2.000000000000064,-0.13999999999999968,0.23851257519407648,0.9711394088771653,0.0
2022-01-15,0.0,20.8,27.46,0.0,7.59,0.0,0.0,2.000000000000064,-0.1200000000000001,0.2551824131233728,0.9668929289391521,0.0
2022-01-16,0.2,21.9,27.85,0.3,7.43,0.20000000000003554,0.19999999999998935,0.30000000000006394,-0.16000000000000014,0.2717767384711357,0.9623603298276545,0.0
2022-01-17,0.2,22.6,27.72,0.0,7.28,0.40000000000003555,0.39999999999998936,0.30000000000006394,-0.14999999999999947,0.2882906407095177,0.9575429528116719,0.0
2022-01-18,0.0,22.5,27.56,0.0,7.13,0.40000000000003555,0.39999999999998936,0.30000000000006394,-0.15000000000000036,0.3047192331091634,0.9524422234305676,0.0
2022-01-19,0.0,22.1,27.86,0.0,6.93,0.20000000000003554,0.39999999999998936,0.30000000000006394,-0.20000000000000018,0.321057654185271,0.9470596510722283,0.0
2022-01-20,0.0,22.4,27.95,0.0,7.05,0.0,0.39999999999998936,0.30000000000006394,0.1200000000000001,0.3373010691361842,0.9413968285264122,0.0
2022-01-21,0.0,23.3,27.63,0.0,7.17,0.0,0.39999999999998936,0.30000000000006394,0.1200000000000001,0.3534446712740877,0.9354554315134164,0.0
2022-01-22,0.0,21.4,27.26,0.0,7.09,0.0,0.39999999999998936,0.30000000000006394,-0.08000000000000007,0.3694836834473831,0.9292372181882051,0.0
2022-01-23,0.5,20.3,27.21,2.8,7.11,0.5000000000000355,0.6999999999999893,2.8000000000000638,0.020000000000000462,0.38541335945432564,0.9227440286201427,0.0
2022-01-24,0.0,18.2,27.02,0.0,7.15,0.5000000000000355,0.49999999999998934,2.8000000000000638,0.040000000000000036,0.4012289854475009,0.9159777842484877,0.0
2022-01-25,0.0,18.7,26.72,0.0,7.13,0.5000000000000355,0.49999999999998934,2.8000000000000638,-0.020000000000000462,0.4169258813287287,0.908940487313808,0.0
2022-01-26,0.0,19.7,27.17,0.0,7.02,0.0,0.49999999999998934,2.8000000000000638,-0.11000000000000032,0.4324994021339788,0.901634220265486,0.0
2022-01-27,0.0,21.7,27.25,0.0,6.83,0.0,0.49999999999998934,2.8000000000000638,-0.1899999999999995,0.44794493940789115,0.8940611451454876,0.0
2022-01-28,0.0,22.1,27.25,0.0,6.6,0.0,0.49999999999998934,2.8000000000000638,-0.23000000000000043,0.4632579225674917,0.88622350294858,0.0
2022-01-29,0.0,21.6,27.24,0.0,6.41,0.0,0.49999999999998934,2.8000000000000638,-0.1899999999999995,0.4784338202547012,0.8781236129591848,0.0
2022-01-30,0.0,22.1,27.16,0.0,7.02,0.0,0.0,0.0,0.6099999999999994,0.49346814167723735,0.8697638720650646,0.0
2022-01-31,0.0,22.9,26.94,0.0,7.65,0.0,0.0,0.0,0.6300000000000008,0.5083564379375122,0.8611467540480452,0.0
2022-02-01,0.0,23.3,26.76,0.0,7.87,0.0,0.0,0.0,0.21999999999999975,0.5230943033491326,0.8522748088519838,0.0
2022-02-02,0.0,23.6,26.62,0.0,7.93,0.0,0.0,0.0,0.05999999999999961,0.5376773767406141,0.8431506618282,0.0
2022-02-03,0.0,22.8,26.46,0.0,7.85,0.0,0.0,0.0,-0.08000000000000007,0.5521013427459208,0.8337770129585915,0.0
2022-02-04,0.0,20.6,26.37,0.0,7.89,0.0,0.0,0.0,0.040000000000000036,0.5663619330814524,0.8241566360566663,0.0
2022-02-05,0.0,21.6,26.28,0.0,8.04,0.0,0.0,0.0,0.14999999999999947,0.580454927809098,0.8142923779467267,0.0
2022-02-06,0.0,22.3,26.17,0.0,8.02,0.0,0.0,0.0,-0.019999999999999574,0.5943761565849831,0.804187157621448,0.0
2022-02-07,0.0,23.0,26.04,0.0,7.97,0.0,0.0,0.0,-0.04999999999999982,0.6081214998935418,0.7938439653781019,0.0
2022-02-08,0.0,22.8,25.89,0.0,7.95,0.0,0.0,0.0,-0.019999999999999574,0.6216868902665479,0.7832658619336791,0.0
2022-02-09,0.0,22.7,25.87,0.0,7.95,0.0,0.0,0.0,0.0,0.6350683134867438,0.7724559775191742,0.0
2022-02-10,0.0,23.2,25.78,0.0,7.89,0.0,0.0,0.0,-0.0600000000000005,0.6482618097757122,0.7614175109532997,0.0
2022-02-11,0.0,25.1,25.74,0.0,7.67,0.0,0.0,0.0,-0.21999999999999975,0.6612634749656386,0.7501537286959042,0.0
2022-02-12,0.0,24.9,25.66,0.0,7.57,0.0,0.0,0.0,-0.09999999999999964,0.6740694616546161,0.7386679638813748,0.0
2022-02-13,0.0,24.1,25.55,0.0,7.57,0.0,0.0,0.0,0.0,0.6866759803451553,0.726963615332308,0.0
2022-02-14,0.0,24.5,25.46,0.0,7.57,0.0,0.0,0.0,0.0,0.6990793005655562,0.7150441465537444,0.0
2022-02-15,0.0,24.6,25.38,0.0,7.67,0.0,0.0,0.0,0.09999999999999964,0.7112757519738152,0.7029130847082615,0.0
2022-02-16,0.0,23.4,25.33,0.0,7.67,0.0,0.0,0.0,0.0,0.7232617254437388,0.6905740195722293,0.0
2022-02-17,0.0,23.9,25.12,0.0,7.75,0.0,0.0,0.0,0.08000000000000007,0.7350336741329413,0.6780306024735382,0.0
2022-02-18,0.0,24.5,25.23,0.0,7.71,0.0,0.0,0.0,-0.040000000000000036,0.746588114532413,0.6652865452111116,0.0
2022-02-19,0.0,25.3,25.18,0.0,7.57,0.0,0.0,0.0,-0.13999999999999968,0.7579216274973472,0.6523456189565257,0.0
2022-02-20,0.0,25.7,25.13,0.0,7.41,0.0,0.0,0.0,-0.16000000000000014,0.7690308592589181,0.6392116531380588,0.0
2022-02-21,0.0,25.4,25.08,0.0,7.38,0.0,0.0,0.0,-0.03000000000000025,0.7799125224167177,0.6258885343075018,0.0
2022-02-22,0.0,26.0,25.03,0.0,7.32,0.0,0.0,0.0,-0.05999999999999961,0.7905633969115482,0.612380204990065,0.0
2022-02-23,0.0,26.7,24.98,0.0,7.15,0.0,0.0,0.0,-0.16999999999999993,0.8009803309782905,0.5986906625177214,0.0
2022-02-24,0.0,26.7,24.94,0.0,7.05,0.0,0.0,0.0,-0.10000000000000053,0.8111602420785621,0.5848239578463322,0.0
2022-02-25,0.0,26.2,24.9,0.0,7.05,0.0,0.0,0.0,0.0,0.8211001178128892,0.5707841943569036,0.0
2022-02-26,0.0,26.2,24.87,0.0,6.94,0.0,0.0,0.0,-0.10999999999999943,0.8307970168121247,0.5565755266413303,0.0
2022-02-27,0.0,25.5,24.83,0.0,6.85,0.0,0.0,0.0,-0.09000000000000075,0.8402480696078469,0.5422021592729844,0.0
2022-02-28,0.0,25.7,24.8,0.0,6.85,0.0,0.0,0.0,0.0,0.8494504794814806,0.527668345562516,0.0
2022-03-01,0.0,26.5,24.77,0.0,6.78,0.0,0.0,0.0,-0.0699999999999994,0.8584015232918917,0.512978386299228,0.0
2022-03-02,0.0,26.4,24.73,0.0,6.59,0.0,0.0,0.0,-0.1900000000000004,0.8670985522812081,0.4981366284784055,0.0
2022-03-03,0.0,26.6,24.7,0.0,6.38,0.0,0.0,0.0,-0.20999999999999996,0.8755389928586302,0.4831474640149687,0.0
2022-03-04,0.0,26.2,24.67,0.0,6.31,0.0,0.0,0.0,-0.07000000000000028,0.8837203473619977,0.4680153284438345,0.0
2022-03-05,0.0,26.7,24.63,0.0,6.38,0.0,0.0,0.0,0.07000000000000028,0.8916401947968874,0.45274469960737107,0.0
2022-03-06,0.0,27.1,24.63,0.0,6.43,0.0,0.0,0.0,0.04999999999999982,0.8992961915530253,0.4373400963303323,0.0
2022-03-07,0.0,27.4,24.6,0.0,6.28,0.0,0.0,0.0,-0.14999999999999947,0.9066860720977985,0.4218060770826634,0.0
2022-03-08,0.0,27.3,24.59,0.0,6.35,0.0,0.0,0.0,0.0699999999999994,0.9138076496466615,0.4061472386305789,0.0
2022-03-09,0.0,26.9,24.56,0.0,6.53,0.0,0.0,0.0,0.1800000000000006,0.9206588168102428,0.3903682146763026,0.0
2022-03-10,0.0,27.6,24.54,0.0,6.59,0.0,0.0,0.0,0.05999999999999961,0.9272375462179537,0.374473674486883,0.0
2022-03-11,0.0,27.5,24.54,2.4,6.66,0.0,0.0,2.400000000000064,0.07000000000000028,0.9335418911179212,0.35846832151248087,0.0
2022-03-12,0.3,26.8,24.54,0.0,6.62,0.3000000000000355,0.29999999999998933,2.400000000000064,-0.040000000000000036,0.9395699859530622,0.342356891994542,0.0
2022-03-13,0.0,28.0,24.49,0.0,6.41,0.3000000000000355,0.29999999999998933,2.400000000000064,-0.20999999999999996,0.945320046913132,0.3261441535642696,0.0
2022-03-14,0.0,29.1,24.48,0.0,6.19,0.3000000000000355,0.29999999999998933,2.400000000000064,-0.21999999999999975,0.9507903724625832,0.3098349038318025,0.0
2022-03-15,0.0,28.5,24.43,0.0,6.16,0.0,0.29999999999998933,2.400000000000064,-0.03000000000000025,0.9559793438440766,0.2934339689665273,0.0
2022-03-16,0.0,28.7,24.4,0.0,6.13,0.0,0.29999999999998933,2.400000000000064,-0.03000000000000025,0.9608854255574977,0.27694620226893646,0.0
2022-03-17,0.0,29.1,24.4,0.0,6.19,0.0,0.29999999999998933,2.400000000000064,0.0600000000000005,0.9655071658143364,0.2603764827344581,0.0
2022-03-18,0.0,28.1,24.38,0.0,6.21,0.0,0.29999999999998933,0.0,0.019999999999999574,0.969843196967294,0.24372971360968387,0.0
2022-03-19,0.0,26.7,24.37,1.7,6.21,0.0,0.0,1.700000000000064,0.0,0.9738922359149924,0.22701082094141847,0.0
2022-03-20,0.0,26.8,24.64,0.2,6.21,0.0,0.0,1.9000000000000639,0.0,0.9776530844816641,0.2102247521189836,0.0
2022-03-21,0.0,27.1,24.8,0.0,6.41,0.0,0.0,1.9000000000000639,0.20000000000000018,0.981124629771712,0.19337647441020586,0.0
2022-03-22,0.2,27.6,24.67,1.9,6.53,0.20000000000003554,0.19999999999998935,3.8000000000000638,0.1200000000000001,0.984305844499033,0.17647097349152166,0.0
2022-03-23,0.0,28.6,24.52,1.6,6.59,0.20000000000003554,0.19999999999998935,5.400000000000064,0.05999999999999961,0.9871957872910085,0.15951325197263655,0.0
2022-03-24,0.1,28.0,24.55,0.9,6.5,0.30000000000003557,0.2999999999999894,6.300000000000064,-0.08999999999999986,0.9897936029670716,0.14250832791617088,0.0
2022-03-25,0.2,27.4,24.85,0.8,6.59,0.30000000000003557,0.49999999999998934,7.100000000000064,0.08999999999999986,0.992098522791769,0.12546123335273648,0.0
2022-03-26,0.4,28.3,25.36,0.2,6.69,0.7000000000000356,0.8999999999999894,5.600000000000064,0.10000000000000053,0.9941098647022418,0.10837701279187609,0.0
2022-03-27,0.0,28.2,25.28,1.6,6.66,0.6000000000000356,0.8999999999999894,7.000000000000064,-0.03000000000000025,0.9958270335100595,0.09126072172931188,0.0
2022-03-28,0.0,29.3,25.09,0.0,6.66,0.40000000000003555,0.8999999999999894,7.000000000000064,0.0,0.9972495210773451,0.07411742515094437,0.0
2022-03-29,0.0,29.5,24.97,1.0,6.43,0.0,0.6999999999999893,6.1000000000000645,-0.23000000000000043,0.998376906467142,0.056952196034039754,0.0
2022-03-30,0.0,29.1,24.98,0.1,6.1,0.0,0.6999999999999893,4.600000000000064,-0.33000000000000007,0.9992088560679753,0.03977011384605572,0.0
2022-03-31,0.0,28.7,24.83,0.0,5.87,0.0,0.5999999999999893,3.700000000000064,-0.22999999999999954,0.9997451236925734,0.022576263041545485,0.0
2022-04-01,0.0,28.9,24.78,0.0,5.84,0.0,0.39999999999998936,2.900000000000064,-0.03000000000000025,0.9999855506507186,0.005375731557583884,0.0
2022-04-02,0.0,27.8,24.74,0.0,5.87,0.0,0.0,2.700000000000064,0.03000000000000025,0.9999300657962057,-0.011826390691832589,0.0
2022-04-03,0.0,28.4,24.7,0.4,6.0,0.0,0.0,1.500000000000064,0.1299999999999999,0.9995786855478958,-0.029025013321975237,0.0
2022-04-04,1.9,28.2,25.65,0.8,6.16,1.9000000000000354,1.8999999999999893,2.3000000000000638,0.16000000000000014,0.9989315138848577,-0.046215046983708354,0.0
2022-04-05,0.0,27.9,27.33,10.3,6.96,1.9000000000000354,1.8999999999999893,11.600000000000065,0.7999999999999998,0.9979887423155984,-0.06339140486951038,0.0
2022-04-06,0.1,27.9,26.54,2.6,8.38,2.0000000000000355,1.9999999999999893,14.100000000000065,1.4200000000000008,0.9967506498213929,-0.08054900421874167,0.0
2022-04-07,0.2,28.5,25.83,0.0,7.85,0.30000000000003557,2.199999999999989,14.100000000000065,-0.5300000000000011,0.9952176027737294,-0.09768276782171598,0.0
2022-04-08,0.0,28.4,25.63,2.8,7.15,0.30000000000003557,2.199999999999989,16.900000000000066,-0.6999999999999993,0.9933900548258936,-0.11478762552212701,0.0
2022-04-09,0.1,27.9,25.65,0.1,7.18,0.30000000000003557,2.299999999999989,17.000000000000064,0.02999999999999936,0.9912685467787256,-0.13185851571739118,0.0
2022-04-10,0.0,28.0,25.99,2.3,7.15,0.10000000000003553,2.299999999999989,18.900000000000066,-0.02999999999999936,0.9888537064205885,-0.1488903868564548,0.0
2022-04-11,0.0,27.8,29.82,1.6,7.13,0.10000000000003553,0.39999999999998936,19.700000000000067,-0.020000000000000462,0.986146248341595,-0.16587819893463143,0.0
2022-04-12,0.0,27.8,36.07,0.0,6.85,0.0,0.39999999999998936,9.400000000000064,-0.28000000000000025,0.9831469737221499,-0.1828169249850199,0.0
2022-04-13,0.0,28.7,34.22,0.0,6.35,0.0,0.2999999999999894,6.800000000000065,-0.5,0.9798567700958665,-0.1997015525660636,0.0
2022-04-14,1.7,26.4,32.7,0.3,6.06,1.7000000000000355,1.7999999999999894,7.1000000000000645,-0.29000000000000004,0.9762766110869321,-0.21652708524481437,0.0
2022-04-15,0.8,26.6,33.06,2.0,6.41,2.5000000000000355,2.5999999999999894,6.300000000000065,0.35000000000000053,0.9724075561219968,-0.23328854407545518,0.0
2022-04-16,0.0,27.1,34.71,0.9,6.0,2.5000000000000355,2.4999999999999893,7.100000000000064,-0.41000000000000014,0.9682507501166718,-0.2499809690726521,0.0
2022-04-17,0.0,26.8,33.3,0.0,5.25,0.8000000000000356,2.4999999999999893,4.800000000000064,-0.75,0.9638074231367307,-0.26659942067929354,0.0
2022-04-18,0.4,26.2,31.79,0.0,4.81,0.40000000000003555,2.8999999999999893,3.200000000000064,-0.4400000000000004,0.9590788900341131,-0.28313898122818354,0.0
2022-04-19,1.0,26.8,30.78,0.9,4.66,1.4000000000000354,3.8999999999999893,4.100000000000064,-0.14999999999999947,0.9540665500578387,-0.2995947563972602,0.0
2022-04-20,0.0,28.9,30.14,3.2,4.53,1.4000000000000354,3.8999999999999893,7.300000000000065,-0.1299999999999999,0.9487718864399473,-0.31596187665790293,0.0
2022-04-21,0.0,30.4,29.61,0.2,4.43,1.0000000000000355,2.1999999999999895,7.200000000000064,-0.10000000000000053,0.9431964659565866,-0.33223549871590435,0.0
2022-04-22,1.7,28.6,29.2,0.1,4.43,1.7000000000000357,3.099999999999989,5.300000000000065,0.0,0.9373419384643772,-0.3484108069446808,0.0
2022-04-23,1.3,27.8,29.7,4.6,4.6,3.0000000000000355,4.39999999999999,9.000000000000064,0.16999999999999993,0.9312100364121947,-0.3644830148102912,0.0
2022-04-24,0.5,27.8,30.0,0.6,4.22,3.5000000000000355,4.89999999999999,9.600000000000064,-0.3799999999999999,0.9248025743285089,-0.38044736628785164,0.0
2022-04-25,0.0,28.9,29.8,0.0,4.0,1.8000000000000358,4.499999999999989,9.600000000000064,-0.21999999999999975,0.9181214482844364,-0.39629913726891813,0.0
2022-04-26,0.0,29.3,29.52,0.0,4.0,0.5000000000000357,3.4999999999999893,8.700000000000063,0.0,0.9111686353326631,-0.41203363695942635,0.0
2022-04-27,0.0,30.5,29.78,0.0,3.75,0.0,3.4999999999999893,5.500000000000064,-0.25,0.9039461929224011,-0.42764620926777464,0.0
2022-04-28,1.4,29.3,29.91,11.3,3.81,1.4000000000000357,4.89999999999999,16.600000000000065,0.06000000000000005,0.8964562582905575,-0.44313223418263453,0.0
2022-04-29,0.0,29.5,29.59,0.4,3.44,1.4000000000000357,3.199999999999989,16.900000000000063,-0.3700000000000001,0.8887010478292915,-0.45848712914008766,0.0
2022-04-30,0.0,28.6,29.94,0.0,2.6,1.4000000000000357,1.899999999999989,12.300000000000066,-0.8399999999999999,0.8806828564301475,-0.47370635037968,0.0
2022-05-01,0.0,27.7,30.33,0.0,1.65,0.0,1.399999999999989,11.700000000000067,-0.9500000000000002,0.8724040568049612,-0.48878539428899265,0.0
2022-05-02,0.0,27.7,29.9,0.2,0.94,0.0,1.399999999999989,11.900000000000066,-0.71,0.8638670987837349,-0.503719798736334,0.0
2022-05-03,0.0,27.9,29.84,0.3,0.72,0.0,1.399999999999989,12.200000000000067,-0.21999999999999997,0.8550745085896932,-0.518505144391157,0.0
2022-05-04,0.0,28.7,29.41,0.0,0.75,0.0,1.399999999999989,12.200000000000067,0.030000000000000027,0.8460288880917339,-0.533137056031809,0.0
2022-05-05,0.0,28.7,28.5,0.1,0.72,0.0,0.0,1.0000000000000657,-0.030000000000000027,0.8367329140344921,-0.5476112038402312,0.0
2022-05-06,0.0,28.9,27.8,0.0,0.72,0.0,0.0,0.6000000000000657,0.0,0.8271893372462497,-0.5619233046832195,0.0
2022-05-07,0.0,28.4,28.13,0.2,0.69,0.0,0.0,0.8000000000000658,-0.030000000000000027,0.8174009818249189,-0.5760691233798758,0.0
2022-05-08,0.0,29.3,28.72,0.0,0.69,0.0,0.0,0.8000000000000658,0.0,0.8073707443023492,-0.5900444739548627,0.0
2022-05-09,0.1,28.1,29.52,0.4,0.69,0.10000000000003575,0.09999999999998913,1.0000000000000657,0.0,0.7971015927871943,-0.6038452208771035,0.0
2022-05-10,0.1,27.3,29.59,0.6,0.69,0.20000000000003576,0.19999999999998913,1.3000000000000658,0.0,0.7865965660866021,-0.6174672802835514,0.0
2022-05-11,0.8,26.6,29.21,2.7,1.81,1.0000000000000357,0.9999999999999891,4.000000000000066,1.12,0.7758587728069828,-0.6309066211876704,0.0
2022-05-12,0.1,26.8,29.17,4.6,4.81,1.0000000000000357,1.0999999999999892,8.500000000000066,2.9999999999999996,0.7648913904341225,-0.6441592666722685,0.0
2022-05-13,0.4,25.6,30.5,1.7,5.78,1.3000000000000358,1.4999999999999891,10.200000000000065,0.9700000000000006,0.753697664392914,-0.6572212950663319,0.0
2022-05-14,0.0,26.9,30.93,1.0,5.53,0.5000000000000356,1.4999999999999891,11.000000000000066,-0.25,0.742280907086982,-0.6700888411055113,0.0
2022-05-15,1.2,27.5,30.48,0.5,5.28,1.6000000000000356,2.699999999999989,11.500000000000066,-0.25,0.7306444969184916,-0.6827580970759147,0.0
2022-05-16,0.2,27.6,30.27,2.2,5.0,1.4000000000000357,2.799999999999989,13.300000000000066,-0.28000000000000025,0.7187918772884232,-0.6952253139408722,0.0
2022-05-17,1.3,28.0,29.54,1.4,5.34,2.7000000000000357,3.999999999999989,14.100000000000067,0.33999999999999986,0.7067265555776158,-0.7074868024503348,0.0
2022-05-18,0.0,27.2,29.1,0.4,6.13,1.5000000000000357,3.199999999999989,11.800000000000066,0.79,0.6944521021088763,-0.719538934232584,0.0
2022-05-19,10.7,25.4,30.16,14.3,11.05,12.000000000000036,13.799999999999988,21.500000000000068,4.920000000000001,0.6819721490904629,-0.7313781428679254,0.0
2022-05-20,46.3,22.2,46.2,61.1,16.7,57.00000000000003,59.69999999999999,80.90000000000006,5.649999999999999,0.6692903895412567,-0.7430009249440493,0.0
2022-05-21,0.8,23.6,48.93,4.2,14.85,57.800000000000026,60.499999999999986,84.10000000000007,-1.8499999999999996,0.6564105761979381,-0.7544038410927472,0.0
2022-05-22,1.0,25.3,46.87,7.9,12.06,48.10000000000002,60.29999999999998,91.50000000000007,-2.789999999999999,0.6433365204044917,-0.765583517007675,0.0
2022-05-23,0.7,25.8,45.2,11.9,10.25,2.5000000000000284,60.79999999999999,101.20000000000007,-1.8100000000000005,0.6300720909843687,-0.7765366444428655,0.0
2022-05-24,2.1,26.1,44.11,6.0,9.07,3.8000000000000282,61.59999999999999,105.80000000000007,-1.1799999999999997,0.6166212130956382,-0.7872599821916922,0.0
2022-05-25,0.0,26.2,43.44,0.5,8.35,2.8000000000000287,61.59999999999999,105.90000000000006,-0.7200000000000006,0.6029878670694714,-0.7977503570459932,0.0
2022-05-26,0.0,25.5,41.22,0.7,7.85,2.100000000000029,50.89999999999999,92.30000000000007,-0.5,0.5891760872322963,-0.8080046647350754,0.0
2022-05-27,0.1,25.4,39.26,1.7,7.49,0.10000000000002843,4.699999999999993,32.90000000000006,-0.35999999999999943,0.5751899607119775,-0.8180198708443174,0.0
2022-05-28,0.0,25.4,37.3,1.5,7.28,0.10000000000002843,3.8999999999999932,30.200000000000063,-0.20999999999999996,0.5610336262283677,-0.8277930117131022,0.0
2022-05-29,0.0,25.8,35.68,2.3,7.13,0.10000000000002843,2.8999999999999932,24.600000000000062,-0.15000000000000036,0.5467112728685939,-0.8373211953118121,0.0
2022-05-30,0.2,26.3,34.3,0.6,7.04,0.20000000000002843,2.399999999999993,13.300000000000063,-0.08999999999999986,0.5322271388474397,-0.8466016020976267,0.0
2022-05-31,0.4,26.3,32.76,2.3,6.94,0.6000000000000285,0.699999999999993,9.600000000000064,-0.09999999999999964,0.5175855102531889,-0.8556314858488706,0.0
2022-06-01,10.7,25.6,32.35,1.0,6.91,11.300000000000027,11.399999999999991,10.100000000000064,-0.03000000000000025,0.5027907197793043,-0.8644081744776648,0.0
2022-06-02,23.6,25.6,36.95,12.6,6.91,34.70000000000003,34.99999999999999,22.000000000000064,0.0,0.4878471454423119,-0.8729290708206411,0.0
2022-06-03,1.7,26.2,41.71,0.4,7.0,36.000000000000036,36.599999999999994,20.700000000000063,0.08999999999999986,0.47275920928627757,-0.881191653407483,0.0
2022-06-04,0.1,26.9,41.41,0.2,6.94,25.40000000000003,36.69999999999999,19.400000000000066,-0.05999999999999961,0.4575313760742512,-0.8891934772070711,0.0
2022-06-05,7.8,26.6,39.55,1.3,6.82,9.600000000000028,44.49999999999999,18.400000000000063,-0.1200000000000001,0.44216815196707204,-0.8969321743510065,0.0
2022-06-06,2.8,26.0,37.86,1.7,6.78,10.700000000000028,47.099999999999994,19.500000000000064,-0.040000000000000036,0.42667408318992467,-0.9044054548343001,0.0
2022-06-07,1.7,25.4,36.65,4.3,8.77,12.300000000000027,48.39999999999999,21.500000000000064,1.9899999999999993,0.4110537546870351,-0.9116111071930239,0.0
2022-06-08,3.6,25.7,35.79,3.8,10.51,8.100000000000028,41.3,24.300000000000065,1.7400000000000002,0.3953117887649151,-0.9185469991587165,0.0
2022-06-09,1.6,25.6,36.44,6.7,10.17,6.900000000000029,19.299999999999994,18.400000000000063,-0.33999999999999986,0.37945284372454435,-0.925211078289358,0.0
2022-06-10,8.1,24.7,37.62,18.7,9.79,13.30000000000003,25.699999999999992,36.70000000000007,-0.3800000000000008,0.36348161248290634,-0.9316013725767187,0.0
2022-06-11,9.1,24.0,40.57,8.4,11.33,18.800000000000026,34.69999999999999,44.90000000000006,1.540000000000001,0.3474028211842774,-0.9377159910299093,0.0
2022-06-12,1.2,24.0,42.54,4.7,12.46,18.400000000000027,28.099999999999994,48.30000000000007,1.1300000000000008,0.3312212278016865,-0.9435531242349544,0.0
2022-06-13,0.8,24.9,41.25,5.0,12.06,11.100000000000028,26.099999999999994,51.600000000000065,-0.40000000000000036,0.31494162072895193,-0.9491110448902284,0.0
2022-06-14,1.2,25.2,39.98,3.9,10.61,3.2000000000000286,25.599999999999994,51.20000000000007,-1.450000000000001,0.2985688173637202,-0.9543881083175908,0.0
2022-06-15,0.9,25.3,38.49,6.7,9.26,2.9000000000000283,22.89999999999999,54.100000000000065,-1.3499999999999996,0.2821076626819194,-0.9593827529490743,0.0
2022-06-16,0.6,25.0,37.51,4.4,8.51,2.7000000000000286,21.89999999999999,51.80000000000007,-0.75,0.26556302780405594,-0.9640935007889755,0.0
2022-06-17,6.0,25.4,37.15,5.4,9.09,7.500000000000028,19.799999999999994,38.500000000000064,0.5800000000000001,0.24893980855376657,-0.9685189578512204,0.0
2022-06-18,5.1,24.8,36.94,5.5,10.22,11.700000000000028,15.799999999999994,35.600000000000065,1.1300000000000008,0.23224292400907015,-0.9726578145718654,0.0
2022-06-19,9.1,24.6,37.3,10.9,11.11,20.200000000000028,23.699999999999992,41.80000000000007,0.8899999999999988,0.21547731504673012,-0.976508846196619,0.0
2022-06-20,6.7,24.1,38.41,24.4,12.24,20.900000000000027,29.59999999999999,61.20000000000006,1.1300000000000008,0.19864794288017112,-0.9800709131432666,0.0
2022-06-21,10.6,22.7,40.51,49.1,19.14,26.400000000000027,38.99999999999999,106.40000000000006,6.9,0.18175978759137534,-0.9833429613388902,0.0
2022-06-22,4.4,23.2,42.82,9.9,27.51,21.700000000000028,42.49999999999999,109.60000000000007,8.370000000000001,0.16481784665719793,-0.9863240225317866,0.0
2022-06-23,2.5,24.1,45.97,7.1,33.83,17.50000000000003,44.39999999999999,112.30000000000007,6.319999999999997,0.14782713347053048,-0.9890132145779883,0.0
2022-06-24,1.6,23.9,44.72,8.7,33.99,8.50000000000003,39.99999999999999,115.60000000000007,0.1600000000000037,0.13079267585675922,-0.9914097417023038,0.0
2022-06-25,3.5,23.2,44.21,35.1,32.5,7.60000000000003,38.39999999999999,145.20000000000007,-1.490000000000002,0.11371951458594969,-0.9935128947338007,0.0
2022-06-26,18.4,22.8,47.8,19.3,54.08,23.50000000000003,47.69999999999999,153.60000000000008,21.58,0.0966127018812031,-0.9953220513156602,0.0
2022-06-27,11.5,23.2,49.04,21.6,80.66,33.40000000000003,52.499999999999986,150.80000000000007,26.58,0.07947729992362097,-0.9968366760893436,0.0
2022-06-28,1.2,23.3,47.44,6.3,82.75,31.100000000000026,43.099999999999994,108.00000000000007,2.0900000000000034,0.062318379354325076,-0.998056320853012,0.0
2022-06-29,7.3,23.6,46.73,13.1,68.34,20.00000000000003,45.999999999999986,111.20000000000006,-14.409999999999997,0.04514101777397193,-0.9989806246941579,0.0
2022-06-30,7.8,23.6,45.86,17.4,66.61,16.30000000000003,51.29999999999999,121.50000000000007,-1.730000000000004,0.02795029824021032,-0.999609314096404,0.0
2022-07-01,2.8,23.7,44.5,21.7,90.41,17.900000000000027,52.499999999999986,134.50000000000006,23.799999999999997,0.01075130776352193,-0.9999422030204416,0.0
2022-07-02,3.1,23.5,43.74,23.1,120.62,13.700000000000028,52.09999999999999,122.50000000000007,30.210000000000008,-0.00645086419810515,-0.9999791929590823,0.0
2022-07-03,1.9,23.7,42.79,17.8,142.55,7.800000000000028,35.59999999999999,121.00000000000007,21.930000000000007,-0.023651127245231586,-0.9997202729664083,0.0
2022-07-04,24.9,23.0,44.38,56.8,285.42,29.900000000000027,48.999999999999986,156.20000000000005,142.87,-0.04084439154329611,-0.9991655196610109,0.0
2022-07-05,20.0,22.7,48.31,63.0,536.03,46.800000000000026,67.79999999999998,212.9000000000001,250.60999999999996,-0.05802556932878035,-0.9983150972033183,0.0
2022-07-06,10.5,22.7,50.09,28.4,627.06,55.40000000000003,70.99999999999999,228.20000000000005,91.02999999999997,-0.07518957641475855,-0.9971692572470178,0.0
2022-07-07,5.7,22.8,49.14,38.9,590.56,36.20000000000003,68.89999999999999,249.70000000000007,-36.5,-0.09233133369539122,-0.9957283388645872,0.0
2022-07-08,13.8,22.3,49.45,56.2,590.56,30.00000000000003,79.89999999999999,284.20000000000005,0.0,-0.10944576864891556,-0.993992768446958,0.0
2022-07-09,32.2,21.3,51.09,47.5,656.66,51.70000000000003,108.99999999999999,308.6,66.10000000000002,-0.12652781683868314,-0.9919630595773397,0.0
2022-07-10,13.1,21.5,50.16,52.8,705.32,59.10000000000003,120.19999999999999,343.6000000000001,48.66000000000008,-0.1435724234118113,-0.9896398128792412,0.0
2022-07-11,33.4,20.9,51.26,84.5,793.33,78.70000000000003,128.7,371.30000000000007,88.00999999999999,-0.16057454459499376,-0.9870237158387383,0.0
2022-07-12,32.1,21.4,51.31,110.6,904.73,78.60000000000002,140.79999999999998,418.9000000000001,111.39999999999998,-0.17752914918703497,-0.984115542601034,0.0
2022-07-13,43.1,21.3,51.29,107.5,1031.76,108.60000000000004,173.39999999999998,498.0000000000001,127.02999999999997,-0.19443122004766195,-0.9809161537413774,0.0
2022-07-14,31.7,21.7,51.34,122.8,1155.11,106.90000000000003,199.4,581.9000000000001,123.34999999999991,-0.2112757555821793,-0.9774264960104055,0.0
2022-07-15,9.2,22.6,51.15,56.1,1098.01,84.00000000000003,194.79999999999998,581.8,-57.09999999999991,-0.2280577712215198,-0.9736476020539838,0.0
2022-07-16,9.9,23.3,50.74,63.8,987.55,50.800000000000026,172.49999999999997,598.1,-110.46000000000004,-0.24477230089725957,-0.9695805901076308,0.0
2022-07-17,6.7,23.5,50.19,45.3,896.43,25.80000000000003,166.09999999999997,590.6,-91.12,-0.2614143985111562,-0.965226663665613,0.0
2022-07-18,4.3,22.2,50.26,26.1,723.44,20.900000000000027,137.0,532.2,-172.9899999999999,-0.2779791393987801,-0.9605871111248129,0.0
2022-07-19,1.2,23.2,49.0,17.8,525.02,12.200000000000028,106.09999999999998,439.4000000000001,-198.42000000000007,-0.2944616217868012,-0.9556633054034704,0.0
2022-07-20,1.3,23.7,48.47,18.9,365.44,6.800000000000028,64.29999999999998,350.80000000000007,-159.57999999999998,-0.3108569682435036,-0.9504567035349151,0.0
2022-07-21,1.1,23.9,47.29,15.3,256.63,3.6000000000000285,33.69999999999998,243.30000000000007,-108.81,-0.3271603271220951,-0.9449688462364056,0.0
2022-07-22,1.2,23.7,46.23,14.6,169.61,3.600000000000029,25.699999999999985,201.80000000000007,-87.01999999999998,-0.34336687399638804,-0.939201357453208,0.0
2022-07-23,1.1,22.8,45.89,18.1,125.18,3.4000000000000288,16.899999999999984,156.10000000000008,-44.43000000000001,-0.3594718130884232,-0.9331559438780432,0.0
2022-07-24,9.8,22.2,47.0,24.6,111.46,12.10000000000003,19.999999999999986,135.4000000000001,-13.720000000000013,-0.3754703786876202,-0.9268343944460494,0.0
2022-07-25,1.8,23.2,46.15,15.9,126.94,12.700000000000031,17.499999999999986,125.20000000000007,15.480000000000004,-0.3913578365610259,-0.9202385798054075,0.0
2022-07-26,1.6,23.6,45.19,3.6,120.9,13.20000000000003,17.899999999999988,111.00000000000009,-6.039999999999992,-0.4071294853542516,-0.9133704517637858,0.0
2022-07-27,12.7,23.7,48.21,27.2,109.92,16.10000000000003,29.299999999999986,119.30000000000007,-10.980000000000004,-0.4227806579826773,-0.9062320427107697,0.0
2022-07-28,3.9,24.6,48.99,2.7,117.03,18.200000000000028,32.09999999999999,106.70000000000007,7.109999999999999,-0.4383067230125192,-0.898825465016444,0.0
2022-07-29,4.4,24.8,48.77,11.1,105.66,21.00000000000003,35.29999999999998,103.20000000000007,-11.370000000000005,-0.45370308603134424,-0.8911529104063088,0.0
2022-07-30,15.1,24.5,49.81,9.1,85.7,23.400000000000027,49.29999999999998,94.20000000000007,-19.959999999999994,-0.46896519100763184,-0.8832166493127127,0.0
2022-07-31,8.9,24.5,49.2,6.4,74.51,28.40000000000003,48.39999999999999,76.00000000000009,-11.189999999999998,-0.48408852163897587,-0.8750190302029955,0.0
2022-08-01,2.9,24.3,48.25,7.8,74.51,26.900000000000027,49.499999999999986,67.90000000000008,0.0,-0.4990686026885319,-0.8665624788845385,0.0
2022-08-02,2.0,24.2,47.04,8.5,68.02,13.80000000000003,49.89999999999999,72.80000000000007,-6.490000000000009,-0.5139010013093103,-0.8578494977869301,0.0
2022-08-03,10.1,23.8,47.57,9.3,64.77,15.000000000000028,47.29999999999998,54.90000000000008,-3.25,-0.5285813283559292,-0.8488826652214553,0.0
2022-08-04,18.7,23.7,50.18,20.6,58.43,30.800000000000026,62.09999999999999,72.80000000000007,-6.339999999999996,-0.5431052396834317,-0.8396646346181327,0.0
2022-08-05,7.8,23.1,50.38,36.8,63.27,36.60000000000003,65.49999999999999,98.50000000000007,4.840000000000003,-0.5574684374327892,-0.8301981337405212,0.0
2022-08-06,4.5,22.8,50.37,59.1,146.91,31.00000000000003,54.899999999999984,148.50000000000009,83.63999999999999,-0.5716666713027052,-0.8204859638785327,0.0
2022-08-07,22.3,22.5,50.67,98.3,371.39,34.60000000000004,68.29999999999998,240.40000000000006,224.48,-0.5856957398073508,-0.8105309990194823,0.0
2022-08-08,29.7,22.2,51.36,132.6,614.18,56.50000000000003,95.09999999999998,365.20000000000005,242.78999999999996,-0.5995514915196489,-0.8003361849976323,0.0
2022-08-09,17.2,22.1,51.22,110.1,858.01,69.20000000000003,110.29999999999998,466.80000000000007,243.83000000000004,-0.6132298262997502,-0.7899045386224707,0.0
2022-08-10,12.1,22.2,50.74,80.4,999.0,59.000000000000036,112.29999999999998,537.9000000000001,140.99,-0.6267266965083301,-0.7792391467859886,0.0
2022-08-11,12.3,22.6,51.11,79.8,967.28,41.60000000000003,105.89999999999999,597.1,-31.720000000000027,-0.6400381082043503,-0.7683431655492202,0.0
2022-08-12,6.0,23.0,50.47,60.9,936.56,30.400000000000034,104.1,621.2,-30.720000000000027,-0.65316012232693,-0.7572198192083127,0.0
2022-08-13,5.3,23.0,49.9,36.1,913.11,23.60000000000003,104.89999999999999,598.2,-23.449999999999932,-0.666088855860977,-0.7458723993404063,0.0
2022-08-14,3.8,22.8,49.41,18.8,806.24,15.100000000000032,86.39999999999999,518.7,-106.87,-0.6788204829862355,-0.734304263829602,0.0
2022-08-15,2.9,22.7,48.74,14.4,659.69,12.000000000000032,59.59999999999999,400.50000000000006,-146.54999999999995,-0.6913512362094071,-0.722518835873311,0.0
2022-08-16,1.7,22.6,48.33,15.8,494.45,8.400000000000032,44.09999999999999,306.2000000000001,-165.24000000000007,-0.7036774074790128,-0.7105196029692745,0.0
2022-08-17,1.7,23.1,47.81,10.8,376.57,6.300000000000032,33.69999999999998,236.60000000000005,-117.88,-0.7157953492826642,-0.6983101158835584,0.0
2022-08-18,1.4,23.2,46.98,15.1,297.54,4.800000000000032,22.799999999999986,171.90000000000006,-79.02999999999997,-0.7277014757264236,-0.6858939875998223,0.0
2022-08-19,1.3,23.0,45.89,16.8,233.42,4.400000000000031,18.099999999999984,127.80000000000007,-64.12000000000003,-0.7393922635959241,-0.673274892250183,0.0
2022-08-20,1.7,23.3,45.66,20.3,186.07,4.400000000000032,14.499999999999986,112.00000000000006,-47.349999999999994,-0.7508642533989489,-0.6604565640279754,0.0
2022-08-21,2.0,23.1,45.43,18.1,166.49,5.000000000000032,12.699999999999985,111.30000000000007,-19.579999999999984,-0.7621140503891487,-0.6474427960827475,0.0
2022-08-22,2.9,22.9,45.04,24.7,175.2,6.600000000000032,12.699999999999985,121.60000000000005,8.70999999999998,-0.7731383255706026,-0.6342374393978054,0.0
2022-08-23,2.5,23.0,44.57,27.3,163.06,7.400000000000032,13.499999999999986,133.10000000000005,-12.139999999999986,-0.7839338166829201,-0.620844401650647,0.0
2022-08-24,3.2,22.7,44.38,19.8,158.59,8.600000000000032,14.999999999999986,142.10000000000008,-4.469999999999999,-0.7944973291665992,-0.6072676460566135,0.0
2022-08-25,1.8,23.3,44.42,7.0,151.05,7.500000000000032,15.399999999999986,134.00000000000006,-7.539999999999992,-0.8048257371083452,-0.593511190196115,0.0
2022-08-26,1.6,23.8,42.99,4.6,127.82,6.600000000000032,15.699999999999985,121.80000000000005,-23.230000000000018,-0.8149159841660791,-0.5795791048257612,0.0
2022-08-27,4.3,23.7,42.41,4.0,92.97,7.700000000000031,18.299999999999986,105.50000000000006,-34.849999999999994,-0.8247650844733614,-0.5654755126737576,0.0
2022-08-28,0.4,24.1,42.34,2.6,66.61,6.300000000000033,16.699999999999985,90.00000000000006,-26.36,-0.8343701235229538,-0.5512045872199277,0.0
2022-08-29,3.9,24.3,41.2,4.8,47.87,8.600000000000032,17.699999999999985,70.10000000000007,-18.740000000000002,-0.8437282590292712,-0.5367705514607103,0.0
2022-08-30,9.7,23.9,44.82,16.1,33.67,14.000000000000032,24.899999999999984,58.900000000000055,-14.199999999999996,-0.8528367217694595,-0.522177676659508,0.0
2022-08-31,10.3,24.5,47.14,6.4,25.85,23.900000000000034,31.999999999999986,45.50000000000006,-7.82,-0.8616928164028522,-0.5074302810827518,0.0
2022-09-01,3.0,24.0,49.47,11.6,41.66,23.000000000000036,33.19999999999999,50.10000000000006,15.809999999999995,-0.8702939222685674,-0.49253272872205434,0.0
2022-09-02,4.3,24.5,48.95,7.5,74.68,17.600000000000033,35.899999999999984,53.00000000000006,33.02000000000001,-0.8786374941610001,-0.4774894280028391,0.0
2022-09-03,6.0,24.2,49.59,18.9,87.51,13.300000000000033,37.59999999999999,67.90000000000006,12.829999999999998,-0.886721063082993,-0.46230483047981086,0.0
2022-09-04,5.8,24.4,48.71,8.7,87.92,16.100000000000033,42.999999999999986,74.00000000000006,0.4099999999999966,-0.8945422369764496,-0.4469834295196741,0.0
2022-09-05,5.4,24.1,48.27,12.1,73.99,17.20000000000003,44.499999999999986,81.30000000000005,-13.930000000000007,-0.9020987014301837,-0.43152975897147144,0.0
2022-09-06,25.5,23.6,49.25,24.2,65.83,36.70000000000003,60.29999999999998,89.40000000000006,-8.159999999999997,-0.9093882203647925,-0.4159483918249421,0.0
2022-09-07,11.4,23.6,50.36,26.8,72.79,42.30000000000003,61.39999999999999,109.80000000000005,6.960000000000008,-0.9164086366943458,-0.4002439388573056,0.0
2022-09-08,14.4,23.7,50.06,12.3,71.78,51.30000000000004,72.79999999999998,110.50000000000006,-1.0100000000000051,-0.9231578729647039,-0.38442104726885545,0.0
2022-09-09,12.5,23.7,50.19,39.3,77.34,38.30000000000003,81.0,142.30000000000007,5.560000000000002,-0.9296339319682695,-0.3684843993077793,0.0
2022-09-10,27.9,22.8,50.68,58.3,87.51,54.80000000000003,102.89999999999999,181.70000000000005,10.170000000000002,-0.9358348973349941,-0.35243871088460327,0.0
2022-09-11,51.5,22.6,50.86,81.6,116.49,91.90000000000003,148.59999999999997,254.60000000000005,28.97999999999999,-0.9417589340994617,-0.33628873017668287,0.0
2022-09-12,12.9,23.2,50.52,96.1,224.42,92.30000000000004,156.09999999999997,338.6,107.92999999999999,-0.9474042892438845,-0.32003923622313857,0.0
2022-09-13,5.6,23.2,49.89,32.5,452.94,70.00000000000003,136.2,346.9000000000001,228.52,-0.9527692922168511,-0.30369503751065885,0.0
2022-09-14,2.6,23.3,48.83,27.4,587.84,21.10000000000003,127.39999999999998,347.50000000000006,134.90000000000003,-0.9578523554276669,-0.28726097055059635,0.0
2022-09-15,3.5,23.1,48.31,26.8,513.04,11.700000000000028,116.49999999999997,362.00000000000006,-74.80000000000007,-0.9626519747161487,-0.2707418984477642,0.0
2022-09-16,2.5,22.8,47.94,23.6,401.72,8.600000000000028,106.49999999999997,346.3,-111.31999999999994,-0.9671667297977312,-0.2541427094613622,0.0
2022-09-17,1.3,23.3,47.0,12.4,340.19,7.300000000000029,79.89999999999999,300.40000000000003,-61.53000000000003,-0.97139528468375,-0.23746831555846842,0.0
2022-09-18,1.2,23.2,45.51,10.0,296.17,5.000000000000028,29.599999999999987,228.80000000000004,-44.01999999999998,-0.9753363880767837,-0.2207236509605022,0.0
2022-09-19,1.2,22.7,44.12,5.1,232.88,3.7000000000000286,17.899999999999988,137.80000000000007,-63.29000000000002,-0.9789888737409319,-0.20391367068311472,0.0
2022-09-20,0.4,22.8,42.91,5.8,156.04,2.8000000000000287,12.699999999999985,111.10000000000005,-76.84,-0.9823516608469237,-0.18704334906991657,0.0
2022-09-21,0.1,22.8,41.81,2.7,114.61,1.7000000000000284,10.199999999999987,86.40000000000005,-41.42999999999999,-0.9854237542919524,-0.17011767832049052,0.0
2022-09-22,0.0,22.3,40.45,0.3,76.98,0.5000000000000284,6.699999999999986,59.900000000000055,-37.629999999999995,-0.9882042449941422,-0.15314166701312007,0.0
2022-09-23,1.0,22.5,39.6,6.4,48.55,1.1000000000000285,5.199999999999985,42.70000000000005,-28.430000000000007,-0.9906923101615609,-0.13612033862266704,0.0
2022-09-24,0.5,22.2,38.67,6.0,31.28,1.5000000000000284,4.399999999999985,36.300000000000054,-17.269999999999996,-0.9928872135356962,-0.11905873003404988,0.0
2022-09-25,1.2,23.6,37.44,4.9,23.66,2.7000000000000286,4.399999999999986,31.200000000000056,-7.620000000000001,-0.994788305609327,-0.10196189005174576,0.0
2022-09-26,0.2,23.5,37.04,1.1,23.32,1.9000000000000283,3.3999999999999857,27.200000000000056,-0.33999999999999986,-0.9963950238187231,-0.08483487790576538,0.0
2022-09-27,0.0,23.3,36.12,0.0,20.88,1.4000000000000283,2.999999999999986,21.400000000000055,-2.4400000000000013,-0.9977068927101168,-0.06768276175455162,0.0
2022-09-28,0.0,23.6,34.73,0.6,16.86,0.20000000000002865,2.8999999999999857,19.300000000000058,-4.02,-0.9987235240803972,-0.050510617185222886,0.0
2022-09-29,6.6,23.6,35.77,4.5,13.55,6.600000000000028,9.499999999999986,23.500000000000057,-3.3099999999999987,-0.9994446170919858,-0.033323525711631344,0.0
2022-09-30,3.5,23.8,39.52,7.7,12.55,10.100000000000028,11.999999999999986,24.800000000000058,-1.0,-0.9998699583618592,-0.016126573270657762,0.0
2022-10-01,8.1,23.3,41.59,9.5,12.8,18.200000000000028,19.599999999999987,28.300000000000058,0.25,-0.9999994220246925,0.001075151282798226,0.0
2022-10-02,3.8,23.5,44.9,3.0,17.62,15.400000000000027,22.199999999999985,26.400000000000055,4.82,-0.999832969770105,0.018276557681691223,0.0
2022-10-03,1.9,23.5,43.63,2.5,25.85,13.800000000000027,23.899999999999988,27.800000000000058,8.23,-0.9993706508539969,0.03547255575312556,0.0
2022-10-04,0.8,24.0,42.4,4.0,23.04,6.500000000000028,24.699999999999985,31.800000000000058,-2.8100000000000023,-0.9986126020839734,0.052658056924614005,0.0
2022-10-05,0.1,24.2,41.02,6.4,17.84,2.8000000000000282,24.799999999999986,37.60000000000006,-5.199999999999999,-0.9975590477788613,0.06982797572987089,0.0
2022-10-06,21.5,22.9,43.01,13.1,14.38,22.400000000000027,39.69999999999999,46.20000000000006,-3.459999999999999,-0.9962102997023297,0.0869772313136861,0.0
2022-10-07,6.6,22.3,50.21,18.2,14.52,28.200000000000024,42.79999999999998,56.70000000000005,0.1399999999999988,-0.9945667569706337,0.1041007489354256,0.0
2022-10-08,0.5,23.3,49.25,4.2,31.14,28.60000000000003,35.19999999999999,51.40000000000006,16.62,-0.9926289059345095,0.121193461470736,0.0
2022-10-09,0.6,23.8,47.54,1.6,54.85,7.700000000000028,31.999999999999986,50.00000000000006,23.71,-0.9903973200352558,0.1382503109109819,0.0
2022-10-10,13.0,23.3,47.77,14.0,48.55,14.100000000000028,43.09999999999999,61.50000000000006,-6.300000000000004,-0.9878726596350429,0.15526624985999563,0.0
2022-10-11,11.9,23.4,50.46,27.7,34.89,25.50000000000003,54.19999999999999,85.20000000000006,-13.659999999999997,-0.9850556718215013,0.172236243027682,0.0
2022-10-12,20.8,22.8,50.76,33.4,52.83,45.70000000000003,74.89999999999999,112.20000000000005,17.939999999999998,-0.981947190186646,0.18915526872004093,0.0
2022-10-13,11.5,23.3,50.0,9.3,140.91,44.20000000000003,64.89999999999999,108.40000000000006,88.08,-0.9785481345802031,0.20601832032517084,0.0
2022-10-14,20.5,22.8,50.48,14.8,207.45,52.800000000000026,78.79999999999998,105.00000000000006,66.53999999999999,-0.9748595108374125,0.22282040779479959,0.0
2022-10-15,4.4,23.3,49.47,4.1,196.24,36.400000000000034,82.69999999999999,104.90000000000005,-11.20999999999998,-0.9708824104813836,0.23955655912092708,0.0
2022-10-16,10.3,22.8,49.28,15.1,212.3,35.20000000000003,92.39999999999998,118.40000000000006,16.060000000000002,-0.9666180104000972,0.2562218218071163,0.0
2022-10-17,4.7,23.3,49.44,8.3,173.98,19.40000000000003,84.09999999999998,112.70000000000006,-38.32000000000002,-0.9620675724981452,0.27281126433401914,0.0
2022-10-18,1.5,23.2,48.77,13.1,160.06,16.50000000000003,73.69999999999999,98.10000000000005,-13.919999999999987,-0.957232443323312,0.28931997761869527,0.0
2022-10-19,3.1,23.7,48.27,7.4,191.75,9.30000000000003,55.999999999999986,72.10000000000005,31.689999999999998,-0.9521140536681102,0.3057430764672831,0.0
2022-10-20,7.4,23.6,48.74,7.0,175.2,12.000000000000028,51.89999999999999,69.80000000000005,-16.55000000000001,-0.9467139181463862,0.3220757010206104,0.0
2022-10-21,0.9,23.5,47.85,4.5,147.25,11.400000000000029,32.29999999999999,59.50000000000006,-27.94999999999999,-0.9410336347451197,0.3383130181923076,0.0
2022-10-22,2.3,23.7,48.1,3.9,126.06,10.60000000000003,30.19999999999999,59.300000000000054,-21.189999999999998,-0.9350748843515574,0.3544502230989869,0.0
2022-10-23,0.0,22.3,46.36,0.0,103.95,3.200000000000029,19.899999999999984,44.20000000000006,-22.11,-0.9288394302558068,0.3704825404820963,0.0
2022-10-24,0.0,21.3,44.43,0.0,87.92,2.300000000000029,15.199999999999985,35.900000000000055,-16.03,-0.9223291176290545,0.3864052261209853,0.0
2022-10-25,0.0,21.5,42.67,0.0,63.71,0.0,13.699999999999985,22.800000000000054,-24.21,-0.9155458729775467,0.40221356823680365,0.0
2022-10-26,0.0,21.9,41.17,0.0,39.18,0.0,10.599999999999985,15.400000000000057,-24.53,-0.9084917035725082,0.41790288888678667,0.0
2022-10-27,0.0,21.6,39.41,0.0,24.12,0.0,3.1999999999999855,8.400000000000057,-15.059999999999999,-0.9011686968561569,0.4334685453485363,0.0
2022-10-28,0.0,22.3,38.18,0.0,15.98,0.0,2.2999999999999856,3.9000000000000568,-8.14,-0.8935790198239952,0.4489059314938798,0.0
2022-10-29,0.0,22.5,36.99,0.0,13.13,0.0,0.0,0.0,-2.8499999999999996,-0.8857249183835637,0.4642104791518923,0.0
2022-10-30,0.0,22.1,35.37,0.0,12.24,0.0,0.0,0.0,-0.8900000000000006,-0.8776087166898392,0.4793776594606945,0.0
2022-10-31,0.0,21.9,33.53,0.0,11.85,0.0,0.0,0.0,-0.39000000000000057,-0.8692328164574792,0.49440298420761813,0.0
2022-11-01,0.0,22.0,32.07,0.0,11.59,0.0,0.0,0.0,-0.2599999999999998,-0.8605996962501181,0.5092820071573356,0.0
2022-11-02,0.1,23.1,30.95,0.7,11.42,0.10000000000002932,0.0999999999999858,0.7000000000000568,-0.16999999999999993,-0.8517119107469189,0.5240103253675756,0.0
2022-11-03,0.0,24.0,29.7,0.0,11.27,0.10000000000002932,0.0999999999999858,0.7000000000000568,-0.15000000000000036,-0.8425720899866032,0.5385835804920232,0.0
2022-11-04,0.2,24.5,28.91,0.1,11.13,0.30000000000002935,0.29999999999998583,0.8000000000000568,-0.1399999999999988,-0.8331829385891785,0.5529974600700271,0.0
2022-11-05,0.6,25.2,28.57,0.2,11.02,0.8000000000000294,0.8999999999999858,1.0000000000000568,-0.11000000000000121,-0.8235472349556007,0.5672476988027229,0.0
2022-11-06,0.2,24.9,28.29,0.0,11.71,1.0000000000000293,1.0999999999999859,1.0000000000000568,0.6900000000000013,-0.8136678304455991,0.5813300798152042,0.0
2022-11-07,0.0,24.4,27.54,0.0,12.65,0.8000000000000294,1.0999999999999859,1.0000000000000568,0.9399999999999995,-0.8035476485339116,0.5952404359043674,0.0
2022-11-08,0.0,24.2,27.65,0.0,12.84,0.20000000000002932,1.0999999999999859,1.0000000000000568,0.1899999999999995,-0.7931896839451843,0.6089746507720486,0.0
2022-11-09,0.0,24.3,27.67,0.0,12.84,0.0,0.9999999999999858,0.3000000000000569,0.0,-0.7825970017677834,0.6225286602431057,0.0
2022-11-10,0.0,23.0,28.29,0.0,12.8,0.0,0.9999999999999858,0.3000000000000569,-0.03999999999999915,-0.7717727365467836,0.6358984534680745,0.0
2022-11-11,0.0,23.7,28.19,0.0,12.74,0.0,0.7999999999999858,0.20000000000005685,-0.0600000000000005,-0.7607200913564104,0.6490800741100398,0.0
2022-11-12,0.0,24.4,28.07,0.0,12.71,0.0,0.1999999999999858,0.0,-0.02999999999999936,-0.7494423368521954,0.6620696215153815,0.0
2022-11-13,0.0,24.7,27.75,0.0,12.65,0.0,0.0,0.0,-0.0600000000000005,-0.7379428103031386,0.6748632518680403,0.0
2022-11-14,0.0,25.1,27.69,0.0,12.58,0.0,0.0,0.0,-0.07000000000000028,-0.7262249146041543,0.6874571793269664,0.0
2022-11-15,0.0,25.0,27.51,0.0,12.55,0.0,0.0,0.0,-0.02999999999999936,-0.7142921172691032,0.699847677146407,0.0
2022-11-16,0.0,24.3,27.66,0.0,11.79,0.0,0.0,0.0,-0.7600000000000016,-0.7021479494046978,0.7120310787787131,0.0
2022-11-17,0.0,23.1,27.32,0.0,10.75,0.0,0.0,0.0,-1.0399999999999991,-0.6897960046655887,0.7240037789593305,0.0
2022-11-18,0.0,22.6,27.48,0.0,10.43,0.0,0.0,0.0,-0.3200000000000003,-0.6772399381909491,0.7357622347736527,0.0
2022-11-19,0.0,21.8,27.76,0.0,10.32,0.0,0.0,0.0,-0.10999999999999943,-0.6644834655228552,0.7473029667054296,0.0
2022-11-20,0.0,21.0,27.2,0.0,10.25,0.0,0.0,0.0,-0.07000000000000028,-0.6515303615068021,0.75862255966641,0.0
2022-11-21,0.0,21.1,27.03,0.0,10.19,0.0,0.0,0.0,-0.0600000000000005,-0.6383844591746642,0.7697176640069211,0.0
2022-11-22,0.0,23.7,26.75,0.0,10.17,0.0,0.0,0.0,-0.019999999999999574,-0.6250496486104377,0.7805849965070866,0.0
2022-11-23,0.1,24.9,26.76,2.3,10.14,0.10000000000002932,0.0999999999999858,2.3000000000000567,-0.02999999999999936,-0.6115298757991053,0.7912213413483807,0.0
2022-11-24,1.7,25.1,26.88,1.2,10.14,1.8000000000000294,1.7999999999999858,3.500000000000057,0.0,-0.5978291414589552,0.801623551065242,0.0
2022-11-25,1.8,25.4,27.28,1.2,10.17,3.6000000000000294,3.599999999999986,4.700000000000056,0.02999999999999936,-0.5839514998576998,0.8117885474764613,0.0
2022-11-26,0.5,25.5,27.23,0.8,10.12,4.000000000000029,4.099999999999985,5.500000000000057,-0.05000000000000071,-0.5699010576127624,0.8217133225960589,0.0
2022-11-27,0.9,25.2,26.99,1.2,10.09,3.200000000000029,4.999999999999986,6.700000000000056,-0.02999999999999936,-0.5556819724760489,0.8313949395234058,0.0
2022-11-28,1.4,24.4,27.34,1.9,10.09,2.800000000000029,6.399999999999986,8.600000000000056,0.0,-0.5412984521036173,0.8408305333122887,0.0
2022-11-29,0.0,24.4,27.79,0.0,10.67,2.300000000000029,6.399999999999986,8.600000000000056,0.5800000000000001,-0.5267547528105542,0.8500173118187018,0.0
2022-11-30,0.0,23.6,28.13,0.0,10.83,1.4000000000000292,6.2999999999999865,6.300000000000057,0.16000000000000014,-0.5120551783114646,0.8589525565270845,0.0
2022-12-01,0.0,22.2,28.47,0.0,10.64,0.0,4.599999999999985,5.1000000000000565,-0.1899999999999995,-0.4972040784469378,0.8676336233547726,0.0
2022-12-02,0.1,23.6,28.09,0.1,10.38,0.10000000000002932,2.8999999999999857,4.000000000000057,-0.2599999999999998,-0.4822058478963526,0.8760579434344281,0.0
2022-12-03,0.0,24.8,27.84,0.0,10.22,0.10000000000002932,2.3999999999999857,3.200000000000057,-0.16000000000000014,-0.46706492487743034,0.8842230238742036,0.0
2022-12-04,0.0,25.0,27.74,0.4,10.12,0.10000000000002932,1.4999999999999858,2.4000000000000568,-0.10000000000000142,-0.451785789832884,0.8921264484954345,0.0
2022-12-05,0.0,25.0,27.75,0.1,10.04,0.0,0.0999999999999858,0.6000000000000568,-0.08000000000000007,-0.4363729641045924,0.8997658785476209,0.0
2022-12-06,0.0,24.1,27.92,0.0,9.99,0.0,0.0999999999999858,0.6000000000000568,-0.049999999999998934,-0.42083100859565564,0.9071390534005044,0.0
2022-12-07,0.0,23.0,28.54,0.0,9.94,0.0,0.0999999999999858,0.6000000000000568,-0.05000000000000071,-0.4051645224207563,0.9142437912130223,0.0
2022-12-08,0.0,23.0,28.85,0.0,9.86,0.0,0.0999999999999858,0.6000000000000568,-0.08000000000000007,-0.3893781415452015,0.9210779895789526,0.0
2022-12-09,0.0,20.8,29.41,0.0,9.81,0.0,0.0,0.5000000000000568,-0.049999999999998934,-0.37347653741307074,0.9276396261490467,0.0
2022-12-10,0.0,22.1,29.28,0.0,9.76,0.0,0.0,0.5000000000000568,-0.05000000000000071,-0.3574644155648614,0.9339267592294762,0.0
2022-12-11,12.6,21.8,32.45,4.8,9.72,12.60000000000003,12.599999999999985,4.900000000000056,-0.03999999999999915,-0.34134651424503615,0.9399375283564133,0.0
2022-12-12,8.8,22.4,36.65,5.3,14.74,21.400000000000027,21.399999999999984,10.100000000000056,5.02,-0.3251276029999093,0.9456701548465688,0.0
2022-12-13,1.1,22.9,37.43,0.0,14.81,22.50000000000003,22.499999999999986,10.100000000000056,0.07000000000000028,-0.30881248126625377,0.9511229423235357,0.0
2022-12-14,0.2,23.2,36.67,0.5,13.86,10.10000000000003,22.699999999999985,10.600000000000056,-0.9500000000000011,-0.29240597695107734,0.9562942772197719,0.0
2022-12-15,0.0,23.0,35.16,0.2,12.06,1.3000000000000285,22.699999999999985,10.800000000000056,-1.799999999999999,-0.27591294500296043,0.9611826292540837,0.0
2022-12-16,0.0,22.9,33.16,0.0,10.99,0.20000000000002843,22.699999999999985,10.800000000000056,-1.0700000000000003,-0.2593382659754056,0.9657865518844574,0.0
2022-12-17,0.0,23.3,31.15,0.0,10.46,0.0,22.699999999999985,10.800000000000056,-0.5299999999999994,-0.2426868445825954,0.9701046827361175,0.0
2022-12-18,0.0,23.8,30.26,0.0,10.14,0.0,10.099999999999987,6.000000000000057,-0.3200000000000003,-0.22596360824801906,0.974135744004672,0.0
2022-12-19,0.0,22.5,29.73,0.0,9.94,0.0,1.2999999999999858,0.7000000000000568,-0.20000000000000107,-0.20917350564635637,0.9778785428342386,0.0
2022-12-20,0.0,21.6,28.45,0.0,9.81,0.0,0.1999999999999858,0.7000000000000568,-0.129999999999999,-0.19232150523909483,0.9813319716704275,0.0
2022-12-21,0.0,22.0,28.0,0.0,9.72,0.0,0.0,0.20000000000005685,-0.08999999999999986,-0.17541259380427843,0.9844950085880858,0.0
2022-12-22,0.0,22.1,27.82,0.0,9.67,0.0,0.0,0.0,-0.05000000000000071,-0.15845177496083632,0.9873667175937016,0.0
2022-12-23,0.0,22.4,27.76,0.0,9.59,0.0,0.0,0.0,-0.08000000000000007,-0.14144406768794202,0.9899462489023779,0.0
2022-12-24,0.0,22.1,27.62,0.0,9.54,0.0,0.0,0.0,-0.05000000000000071,-0.12439450483979998,0.9922328391893008,0.0
2022-12-25,0.0,22.1,27.67,0.0,9.52,0.0,0.0,0.0,-0.019999999999999574,-0.10730813165636247,0.9942258118156161,0.0
2022-12-26,0.0,22.8,27.73,0.0,9.5,0.0,0.0,0.0,-0.019999999999999574,-0.09019000427034513,0.9959245770286599,0.0
2022-12-27,0.0,24.5,27.25,0.0,9.47,0.0,0.0,0.0,-0.02999999999999936,-0.07304518821104743,0.9973286321364752,0.0
2022-12-28,0.0,24.7,26.95,0.0,9.42,0.0,0.0,0.0,-0.05000000000000071,-0.05587875690537313,0.9984375616565666,0.0
2022-12-29,0.0,24.2,26.81,0.0,9.38,0.0,0.0,0.0,-0.03999999999999915,-0.03869579017652689,0.9992510374388481,0.0
2022-12-30,0.0,23.9,26.96,0.0,9.33,0.0,0.0,0.0,-0.05000000000000071,-0.021501372740813793,0.999768818762748,0.0
2022-12-31,0.0,23.4,27.01,0.0,9.28,0.0,0.0,0.0,-0.05000000000000071,-0.004300592702981974,0.9999907524084426,0.0
2023-01-01,0.0,23.2,26.82,0.0,9.21,0.0,0.0,0.0,-0.06999999999999851,0.017201575418260506,0.9998520419557735,0.0
2023-01-02,0.0,23.0,27.13,0.0,9.16,0.0,0.0,0.0,-0.05000000000000071,0.03439806061360801,0.9994082116062598,0.0
2023-01-03,0.0,23.4,26.9,0.0,9.14,0.0,0.0,0.0,-0.019999999999999574,0.051584366869408364,0.9986686402879997,0.0
2023-01-04,0.0,23.0,26.79,0.0,9.09,0.0,0.0,0.0,-0.05000000000000071,0.06875540848113941,0.9976335468520451,0.0
2023-01-05,0.0,22.9,26.57,0.0,9.05,0.0,0.0,0.0,-0.03999999999999915,0.08590610426133272,0.9963032375991965,0.0
2023-01-06,0.0,23.1,26.49,0.0,9.02,0.0,0.0,0.0,-0.030000000000001137,0.10303137904317879,0.9946781061893646,0.0
2023-01-07,0.0,22.7,26.8,0.0,8.98,0.0,0.0,0.0,-0.03999999999999915,0.1201261651823505,0.9927586335250793,0.0
2023-01-08,0.0,22.2,27.11,0.0,8.93,0.0,0.0,0.0,-0.05000000000000071,0.13718540405660057,0.9905453876091833,0.0
2023-01-09,0.0,20.7,26.36,0.0,8.89,0.0,0.0,0.0,-0.03999999999999915,0.1542040475626894,0.988039023376751,0.0
2023-01-10,0.0,20.6,26.41,0.0,8.23,0.0,0.0,0.0,-0.6600000000000001,0.17117705961019986,0.985240282501282,0.0
2023-01-11,0.0,21.0,26.24,0.0,7.61,0.0,0.0,0.0,-0.6200000000000001,0.18809941761179758,0.9821499931752291,0.0
2023-01-12,0.0,21.1,26.08,0.0,7.36,0.0,0.0,0.0,-0.25,0.20496611396949532,0.9787690698649216,0.0
2023-01-13,0.0,21.2,25.96,0.0,7.22,0.0,0.0,0.0,-0.14000000000000057,0.22177215755648186,0.975098513039961,0.0
2023-01-14,0.0,21.5,25.86,0.0,7.09,0.0,0.0,0.0,-0.1299999999999999,0.23851257519407648,0.9711394088771653,0.0
2023-01-15,0.0,21.7,26.03,0.0,6.96,0.0,0.0,0.0,-0.1299999999999999,0.2551824131233728,0.9668929289391521,0.0
2023-01-16,0.0,22.3,25.71,0.0,6.82,0.0,0.0,0.0,-0.13999999999999968,0.2717767384711357,0.9623603298276545,0.0
2023-01-17,0.0,22.3,25.64,0.0,6.66,0.0,0.0,0.0,-0.16000000000000014,0.2882906407095177,0.9575429528116719,0.0
2023-01-18,0.0,22.8,25.58,0.0,6.46,0.0,0.0,0.0,-0.20000000000000018,0.3047192331091634,0.9524422234305676,0.0
2023-01-19,0.0,23.1,25.53,0.0,6.26,0.0,0.0,0.0,-0.20000000000000018,0.321057654185271,0.9470596510722283,0.0
2023-01-20,0.0,22.5,25.48,0.0,6.36,0.0,0.0,0.0,0.10000000000000053,0.3373010691361842,0.9413968285264122,0.0
2023-01-21,0.0,22.3,25.42,0.0,6.5,0.0,0.0,0.0,0.13999999999999968,0.3534446712740877,0.9354554315134164,0.0
2023-01-22,0.0,22.3,25.38,0.0,6.48,0.0,0.0,0.0,-0.019999999999999574,0.3694836834473831,0.9292372181882051,0.0
2023-01-23,0.0,22.3,25.35,0.0,6.43,0.0,0.0,0.0,-0.05000000000000071,0.38541335945432564,0.9227440286201427,0.0
2023-01-24,0.0,22.3,25.3,0.0,6.31,0.0,0.0,0.0,-0.1200000000000001,0.4012289854475009,0.9159777842484877,0.0
2023-01-25,0.1,23.2,25.3,0.0,6.26,0.10000000000002843,0.0999999999999858,0.0,-0.04999999999999982,0.4169258813287287,0.908940487313808,0.0
2023-01-26,0.0,24.4,25.31,0.2,6.23,0.10000000000002843,0.0999999999999858,0.20000000000005685,-0.02999999999999936,0.4324994021339788,0.901634220265486,0.0
2023-01-27,0.0,24.3,25.7,0.0,6.11,0.10000000000002843,0.0999999999999858,0.20000000000005685,-0.1200000000000001,0.44794493940789115,0.8940611451454876,0.0
2023-01-28,0.0,23.3,25.62,0.0,5.9,0.0,0.0999999999999858,0.20000000000005685,-0.20999999999999996,0.4632579225674917,0.88622350294858,0.0
2023-01-29,0.0,22.8,25.58,0.2,5.68,0.0,0.0999999999999858,0.40000000000005687,-0.22000000000000064,0.4784338202547012,0.8781236129591848,0.0
2023-01-30,0.0,23.6,25.51,0.0,6.05,0.0,0.0999999999999858,0.40000000000005687,0.3700000000000001,0.49346814167723735,0.8697638720650646,0.0
2023-01-31,0.0,24.4,25.39,0.0,6.78,0.0,0.0999999999999858,0.40000000000005687,0.7300000000000004,0.5083564379375122,0.8611467540480452,0.0
2023-02-01,0.0,24.6,25.36,0.0,7.11,0.0,0.0,0.40000000000005687,0.33000000000000007,0.5230943033491326,0.8522748088519838,0.0
2023-02-02,0.0,24.4,25.14,0.0,7.13,0.0,0.0,0.20000000000005685,0.019999999999999574,0.5376773767406141,0.8431506618282,0.0
2023-02-03,0.0,24.0,25.23,0.0,7.0,0.0,0.0,0.20000000000005685,-0.1299999999999999,0.5521013427459208,0.8337770129585915,0.0
2023-02-04,0.0,24.4,25.17,0.0,6.89,0.0,0.0,0.20000000000005685,-0.11000000000000032,0.5663619330814524,0.8241566360566663,0.0
2023-02-05,0.0,24.2,25.12,0.0,6.93,0.0,0.0,0.0,0.040000000000000036,0.580454927809098,0.8142923779467267,0.0
2023-02-06,0.0,24.6,25.07,0.0,7.05,0.0,0.0,0.0,0.1200000000000001,0.5943761565849831,0.804187157621448,0.0
2023-02-07,0.0,24.7,25.03,0.0,7.17,0.0,0.0,0.0,0.1200000000000001,0.6081214998935418,0.7938439653781019,0.0
2023-02-08,0.0,25.6,25.0,0.0,7.2,0.0,0.0,0.0,0.03000000000000025,0.6216868902665479,0.7832658619336791,0.0
2023-02-09,0.0,26.0,24.97,0.0,7.13,0.0,0.0,0.0,-0.07000000000000028,0.6350683134867438,0.7724559775191742,0.0
2023-02-10,0.0,25.8,24.93,0.0,7.07,0.0,0.0,0.0,-0.05999999999999961,0.6482618097757122,0.7614175109532997,0.0
2023-02-11,0.0,25.7,24.9,0.0,7.05,0.0,0.0,0.0,-0.020000000000000462,0.6612634749656386,0.7501537286959042,0.0
2023-02-12,0.0,25.7,24.87,0.0,7.0,0.0,0.0,0.0,-0.04999999999999982,0.6740694616546161,0.7386679638813748,0.0
2023-02-13,0.0,26.0,24.83,0.0,6.83,0.0,0.0,0.0,-0.16999999999999993,0.6866759803451553,0.726963615332308,0.0
2023-02-14,0.0,25.0,24.8,0.0,6.59,0.0,0.0,0.0,-0.2400000000000002,0.6990793005655562,0.7150441465537444,0.0
2023-02-15,0.0,25.3,24.78,0.0,6.5,0.0,0.0,0.0,-0.08999999999999986,0.7112757519738152,0.7029130847082615,0.0
2023-02-16,0.0,25.8,24.75,0.0,6.43,0.0,0.0,0.0,-0.07000000000000028,0.7232617254437388,0.6905740195722293,0.0
2023-02-17,0.0,26.5,24.73,0.0,6.18,0.0,0.0,0.0,-0.25,0.7350336741329413,0.6780306024735382,0.0
2023-02-18,0.0,26.1,24.7,0.0,6.05,0.0,0.0,0.0,-0.1299999999999999,0.746588114532413,0.6652865452111116,0.0
2023-02-19,0.0,25.6,24.68,0.0,6.18,0.0,0.0,0.0,0.1299999999999999,0.7579216274973472,0.6523456189565257,0.0
2023-02-20,0.0,25.2,24.65,0.0,6.24,0.0,0.0,0.0,0.0600000000000005,0.7690308592589181,0.6392116531380588,0.0
2023-02-21,0.0,26.0,24.64,0.0,6.33,0.0,0.0,0.0,0.08999999999999986,0.7799125224167177,0.6258885343075018,0.0
2023-02-22,0.0,26.6,24.6,0.0,6.41,0.0,0.0,0.0,0.08000000000000007,0.7905633969115482,0.612380204990065,0.0
2023-02-23,0.0,26.8,24.58,0.0,6.31,0.0,0.0,0.0,-0.10000000000000053,0.8009803309782905,0.5986906625177214,0.0
2023-02-24,0.0,26.1,24.56,0.0,6.16,0.0,0.0,0.0,-0.14999999999999947,0.8111602420785621,0.5848239578463322,0.0
2023-02-25,0.0,26.6,24.53,0.0,6.1,0.0,0.0,0.0,-0.0600000000000005,0.8211001178128892,0.5707841943569036,0.0
2023-02-26,0.0,27.0,24.52,0.0,6.0,0.0,0.0,0.0,-0.09999999999999964,0.8307970168121247,0.5565755266413303,0.0
2023-02-27,0.0,26.5,24.49,0.0,5.81,0.0,0.0,0.0,-0.1900000000000004,0.8402480696078469,0.5422021592729844,0.0
2023-02-28,0.0,26.0,24.47,0.0,5.75,0.0,0.0,0.0,-0.05999999999999961,0.8494504794814806,0.527668345562516,0.0
2023-03-01,0.0,26.2,24.47,0.0,5.68,0.0,0.0,0.0,-0.07000000000000028,0.8584015232918917,0.512978386299228,0.0
2023-03-02,0.0,27.2,24.47,0.0,5.47,0.0,0.0,0.0,-0.20999999999999996,0.8670985522812081,0.4981366284784055,0.0
2023-03-03,0.0,27.2,24.43,0.0,5.31,0.0,0.0,0.0,-0.16000000000000014,0.8755389928586302,0.4831474640149687,0.0
2023-03-04,0.0,27.5,24.4,0.0,5.19,0.0,0.0,0.0,-0.11999999999999922,0.8837203473619977,0.4680153284438345,0.0
2023-03-05,0.0,27.6,24.4,0.0,5.07,0.0,0.0,0.0,-0.1200000000000001,0.8916401947968874,0.45274469960737107,0.0
2023-03-06,0.0,27.4,24.4,0.0,5.0,0.0,0.0,0.0,-0.07000000000000028,0.8992961915530253,0.4373400963303323,0.0
2023-03-07,0.0,26.4,24.38,0.0,5.03,0.0,0.0,0.0,0.03000000000000025,0.9066860720977985,0.4218060770826634,0.0
2023-03-08,0.0,27.2,24.35,0.0,4.97,0.0,0.0,0.0,-0.0600000000000005,0.9138076496466615,0.4061472386305789,0.0
2023-03-09,0.0,27.4,24.36,0.0,4.87,0.0,0.0,0.0,-0.09999999999999964,0.9206588168102428,0.3903682146763026,0.0
2023-03-10,0.0,27.3,24.35,0.0,4.85,0.0,0.0,0.0,-0.020000000000000462,0.9272375462179537,0.374473674486883,0.0
2023-03-11,0.0,27.6,24.36,0.0,4.81,0.0,0.0,0.0,-0.040000000000000036,0.9335418911179212,0.35846832151248087,0.0
2023-03-12,0.0,28.5,24.33,0.0,4.81,0.0,0.0,0.0,0.0,0.9395699859530622,0.342356891994542,0.0
2023-03-13,0.0,27.7,24.3,0.0,4.69,0.0,0.0,0.0,-0.11999999999999922,0.945320046913132,0.3261441535642696,0.0
2023-03-14,0.0,27.3,24.3,0.0,4.87,0.0,0.0,0.0,0.17999999999999972,0.9507903724625832,0.3098349038318025,0.0
2023-03-15,0.3,26.6,24.31,6.2,5.41,0.3000000000000284,0.2999999999999858,6.200000000000057,0.54,0.9559793438440766,0.2934339689665273,0.0
2023-03-16,3.8,25.4,25.12,1.0,5.71,4.100000000000028,4.099999999999985,7.200000000000057,0.2999999999999998,0.9608854255574977,0.27694620226893646,0.0
2023-03-17,0.0,25.2,24.73,0.0,5.93,4.100000000000028,4.099999999999985,7.200000000000057,0.21999999999999975,0.9655071658143364,0.2603764827344581,0.0
2023-03-18,0.0,25.0,24.6,0.0,6.1,3.8000000000000282,4.099999999999985,7.200000000000057,0.16999999999999993,0.969843196967294,0.24372971360968387,0.0
2023-03-19,0.0,24.3,24.5,0.0,5.93,0.0,4.099999999999985,7.200000000000057,-0.16999999999999993,0.9738922359149924,0.22701082094141847,0.0
2023-03-20,0.0,23.6,24.4,0.0,5.65,0.0,4.099999999999985,7.200000000000057,-0.27999999999999936,0.9776530844816641,0.2102247521189836,0.0
2023-03-21,0.0,24.2,24.33,0.6,5.5,0.0,4.099999999999985,7.800000000000057,-0.15000000000000036,0.981124629771712,0.19337647441020586,0.0
2023-03-22,0.0,25.1,24.4,0.0,5.34,0.0,3.7999999999999856,1.600000000000057,-0.16000000000000014,0.984305844499033,0.17647097349152166,0.0
2023-03-23,0.0,25.4,24.4,0.0,5.12,0.0,0.0,0.6000000000000568,-0.21999999999999975,0.9871957872910085,0.15951325197263655,0.0
2023-03-24,0.0,25.9,24.39,0.0,5.0,0.0,0.0,0.6000000000000568,-0.1200000000000001,0.9897936029670716,0.14250832791617088,0.0
2023-03-25,0.0,26.2,24.4,0.0,5.03,0.0,0.0,0.6000000000000568,0.03000000000000025,0.992098522791769,0.12546123335273648,0.0
2023-03-26,0.0,26.1,24.47,0.0,5.07,0.0,0.0,0.6000000000000568,0.040000000000000036,0.9941098647022418,0.10837701279187609,0.0
2023-03-27,0.0,25.4,24.49,0.0,4.97,0.0,0.0,0.6000000000000568,-0.10000000000000053,0.9958270335100595,0.09126072172931188,0.0
2023-03-28,0.0,25.6,24.51,0.0,4.87,0.0,0.0,0.0,-0.09999999999999964,0.9972495210773451,0.07411742515094437,0.0
2023-03-29,0.0,26.1,24.57,0.0,4.9,0.0,0.0,0.0,0.03000000000000025,0.998376906467142,0.056952196034039754,0.0
2023-03-30,0.0,25.1,24.6,0.0,4.81,0.0,0.0,0.0,-0.09000000000000075,0.9992088560679753,0.03977011384605572,0.0
2023-03-31,0.0,24.8,24.22,0.0,4.69,0.0,0.0,0.0,-0.11999999999999922,0.9997451236925734,0.022576263041545485,0.0
2023-04-01,0.0,25.6,24.38,0.0,4.62,0.0,0.0,0.0,-0.07000000000000028,0.9999855506507186,0.005375731557583884,0.0
2023-04-02,0.0,25.8,24.35,0.0,4.41,0.0,0.0,0.0,-0.20999999999999996,0.9999300657962057,-0.011826390691832589,0.0
2023-04-03,0.0,25.2,24.35,0.0,3.88,0.0,0.0,0.0,-0.5300000000000002,0.9995786855478958,-0.029025013321975237,0.0
2023-04-04,0.0,26.3,24.31,0.0,3.38,0.0,0.0,0.0,-0.5,0.9989315138848577,-0.046215046983708354,0.0
2023-04-05,0.0,27.5,24.3,0.0,3.03,0.0,0.0,0.0,-0.3500000000000001,0.9979887423155984,-0.06339140486951038,0.0
2023-04-06,0.0,30.0,24.3,0.0,2.81,0.0,0.0,0.0,-0.21999999999999975,0.9967506498213929,-0.08054900421874167,0.0
2023-04-07,3.4,27.3,24.74,4.2,2.72,3.4000000000000283,3.3999999999999857,4.200000000000057,-0.08999999999999986,0.9952176027737294,-0.09768276782171598,0.0
2023-04-08,4.4,26.9,24.89,2.0,2.91,7.800000000000029,7.7999999999999865,6.200000000000057,0.18999999999999995,0.9933900548258936,-0.11478762552212701,0.0
2023-04-09,0.0,27.9,26.8,0.1,2.72,7.800000000000029,7.7999999999999865,6.300000000000057,-0.18999999999999995,0.9912685467787256,-0.13185851571739118,0.0
2023-04-10,0.0,28.5,26.51,0.0,1.97,4.400000000000029,7.7999999999999865,6.300000000000057,-0.7500000000000002,0.9888537064205885,-0.1488903868564548,0.0
2023-04-11,0.0,29.3,26.12,0.0,1.5,0.0,7.7999999999999865,6.300000000000057,-0.47,0.986146248341595,-0.16587819893463143,0.0
2023-04-12,0.0,29.8,25.78,0.0,1.0,0.0,7.7999999999999865,6.300000000000057,-0.5,0.9831469737221499,-0.1828169249850199,0.0
2023-04-13,0.0,30.2,25.89,0.0,0.69,0.0,7.7999999999999865,6.300000000000057,-0.31000000000000005,0.9798567700958665,-0.1997015525660636,0.0
2023-04-14,0.0,29.5,26.64,1.1,0.66,0.0,4.399999999999986,3.200000000000057,-0.029999999999999916,0.9762766110869321,-0.21652708524481437,0.0
2023-04-15,0.2,27.9,28.4,1.0,0.75,0.20000000000002843,0.1999999999999858,2.200000000000057,0.08999999999999997,0.9724075561219968,-0.23328854407545518,0.0
2023-04-16,0.0,28.5,28.06,0.1,0.78,0.20000000000002843,0.1999999999999858,2.200000000000057,0.030000000000000027,0.9682507501166718,-0.2499809690726521,0.0
2023-04-17,0.5,28.7,27.31,0.0,0.72,0.7000000000000284,0.6999999999999857,2.200000000000057,-0.06000000000000005,0.9638074231367307,-0.26659942067929354,0.0
2023-04-18,0.0,29.9,26.7,0.0,0.69,0.5000000000000284,0.6999999999999857,2.200000000000057,-0.030000000000000027,0.9590788900341131,-0.28313898122818354,0.0
2023-04-19,0.0,29.9,26.34,0.0,0.66,0.5000000000000284,0.6999999999999857,2.200000000000057,-0.029999999999999916,0.9540665500578387,-0.2995947563972602,0.0
2023-04-20,0.0,28.4,26.2,4.1,0.66,0.0,0.6999999999999857,6.300000000000057,0.0,0.9487718864399473,-0.31596187665790293,0.0
2023-04-21,0.0,28.2,26.42,0.0,0.66,0.0,0.6999999999999857,5.200000000000056,0.0,0.9431964659565866,-0.33223549871590435,0.0
2023-04-22,0.0,27.4,26.46,0.0,0.63,0.0,0.4999999999999858,4.200000000000056,-0.030000000000000027,0.9373419384643772,-0.3484108069446808,0.0
2023-04-23,0.0,27.2,25.91,0.0,0.63,0.0,0.4999999999999858,4.1000000000000565,0.0,0.9312100364121947,-0.3644830148102912,0.0
2023-04-24,0.0,28.0,25.45,0.0,0.63,0.0,0.0,4.1000000000000565,0.0,0.9248025743285089,-0.38044736628785164,0.0
2023-04-25,0.0,27.6,25.28,0.0,0.59,0.0,0.0,4.1000000000000565,-0.040000000000000036,0.9181214482844364,-0.39629913726891813,0.0
2023-04-26,0.5,26.8,25.11,1.0,0.59,0.5000000000000284,0.4999999999999858,5.1000000000000565,0.0,0.9111686353326631,-0.41203363695942635,0.0
2023-04-27,0.0,27.9,24.73,0.4,0.59,0.5000000000000284,0.4999999999999858,1.4000000000000568,0.0,0.9039461929224011,-0.42764620926777464,0.0
2023-04-28,0.7,28.0,24.74,0.4,0.59,1.2000000000000284,1.1999999999999857,1.8000000000000569,0.0,0.8964562582905575,-0.44313223418263453,0.0
2023-04-29,0.4,27.9,25.07,0.0,1.0,1.1000000000000285,1.5999999999999859,1.8000000000000569,0.41000000000000003,0.8887010478292915,-0.45848712914008766,0.0
2023-04-30,0.0,27.7,25.16,0.0,1.62,1.1000000000000285,1.5999999999999859,1.8000000000000569,0.6200000000000001,0.8806828564301475,-0.47370635037968,0.0
2023-05-01,0.0,27.1,25.46,0.0,1.4,0.40000000000002844,1.5999999999999859,1.8000000000000569,-0.2200000000000002,0.8724040568049612,-0.48878539428899265,0.0
2023-05-02,0.0,26.3,25.18,0.6,0.87,0.0,1.5999999999999859,2.4000000000000568,-0.5299999999999999,0.8638670987837349,-0.503719798736334,0.0
2023-05-03,0.6,26.2,25.1,0.1,0.63,0.6000000000000284,1.6999999999999857,1.5000000000000568,-0.24,0.8550745085896932,-0.518505144391157,0.0
2023-05-04,0.0,26.6,25.1,0.8,0.56,0.6000000000000284,1.6999999999999857,1.900000000000057,-0.06999999999999995,0.8460288880917339,-0.533137056031809,0.0
2023-05-05,0.0,27.2,25.39,0.1,0.56,0.6000000000000284,0.9999999999999858,1.600000000000057,0.0,0.8367329140344921,-0.5476112038402312,0.0
2023-05-06,0.0,27.7,25.42,0.0,0.56,0.0,0.5999999999999858,1.600000000000057,0.0,0.8271893372462497,-0.5619233046832195,0.0
2023-05-07,1.1,27.5,25.61,1.4,0.56,1.1000000000000285,1.699999999999986,3.000000000000057,0.0,0.8174009818249189,-0.5760691233798758,0.0
2023-05-08,10.6,25.6,30.67,13.5,5.1,11.700000000000028,12.299999999999986,16.500000000000057,4.539999999999999,0.8073707443023492,-0.5900444739548627,0.0
2023-05-09,1.8,26.3,36.64,14.0,9.74,13.500000000000028,14.099999999999985,29.900000000000055,4.640000000000001,0.7971015927871943,-0.6038452208771035,0.0
2023-05-10,2.8,27.5,35.37,0.4,10.07,15.200000000000028,16.299999999999983,30.200000000000056,0.33000000000000007,0.7865965660866021,-0.6174672802835514,0.0
2023-05-11,0.0,28.7,33.56,5.0,9.3,4.600000000000028,16.299999999999983,34.400000000000055,-0.7699999999999996,0.7758587728069828,-0.6309066211876704,0.0
2023-05-12,0.0,28.7,32.15,0.5,8.46,2.8000000000000282,16.299999999999983,34.800000000000054,-0.8399999999999999,0.7648913904341225,-0.6441592666722685,0.0
2023-05-13,0.1,27.7,30.99,3.3,7.47,0.10000000000002843,16.399999999999984,38.10000000000005,-0.9900000000000011,0.753697664392914,-0.6572212950663319,0.0
2023-05-14,0.0,28.2,29.79,0.4,6.78,0.10000000000002843,15.299999999999983,37.10000000000006,-0.6899999999999995,0.742280907086982,-0.6700888411055113,0.0
2023-05-15,0.0,27.6,28.77,0.5,6.35,0.10000000000002843,4.699999999999985,24.100000000000055,-0.4300000000000006,0.7306444969184916,-0.6827580970759147,0.0
2023-05-16,0.0,28.2,28.02,0.0,6.06,0.0,2.8999999999999857,10.100000000000056,-0.29000000000000004,0.7187918772884232,-0.6952253139408722,0.0
2023-05-17,0.0,28.9,27.28,0.0,5.9,0.0,0.0999999999999858,9.700000000000056,-0.15999999999999925,0.7067265555776158,-0.7074868024503348,0.0
2023-05-18,0.0,29.4,26.45,0.0,5.87,0.0,0.0999999999999858,4.700000000000057,-0.03000000000000025,0.6944521021088763,-0.719538934232584,0.0
2023-05-19,0.0,30.2,25.88,0.0,5.81,0.0,0.0999999999999858,4.200000000000057,-0.0600000000000005,0.6819721490904629,-0.7313781428679254,0.0
2023-05-20,0.0,29.4,25.38,0.8,5.65,0.0,0.0,1.700000000000057,-0.15999999999999925,0.6692903895412567,-0.7430009249440493,0.0
2023-05-21,0.0,29.1,24.75,0.6,5.56,0.0,0.0,1.900000000000057,-0.09000000000000075,0.6564105761979381,-0.7544038410927472,0.0
2023-05-22,0.0,29.8,24.38,0.4,5.56,0.0,0.0,1.8000000000000567,0.0,0.6433365204044917,-0.765583517007675,0.0
2023-05-23,0.0,30.1,24.7,0.8,5.71,0.0,0.0,2.600000000000057,0.15000000000000036,0.6300720909843687,-0.7765366444428655,0.0
2023-05-24,3.8,28.3,25.56,2.6,6.06,3.8000000000000282,3.7999999999999856,5.200000000000057,0.34999999999999964,0.6166212130956382,-0.7872599821916922,0.0
2023-05-25,0.2,27.8,25.07,1.3,6.06,4.000000000000028,3.999999999999986,6.500000000000057,0.0,0.6029878670694714,-0.7977503570459932,0.0
2023-05-26,0.0,27.9,24.92,0.1,5.9,4.000000000000028,3.999999999999986,6.600000000000057,-0.15999999999999925,0.5891760872322963,-0.8080046647350754,0.0
2023-05-27,0.0,28.1,25.14,0.1,5.78,0.20000000000002843,3.999999999999986,5.900000000000057,-0.1200000000000001,0.5751899607119775,-0.8180198708443174,0.0
2023-05-28,0.0,28.8,25.25,0.4,5.68,0.0,3.999999999999986,5.700000000000058,-0.10000000000000053,0.5610336262283677,-0.8277930117131022,0.0
2023-05-29,0.0,29.7,25.74,0.0,5.65,0.0,3.999999999999986,5.3000000000000576,-0.02999999999999936,0.5467112728685939,-0.8373211953118121,0.0
2023-05-30,0.2,29.2,26.07,1.9,5.78,0.20000000000002843,4.199999999999986,6.400000000000057,0.1299999999999999,0.5322271388474397,-0.8466016020976267,0.0
2023-05-31,0.0,29.5,26.45,1.6,5.93,0.20000000000002843,0.3999999999999858,5.400000000000057,0.14999999999999947,0.5175855102531889,-0.8556314858488706,0.0
2023-06-01,0.0,29.3,27.02,2.6,6.13,0.20000000000002843,0.1999999999999858,6.700000000000057,0.20000000000000018,0.5027907197793043,-0.8644081744776648,0.0
2023-06-02,0.1,28.4,27.66,1.0,6.1,0.10000000000002843,0.29999999999998583,7.6000000000000565,-0.03000000000000025,0.4878471454423119,-0.8729290708206411,0.0
2023-06-03,0.0,28.6,26.94,1.6,5.84,0.10000000000002843,0.29999999999998583,9.100000000000056,-0.2599999999999998,0.47275920928627757,-0.881191653407483,0.0
2023-06-04,0.0,28.2,26.83,2.9,5.65,0.10000000000002843,0.29999999999998583,11.600000000000056,-0.1899999999999995,0.4575313760742512,-0.8891934772070711,0.0
2023-06-05,0.1,28.2,26.99,2.0,5.68,0.10000000000002843,0.3999999999999858,13.600000000000056,0.02999999999999936,0.44216815196707204,-0.8969321743510065,0.0
2023-06-06,0.0,28.5,26.98,0.9,5.62,0.10000000000002843,0.1999999999999858,12.600000000000056,-0.05999999999999961,0.42667408318992467,-0.9044054548343001,0.0
2023-06-07,2.8,28.0,26.66,1.3,5.47,2.9000000000000283,2.999999999999986,12.300000000000058,-0.15000000000000036,0.4110537546870351,-0.9116111071930239,0.0
2023-06-08,3.8,27.7,26.62,1.5,5.34,6.600000000000028,6.799999999999986,11.200000000000056,-0.1299999999999999,0.3953117887649151,-0.9185469991587165,0.0
2023-06-09,2.2,27.5,26.64,4.1,5.44,8.80000000000003,8.899999999999986,14.300000000000058,0.10000000000000053,0.37945284372454435,-0.925211078289358,0.0
2023-06-10,5.9,26.6,28.09,5.3,5.84,11.900000000000029,14.799999999999986,18.000000000000057,0.39999999999999947,0.36348161248290634,-0.9316013725767187,0.0
2023-06-11,3.4,26.3,30.43,4.7,6.35,11.50000000000003,18.199999999999985,19.800000000000058,0.5099999999999998,0.3474028211842774,-0.9377159910299093,0.0
2023-06-12,1.1,26.8,29.37,3.4,6.35,10.400000000000029,19.199999999999985,21.200000000000056,0.0,0.3312212278016865,-0.9435531242349544,0.0
2023-06-13,1.2,26.8,27.73,8.6,5.97,5.700000000000029,20.399999999999984,28.900000000000055,-0.3799999999999999,0.31494162072895193,-0.9491110448902284,0.0
2023-06-14,0.4,26.6,26.48,6.3,5.85,2.7000000000000286,17.99999999999999,33.900000000000055,-0.1200000000000001,0.2985688173637202,-0.9543881083175908,0.0
2023-06-15,0.0,26.7,25.33,4.6,6.01,1.6000000000000285,14.199999999999987,37.00000000000006,0.16000000000000014,0.2821076626819194,-0.9593827529490743,0.0
2023-06-16,0.5,26.3,24.54,9.1,5.65,0.9000000000000284,12.499999999999986,42.00000000000006,-0.35999999999999943,0.26556302780405594,-0.9640935007889755,0.0
2023-06-17,1.5,26.4,24.17,6.4,5.41,2.0000000000000284,8.099999999999985,43.10000000000006,-0.2400000000000002,0.24893980855376657,-0.9685189578512204,0.0
2023-06-18,1.5,26.2,23.67,8.1,5.53,3.5000000000000284,6.199999999999985,46.50000000000006,0.1200000000000001,0.23224292400907015,-0.9726578145718654,0.0
2023-06-19,0.0,27.3,23.77,2.9,5.43,3.0000000000000284,5.099999999999985,46.00000000000006,-0.10000000000000053,0.21547731504673012,-0.976508846196619,0.0
2023-06-20,0.2,27.2,22.89,1.5,5.01,1.7000000000000284,4.099999999999985,38.900000000000055,-0.41999999999999993,0.19864794288017112,-0.9800709131432666,0.0
2023-06-21,0.1,27.1,22.54,1.9,4.61,0.30000000000002847,3.7999999999999856,34.50000000000006,-0.39999999999999947,0.18175978759137534,-0.9833429613388902,0.0
2023-06-22,0.7,26.6,22.75,8.2,4.64,1.0000000000000284,4.499999999999986,38.10000000000005,0.02999999999999936,0.16481784665719793,-0.9863240225317866,0.0
2023-06-23,4.7,26.1,23.64,7.9,4.85,5.500000000000028,8.699999999999985,36.900000000000055,0.20999999999999996,0.14782713347053048,-0.9890132145779883,0.0
2023-06-24,5.8,24.8,26.38,26.3,6.41,11.200000000000028,12.999999999999986,56.80000000000006,1.5600000000000005,0.13079267585675922,-0.9914097417023038,0.0
2023-06-25,1.4,24.1,31.53,17.0,8.57,11.900000000000027,12.899999999999986,65.70000000000006,2.16,0.11371951458594969,-0.9935128947338007,0.0
2023-06-26,1.3,24.7,30.9,11.1,9.07,8.500000000000028,14.199999999999985,73.90000000000006,0.5,0.0966127018812031,-0.9953220513156602,0.0
2023-06-27,1.6,24.6,30.6,10.8,9.35,4.300000000000028,15.599999999999987,83.20000000000006,0.27999999999999936,0.07947729992362097,-0.9968366760893436,0.0
2023-06-28,4.7,23.7,31.15,33.9,18.77,7.600000000000028,20.199999999999985,115.20000000000005,9.42,0.062318379354325076,-0.998056320853012,0.0
2023-06-29,6.4,23.5,32.32,46.9,28.17,12.70000000000003,25.899999999999984,153.90000000000006,9.400000000000002,0.04514101777397193,-0.9989806246941579,0.0
2023-06-30,10.0,23.2,34.2,56.7,38.26,21.10000000000003,31.19999999999999,202.70000000000005,10.089999999999996,0.02795029824021032,-0.999609314096404,0.0
2023-07-01,3.8,23.8,34.97,19.7,50.88,20.200000000000028,29.199999999999985,196.10000000000005,12.620000000000005,0.01075130776352193,-0.9999422030204416,0.0
2023-07-02,3.5,24.0,34.29,21.1,60.38,17.30000000000003,31.299999999999986,200.20000000000005,9.5,-0.00645086419810515,-0.9999791929590823,0.0
2023-07-03,10.5,24.2,35.55,27.9,161.18,17.80000000000003,40.499999999999986,217.00000000000006,100.80000000000001,-0.023651127245231586,-0.9997202729664083,0.0
2023-07-04,12.8,24.3,37.63,24.9,304.49,26.80000000000003,51.69999999999999,231.10000000000005,143.31,-0.04084439154329611,-0.9991655196610109,0.0
2023-07-05,5.8,23.7,37.2,54.7,517.8,29.10000000000003,52.79999999999998,251.90000000000006,213.30999999999995,-0.05802556932878035,-0.9983150972033183,0.0
2023-07-06,6.5,23.2,39.76,51.6,708.58,25.10000000000003,52.899999999999984,256.6000000000001,190.7800000000001,-0.07518957641475855,-0.9971692572470178,0.0
2023-07-07,36.0,22.9,44.47,88.2,817.47,48.300000000000026,78.89999999999998,288.1000000000001,108.88999999999999,-0.09233133369539122,-0.9957283388645872,0.0
2023-07-08,18.4,23.1,49.72,48.8,786.05,60.90000000000003,93.49999999999999,317.2000000000001,-31.420000000000073,-0.10944576864891556,-0.993992768446958,0.0
2023-07-09,4.1,23.8,48.16,22.4,621.3,58.50000000000003,94.09999999999998,318.50000000000006,-164.75,-0.12652781683868314,-0.9919630595773397,0.0
2023-07-10,2.3,24.1,46.75,13.2,449.82,24.800000000000026,85.89999999999999,303.80000000000007,-171.47999999999996,-0.1435724234118113,-0.9896398128792412,0.0
2023-07-11,0.4,23.9,44.77,10.6,309.46,6.800000000000028,73.49999999999999,289.50000000000006,-140.36,-0.16057454459499376,-0.9870237158387383,0.0
2023-07-12,1.4,23.8,43.07,11.7,206.49,4.100000000000028,69.1,246.50000000000006,-102.96999999999997,-0.17752914918703497,-0.984115542601034,0.0
2023-07-13,7.4,23.5,43.03,29.9,166.11,9.200000000000028,69.99999999999999,224.80000000000007,-40.379999999999995,-0.19443122004766195,-0.9809161537413774,0.0
2023-07-14,7.9,23.2,46.41,32.9,237.78,16.700000000000028,41.899999999999984,169.50000000000006,71.66999999999999,-0.2112757555821793,-0.9774264960104055,0.0
2023-07-15,1.7,23.3,46.01,16.9,305.9,17.00000000000003,25.199999999999985,137.60000000000005,68.11999999999998,-0.2280577712215198,-0.9736476020539838,0.0
2023-07-16,1.4,23.8,44.51,18.1,259.62,11.000000000000028,22.49999999999999,133.30000000000004,-46.27999999999997,-0.24477230089725957,-0.9695805901076308,0.0
2023-07-17,4.2,23.2,44.4,27.5,217.27,7.300000000000028,24.399999999999988,147.60000000000005,-42.349999999999994,-0.2614143985111562,-0.965226663665613,0.0
2023-07-18,28.9,22.1,48.61,62.0,313.77,34.50000000000003,52.899999999999984,199.00000000000006,96.49999999999997,-0.2779791393987801,-0.9605871111248129,0.0
2023-07-19,34.0,22.1,51.31,109.3,554.9,67.10000000000002,85.49999999999999,296.6,241.13,-0.2944616217868012,-0.9556633054034704,0.0
2023-07-20,11.1,22.7,50.5,70.5,697.23,74.00000000000003,89.19999999999997,337.20000000000005,142.33000000000004,-0.3108569682435036,-0.9504567035349151,0.0
2023-07-21,14.5,22.9,50.66,53.6,661.22,59.60000000000003,95.79999999999998,357.90000000000003,-36.00999999999999,-0.3271603271220951,-0.9449688462364056,0.0
2023-07-22,16.8,22.6,51.05,97.9,694.02,42.40000000000003,110.89999999999998,438.9000000000001,32.799999999999955,-0.34336687399638804,-0.939201357453208,0.0
2023-07-23,13.2,23.0,51.19,103.2,927.97,44.50000000000003,122.69999999999997,524.0,233.95000000000005,-0.3594718130884232,-0.9331559438780432,0.0
2023-07-24,16.6,23.1,50.98,71.9,1090.44,46.60000000000002,135.1,568.4000000000001,162.47000000000003,-0.3754703786876202,-0.9268343944460494,0.0
2023-07-25,19.3,22.3,51.19,77.9,1085.43,49.10000000000003,125.49999999999999,584.3000000000001,-5.009999999999991,-0.3913578365610259,-0.9202385798054075,0.0
2023-07-26,23.0,22.5,51.24,76.4,1110.73,58.900000000000034,114.49999999999999,551.4000000000001,25.299999999999955,-0.4071294853542516,-0.9133704517637858,0.0
2023-07-27,19.5,22.1,51.46,63.9,1176.61,61.800000000000026,122.89999999999999,544.8000000000001,65.87999999999988,-0.4227806579826773,-0.9062320427107697,0.0
2023-07-28,10.4,22.6,50.54,39.9,1063.14,52.90000000000003,118.8,531.1000000000001,-113.4699999999998,-0.4383067230125192,-0.898825465016444,0.0
2023-07-29,2.2,23.1,48.81,24.8,830.76,32.10000000000003,104.19999999999999,458.0000000000001,-232.3800000000001,-0.45370308603134424,-0.8911529104063088,0.0
2023-07-30,3.3,23.1,47.64,23.8,617.02,15.900000000000029,94.3,378.6000000000001,-213.74,-0.46896519100763184,-0.8832166493127127,0.0
2023-07-31,6.9,23.4,47.68,32.8,472.15,12.400000000000029,84.59999999999998,339.50000000000006,-144.87,-0.48408852163897587,-0.8750190302029955,0.0
2023-08-01,4.1,23.3,47.57,22.1,413.95,14.300000000000027,69.39999999999999,283.70000000000005,-58.19999999999999,-0.4990686026885319,-0.8665624788845385,0.0
2023-08-02,2.2,23.1,47.01,28.4,359.58,13.200000000000028,48.59999999999999,235.70000000000007,-54.370000000000005,-0.5139010013093103,-0.8578494977869301,0.0
2023-08-03,3.6,23.0,46.12,27.2,321.85,9.900000000000029,32.69999999999999,199.00000000000006,-37.72999999999996,-0.5285813283559292,-0.8488826652214553,0.0
2023-08-04,0.8,23.2,45.93,27.3,307.32,6.600000000000029,23.099999999999987,186.40000000000006,-14.53000000000003,-0.5431052396834317,-0.8396646346181327,0.0
2023-08-05,3.5,23.7,45.95,19.0,281.49,7.900000000000029,24.399999999999984,180.60000000000005,-25.829999999999984,-0.5574684374327892,-0.8301981337405212,0.0
2023-08-06,1.9,23.9,45.43,13.8,265.69,6.2000000000000295,22.99999999999999,170.60000000000005,-15.800000000000011,-0.5716666713027052,-0.8204859638785327,0.0
2023-08-07,1.9,23.7,44.5,12.2,234.5,7.300000000000028,17.999999999999986,150.00000000000006,-31.189999999999998,-0.5856957398073508,-0.8105309990194823,0.0
2023-08-08,1.2,23.8,43.61,11.5,184.35,5.000000000000028,15.099999999999985,139.40000000000006,-50.150000000000006,-0.5995514915196489,-0.8003361849976323,0.0
2023-08-09,0.6,24.5,42.69,10.0,154.24,3.700000000000028,13.499999999999986,121.00000000000006,-30.109999999999985,-0.6132298262997502,-0.7899045386224707,0.0
2023-08-10,1.6,24.2,41.65,6.2,128.12,3.4000000000000283,11.499999999999986,100.00000000000006,-26.120000000000005,-0.6267266965083301,-0.7792391467859886,0.0
2023-08-11,1.4,24.4,40.51,5.8,91.68,3.6000000000000285,12.099999999999987,78.50000000000006,-36.44,-0.6400381082043503,-0.7683431655492202,0.0
2023-08-12,0.7,24.1,39.6,6.7,68.5,3.7000000000000286,9.299999999999986,66.20000000000006,-23.180000000000007,-0.65316012232693,-0.7572198192083127,0.0
2023-08-13,0.5,23.9,39.1,10.4,45.99,2.600000000000028,7.899999999999986,62.80000000000006,-22.509999999999998,-0.666088855860977,-0.7458723993404063,0.0
2023-08-14,0.5,24.1,38.49,8.2,33.99,1.7000000000000284,6.499999999999986,58.800000000000054,-12.0,-0.6788204829862355,-0.734304263829602,0.0
2023-08-15,2.2,24.1,38.11,5.1,35.39,3.2000000000000286,7.499999999999986,52.400000000000055,1.3999999999999986,-0.6913512362094071,-0.722518835873311,0.0
2023-08-16,1.6,24.1,38.25,8.5,33.36,4.300000000000029,8.499999999999986,50.900000000000055,-2.030000000000001,-0.7036774074790128,-0.7105196029692745,0.0
2023-08-17,1.3,24.0,38.16,10.9,30.55,5.100000000000029,8.199999999999987,55.60000000000005,-2.8099999999999987,-0.7157953492826642,-0.6983101158835584,0.0
2023-08-18,0.8,24.2,37.76,9.2,23.72,3.7000000000000286,7.599999999999986,59.00000000000006,-6.830000000000002,-0.7277014757264236,-0.6858939875998223,0.0
2023-08-19,2.4,23.1,38.46,12.9,21.8,4.500000000000028,9.299999999999986,65.20000000000006,-1.9199999999999982,-0.7393922635959241,-0.673274892250183,0.0
2023-08-20,1.1,24.2,38.48,9.4,20.68,4.300000000000029,9.899999999999986,64.20000000000006,-1.120000000000001,-0.7508642533989489,-0.6604565640279754,0.0
2023-08-21,2.8,24.4,37.7,9.4,24.64,6.300000000000028,12.199999999999985,65.40000000000005,3.960000000000001,-0.7621140503891487,-0.6474427960827475,0.0
2023-08-22,0.9,24.4,37.12,4.7,24.18,4.800000000000028,10.899999999999986,65.00000000000006,-0.46000000000000085,-0.7731383255706026,-0.6342374393978054,0.0
2023-08-23,0.9,23.9,36.48,4.3,18.45,4.600000000000028,10.199999999999985,60.80000000000006,-5.73,-0.7839338166829201,-0.620844401650647,0.0
2023-08-24,2.3,23.8,36.26,14.9,15.9,4.100000000000028,11.199999999999985,64.80000000000007,-2.549999999999999,-0.7944973291665992,-0.6072676460566135,0.0
2023-08-25,5.1,24.1,36.56,18.8,13.69,8.300000000000027,15.499999999999986,74.40000000000006,-2.210000000000001,-0.8048257371083452,-0.593511190196115,0.0
2023-08-26,0.1,24.6,36.15,3.8,16.78,7.500000000000027,13.199999999999985,65.30000000000005,3.0900000000000016,-0.8149159841660791,-0.5795791048257612,0.0
2023-08-27,1.0,24.2,35.14,9.5,30.26,6.200000000000028,13.099999999999985,65.40000000000006,13.48,-0.8247650844733614,-0.5654755126737576,0.0
2023-08-28,2.9,24.1,34.55,8.4,36.76,4.0000000000000275,13.199999999999985,64.40000000000006,6.4999999999999964,-0.8343701235229538,-0.5512045872199277,0.0
2023-08-29,3.8,24.0,34.46,8.9,30.33,7.700000000000028,16.099999999999987,68.60000000000007,-6.43,-0.8437282590292712,-0.5367705514607103,0.0
2023-08-30,0.6,24.9,34.36,4.8,25.85,7.300000000000027,15.799999999999985,69.10000000000007,-4.479999999999997,-0.8528367217694595,-0.522177676659508,0.0
2023-08-31,1.2,25.1,33.27,2.9,21.49,5.600000000000026,14.699999999999985,57.10000000000006,-4.360000000000003,-0.8616928164028522,-0.5074302810827518,0.0
2023-09-01,2.9,25.4,33.06,7.5,19.09,4.700000000000028,12.499999999999984,45.800000000000054,-2.3999999999999986,-0.8702939222685674,-0.49253272872205434,0.0
2023-09-02,3.4,25.1,31.96,1.0,15.18,7.5000000000000275,15.799999999999985,43.00000000000006,-3.91,-0.8786374941610001,-0.4774894280028391,0.0
2023-09-03,6.4,24.4,32.22,8.5,11.5,12.700000000000028,21.199999999999985,42.00000000000006,-3.6799999999999997,-0.886721063082993,-0.46230483047981086,0.0
2023-09-04,1.5,24.3,34.14,1.8,12.24,11.300000000000027,19.799999999999986,35.400000000000055,0.7400000000000002,-0.8945422369764496,-0.4469834295196741,0.0
2023-09-05,1.2,24.2,33.95,5.4,16.66,9.100000000000028,17.199999999999985,31.900000000000055,4.42,-0.9020987014301837,-0.43152975897147144,0.0
2023-09-06,0.0,24.7,33.16,3.3,9.91,2.7000000000000277,16.599999999999984,30.400000000000055,-6.75,-0.9093882203647925,-0.4159483918249421,0.0
2023-09-07,0.8,24.3,31.96,9.3,9.64,2.0000000000000275,16.199999999999985,36.800000000000054,-0.2699999999999996,-0.9164086366943458,-0.4002439388573056,0.0
2023-09-08,11.0,23.1,34.47,46.8,9.02,11.800000000000027,24.299999999999986,76.10000000000005,-0.620000000000001,-0.9231578729647039,-0.38442104726885545,0.0
2023-09-09,3.1,24.0,35.67,17.0,14.52,14.900000000000027,23.999999999999986,92.10000000000005,5.5,-0.9296339319682695,-0.3684843993077793,0.0
2023-09-10,0.2,24.6,34.53,12.4,54.46,14.300000000000027,17.799999999999986,96.00000000000006,39.94,-0.9358348973349941,-0.35243871088460327,0.0
2023-09-11,1.3,24.3,33.66,11.0,47.53,4.600000000000026,17.599999999999987,105.20000000000006,-6.93,-0.9417589340994617,-0.33628873017668287,0.0
2023-09-12,0.7,24.3,33.09,10.4,35.39,2.200000000000027,17.099999999999987,110.20000000000005,-12.14,-0.9474042892438845,-0.32003923622313857,0.0
2023-09-13,6.3,24.4,33.04,9.7,29.06,8.300000000000026,23.399999999999984,116.60000000000005,-6.330000000000002,-0.9527692922168511,-0.30369503751065885,0.0
2023-09-14,1.6,24.4,32.06,5.8,25.55,8.600000000000026,24.199999999999985,113.10000000000005,-3.509999999999998,-0.9578523554276669,-0.28726097055059635,0.0
2023-09-15,1.4,24.4,31.4,8.3,22.82,9.300000000000026,14.599999999999985,74.60000000000005,-2.7300000000000004,-0.9626519747161487,-0.2707418984477642,0.0
2023-09-16,1.3,24.1,31.56,14.0,21.23,4.3000000000000265,12.799999999999986,71.60000000000005,-1.5899999999999999,-0.9671667297977312,-0.2541427094613622,0.0
2023-09-17,2.5,24.1,31.8,19.0,19.94,5.200000000000026,15.099999999999984,78.20000000000006,-1.2899999999999991,-0.97139528468375,-0.23746831555846842,0.0
2023-09-18,3.0,24.0,32.15,16.1,28.04,6.8000000000000265,16.799999999999986,83.30000000000007,8.099999999999998,-0.9753363880767837,-0.2207236509605022,0.0
2023-09-19,2.7,24.1,32.48,8.4,44.5,8.200000000000028,18.799999999999986,81.30000000000005,16.46,-0.9789888737409319,-0.20391367068311472,0.0
2023-09-20,3.1,24.6,33.78,9.8,49.47,8.800000000000027,15.599999999999985,81.40000000000005,4.969999999999999,-0.9823516608469237,-0.18704334906991657,0.0
2023-09-21,15.4,24.5,38.32,21.3,53.33,21.200000000000028,29.399999999999984,96.90000000000006,3.8599999999999994,-0.9854237542919524,-0.17011767832049052,0.0
2023-09-22,2.4,24.2,39.04,3.9,51.6,20.900000000000027,30.399999999999988,92.50000000000006,-1.7299999999999969,-0.9882042449941422,-0.15314166701312007,0.0
2023-09-23,1.5,24.0,38.96,7.6,54.98,19.300000000000026,30.599999999999987,86.10000000000005,3.3799999999999955,-0.9906923101615609,-0.13612033862266704,0.0
2023-09-24,3.3,23.8,39.15,9.3,39.55,7.200000000000026,31.399999999999988,76.40000000000006,-15.43,-0.9928872135356962,-0.11905873003404988,0.0
2023-09-25,7.1,23.7,40.05,8.2,35.81,11.900000000000025,35.499999999999986,68.50000000000006,-3.739999999999995,-0.994788305609327,-0.10196189005174576,0.0
2023-09-26,3.9,24.0,43.06,5.4,35.73,14.300000000000026,36.69999999999998,65.50000000000006,-0.0800000000000054,-0.9963950238187231,-0.08483487790576538,0.0
2023-09-27,6.3,23.9,43.28,14.7,40.78,17.300000000000026,39.89999999999998,70.40000000000005,5.050000000000004,-0.9977068927101168,-0.06768276175455162,0.0
2023-09-28,12.6,24.0,44.32,27.9,57.48,22.800000000000026,37.09999999999998,77.00000000000006,16.699999999999996,-0.9987235240803972,-0.050510617185222886,0.0
2023-09-29,11.3,23.9,45.67,6.0,126.64,30.200000000000028,45.999999999999986,79.10000000000005,69.16,-0.9994446170919858,-0.033323525711631344,0.0
2023-09-30,18.4,24.0,48.95,13.2,275.06,42.300000000000026,62.899999999999984,84.70000000000006,148.42000000000002,-0.9998699583618592,-0.016126573270657762,0.0
2023-10-01,74.5,23.6,50.93,116.1,277.61,104.20000000000002,134.1,191.50000000000006,2.5500000000000114,-0.9999994220246925,0.001075151282798226,0.0
2023-10-02,8.0,24.1,49.91,4.3,358.75,100.90000000000002,135.0,187.60000000000008,81.13999999999999,-0.999832969770105,0.018276557681691223,0.0
2023-10-03,0.2,24.2,48.05,5.3,360.41,82.70000000000003,131.29999999999998,187.50000000000006,1.660000000000025,-0.9993706508539969,0.03547255575312556,0.0
2023-10-04,0.0,24.6,46.42,4.1,508.33,8.200000000000028,125.0,176.90000000000003,147.91999999999996,-0.9986126020839734,0.052658056924614005,0.0
2023-10-05,0.0,24.8,44.9,2.7,319.63,0.20000000000002843,112.39999999999999,151.70000000000007,-188.7,-0.9975590477788613,0.06982797572987089,0.0
2023-10-06,0.0,25.0,43.22,1.5,198.07,0.0,101.1,147.20000000000005,-121.56,-0.9962102997023297,0.0869772313136861,0.0
2023-10-07,0.0,25.0,42.17,0.0,130.52,0.0,82.69999999999999,134.00000000000006,-67.54999999999998,-0.9945667569706337,0.1041007489354256,0.0
2023-10-08,0.0,25.1,41.54,0.8,88.95,0.0,8.199999999999985,18.700000000000056,-41.57000000000001,-0.9926289059345095,0.121193461470736,0.0
2023-10-09,0.0,25.7,40.51,2.3,59.39,0.0,0.1999999999999858,16.700000000000056,-29.560000000000002,-0.9903973200352558,0.1382503109109819,0.0
2023-10-10,0.0,26.0,38.59,0.6,35.81,0.0,0.0,12.000000000000057,-23.58,-0.9878726596350429,0.15526624985999563,0.0
2023-10-11,0.1,25.9,36.46,0.9,23.83,0.10000000000002843,0.0999999999999858,8.800000000000058,-11.980000000000004,-0.9850556718215013,0.172236243027682,0.0
2023-10-12,1.1,26.2,35.63,0.8,18.14,1.2000000000000286,1.199999999999986,6.900000000000056,-5.689999999999998,-0.981947190186646,0.18915526872004093,0.0
2023-10-13,0.1,26.2,34.59,1.5,15.83,1.3000000000000287,1.299999999999986,6.900000000000056,-2.3100000000000005,-0.9785481345802031,0.20601832032517084,0.0
2023-10-14,0.0,25.2,33.24,0.0,17.37,1.2000000000000286,1.299999999999986,6.900000000000056,1.540000000000001,-0.9748595108374125,0.22282040779479959,0.0
2023-10-15,0.2,26.1,32.34,1.5,15.9,0.30000000000002847,1.499999999999986,7.6000000000000565,-1.4700000000000006,-0.9708824104813836,0.23955655912092708,0.0
2023-10-16,0.6,26.3,31.45,1.1,13.89,0.8000000000000285,2.099999999999986,6.400000000000057,-2.01,-0.9666180104000972,0.2562218218071163,0.0
2023-10-17,0.5,26.2,30.67,0.8,12.71,1.3000000000000285,2.599999999999986,6.600000000000057,-1.1799999999999997,-0.9620675724981452,0.27281126433401914,0.0
2023-10-18,0.0,26.4,29.71,0.1,13.16,1.1000000000000285,2.499999999999986,5.800000000000057,0.4499999999999993,-0.957232443323312,0.28931997761869527,0.0
2023-10-19,0.0,26.6,28.95,0.1,13.29,0.5000000000000284,1.3999999999999857,5.100000000000057,0.129999999999999,-0.9521140536681102,0.3057430764672831,0.0
2023-10-20,0.0,27.1,28.53,0.0,14.6,0.0,1.2999999999999856,3.6000000000000574,1.3100000000000005,-0.9467139181463862,0.3220757010206104,0.0
2023-10-21,0.0,27.4,28.21,0.7,13.06,0.0,1.2999999999999856,4.3000000000000576,-1.5399999999999991,-0.9410336347451197,0.3383130181923076,0.0
2023-10-22,0.1,26.8,27.83,0.6,11.74,0.10000000000002843,1.1999999999999857,3.400000000000057,-1.3200000000000003,-0.9350748843515574,0.3544502230989869,0.0
2023-10-23,0.0,26.1,27.96,0.0,11.02,0.10000000000002843,0.5999999999999858,2.3000000000000567,-0.7200000000000006,-0.9288394302558068,0.3704825404820963,0.0
2023-10-24,0.0,26.3,27.88,0.0,10.59,0.10000000000002843,0.0999999999999858,1.5000000000000568,-0.4299999999999997,-0.9223291176290545,0.3864052261209853,0.0
2023-10-25,0.0,26.2,28.24,0.0,10.3,0.0,0.0999999999999858,1.4000000000000568,-0.28999999999999915,-0.9155458729775467,0.40221356823680365,0.0
2023-10-26,0.0,26.1,27.51,0.0,10.14,0.0,0.0999999999999858,1.3000000000000567,-0.16000000000000014,-0.9084917035725082,0.41790288888678667,0.0
2023-10-27,0.0,26.0,27.32,0.0,9.86,0.0,0.0999999999999858,1.3000000000000567,-0.28000000000000114,-0.9011686968561569,0.4334685453485363,0.0
2023-10-28,0.0,25.6,27.31,0.0,9.57,0.0,0.0999999999999858,0.6000000000000568,-0.28999999999999915,-0.8935790198239952,0.4489059314938798,0.0
2023-10-29,0.0,26.6,27.81,0.1,9.42,0.0,0.0,0.10000000000005685,-0.15000000000000036,-0.8857249183835637,0.4642104791518923,0.0
2023-10-30,0.7,26.5,27.86,0.0,9.33,0.7000000000000284,0.6999999999999857,0.10000000000005685,-0.08999999999999986,-0.8776087166898392,0.4793776594606945,0.0
2023-10-31,0.0,26.3,27.88,0.0,9.26,0.7000000000000284,0.6999999999999857,0.10000000000005685,-0.07000000000000028,-0.8692328164574792,0.49440298420761813,0.0
2023-11-01,0.0,25.8,27.78,0.0,9.21,0.7000000000000284,0.6999999999999857,0.10000000000005685,-0.049999999999998934,-0.8605996962501181,0.5092820071573356,0.0
2023-11-02,0.0,26.2,27.4,0.0,9.21,0.0,0.6999999999999857,0.10000000000005685,0.0,-0.8517119107469189,0.5240103253675756,0.0
2023-11-03,0.0,26.8,27.51,0.0,9.91,0.0,0.6999999999999857,0.10000000000005685,0.6999999999999993,-0.8425720899866032,0.5385835804920232,0.0
2023-11-04,0.1,26.7,27.29,0.0,9.62,0.10000000000002843,0.7999999999999857,0.10000000000005685,-0.2900000000000009,-0.8331829385891785,0.5529974600700271,0.0
2023-11-05,0.1,26.9,27.84,0.0,9.72,0.20000000000002843,0.8999999999999857,0.0,0.10000000000000142,-0.8235472349556007,0.5672476988027229,0.0
2023-11-06,0.0,26.6,28.29,0.0,10.43,0.20000000000002843,0.1999999999999858,0.0,0.7099999999999991,-0.8136678304455991,0.5813300798152042,0.0
2023-11-07,6.6,25.6,28.94,1.1,10.83,6.700000000000028,6.799999999999986,1.100000000000057,0.40000000000000036,-0.8035476485339116,0.5952404359043674,0.0
2023-11-08,20.8,23.4,40.81,17.4,11.82,27.400000000000027,27.599999999999987,18.500000000000057,0.9900000000000002,-0.7931896839451843,0.6089746507720486,0.0
2023-11-09,3.1,23.4,46.34,5.0,17.24,30.500000000000032,30.69999999999999,23.500000000000057,5.419999999999998,-0.7825970017677834,0.6225286602431057,0.0
2023-11-10,3.5,23.8,45.91,6.4,19.32,27.400000000000034,34.19999999999999,29.900000000000055,2.080000000000002,-0.7717727365467836,0.6358984534680745,0.0
2023-11-11,0.0,24.9,44.17,0.3,19.04,6.600000000000028,34.09999999999999,30.200000000000056,-0.28000000000000114,-0.7607200913564104,0.6490800741100398,0.0
2023-11-12,0.0,24.6,42.08,0.0,23.55,3.5000000000000284,33.999999999999986,30.200000000000056,4.510000000000002,-0.7494423368521954,0.6620696215153815,0.0
2023-11-13,0.0,23.9,40.16,0.0,23.1,0.0,33.999999999999986,30.200000000000056,-0.4499999999999993,-0.7379428103031386,0.6748632518680403,0.0
2023-11-14,0.0,23.7,38.6,0.1,17.2,0.0,27.399999999999988,29.200000000000056,-5.900000000000002,-0.7262249146041543,0.6874571793269664,0.0
2023-11-15,0.0,23.3,37.3,0.0,13.93,0.0,6.599999999999985,11.800000000000058,-3.2699999999999996,-0.7142921172691032,0.699847677146407,0.0
2023-11-16,0.0,22.7,36.45,0.0,11.71,0.0,3.499999999999986,6.8000000000000576,-2.219999999999999,-0.7021479494046978,0.7120310787787131,0.0
2023-11-17,0.0,23.1,35.65,0.0,10.09,0.0,0.0,0.40000000000005687,-1.620000000000001,-0.6897960046655887,0.7240037789593305,0.0
2023-11-18,0.0,23.9,34.69,0.0,9.47,0.0,0.0,0.10000000000005685,-0.6199999999999992,-0.6772399381909491,0.7357622347736527,0.0
2023-11-19,0.0,24.9,33.88,0.0,9.19,0.0,0.0,0.10000000000005685,-0.28000000000000114,-0.6644834655228552,0.7473029667054296,0.0
2023-11-20,0.0,24.8,33.41,0.0,9.05,0.0,0.0,0.10000000000005685,-0.1399999999999988,-0.6515303615068021,0.75862255966641,0.0
2023-11-21,0.0,23.9,32.88,0.0,8.95,0.0,0.0,0.0,-0.10000000000000142,-0.6383844591746642,0.7697176640069211,0.0
2023-11-22,0.0,23.8,32.18,0.0,8.89,0.0,0.0,0.0,-0.05999999999999872,-0.6250496486104377,0.7805849965070866,0.0
2023-11-23,0.0,24.6,31.57,0.0,8.82,0.0,0.0,0.0,-0.07000000000000028,-0.6115298757991053,0.7912213413483807,0.0
2023-11-24,0.6,24.9,31.13,0.9,8.75,0.6000000000000284,0.5999999999999858,0.9000000000000569,-0.07000000000000028,-0.5978291414589552,0.801623551065242,0.0
2023-11-25,1.0,24.7,31.19,2.0,8.89,1.6000000000000285,1.5999999999999859,2.9000000000000568,0.14000000000000057,-0.5839514998576998,0.8117885474764613,0.0
2023-11-26,0.1,24.7,31.94,6.1,9.16,1.7000000000000286,1.699999999999986,9.000000000000057,0.2699999999999996,-0.5699010576127624,0.8217133225960589,0.0
2023-11-27,0.6,24.7,31.61,0.2,8.93,1.7000000000000284,2.2999999999999856,9.200000000000056,-0.23000000000000043,-0.5556819724760489,0.8313949395234058,0.0
2023-11-28,1.3,24.0,31.22,1.1,9.62,2.0000000000000284,3.599999999999986,10.300000000000058,0.6899999999999995,-0.5412984521036173,0.8408305333122887,0.0
2023-11-29,2.9,23.8,31.61,0.6,9.3,4.800000000000029,6.499999999999986,10.900000000000057,-0.3199999999999985,-0.5267547528105542,0.8500173118187018,0.0
2023-11-30,0.5,24.1,31.43,1.5,9.14,4.7000000000000295,6.999999999999986,12.400000000000057,-0.16000000000000014,-0.5120551783114646,0.8589525565270845,0.0
2023-12-01,0.0,24.2,30.35,0.1,9.28,3.4000000000000288,6.399999999999986,11.600000000000056,0.1399999999999988,-0.4972040784469378,0.8676336233547726,0.0
2023-12-02,0.0,24.3,29.75,0.3,9.12,0.5000000000000289,5.399999999999986,9.900000000000057,-0.16000000000000014,-0.4822058478963526,0.8760579434344281,0.0
2023-12-03,0.0,24.2,29.54,0.4,9.0,0.0,5.299999999999986,4.200000000000057,-0.11999999999999922,-0.46706492487743034,0.8842230238742036,0.0
2023-12-04,0.0,24.5,29.07,0.0,8.91,0.0,4.699999999999986,4.000000000000057,-0.08999999999999986,-0.451785789832884,0.8921264484954345,0.0
2023-12-05,0.0,24.2,29.05,0.0,8.77,0.0,3.3999999999999857,2.900000000000057,-0.14000000000000057,-0.4363729641045924,0.8997658785476209,0.0
2023-12-06,0.0,23.5,29.41,0.0,8.68,0.0,0.4999999999999858,2.3000000000000567,-0.08999999999999986,-0.42083100859565564,0.9071390534005044,0.0
2023-12-07,0.0,23.0,29.74,0.0,8.62,0.0,0.0,0.8000000000000569,-0.0600000000000005,-0.4051645224207563,0.9142437912130223,0.0
2023-12-08,0.3,23.1,29.79,0.0,8.55,0.30000000000002885,0.2999999999999858,0.7000000000000569,-0.06999999999999851,-0.3893781415452015,0.9210779895789526,0.0
2023-12-09,0.0,23.7,29.17,0.0,8.51,0.30000000000002885,0.2999999999999858,0.40000000000005687,-0.040000000000000924,-0.37347653741307074,0.9276396261490467,0.0
2023-12-10,0.0,24.2,29.12,0.0,8.46,0.30000000000002885,0.2999999999999858,0.0,-0.049999999999998934,-0.3574644155648614,0.9339267592294762,0.0
2023-12-11,0.0,24.2,28.89,0.0,8.4,0.0,0.2999999999999858,0.0,-0.0600000000000005,-0.34134651424503615,0.9399375283564133,0.0
2023-12-12,0.0,23.4,28.35,0.0,8.38,0.0,0.2999999999999858,0.0,-0.019999999999999574,-0.3251276029999093,0.9456701548465688,0.0
2023-12-13,0.0,23.0,28.28,0.0,8.33,0.0,0.2999999999999858,0.0,-0.05000000000000071,-0.30881248126625377,0.9511229423235357,0.0
2023-12-14,0.0,22.2,28.31,0.0,8.29,0.0,0.2999999999999858,0.0,-0.040000000000000924,-0.29240597695107734,0.9562942772197719,0.0
2023-12-15,0.0,21.5,28.26,0.0,8.23,0.0,0.0,0.0,-0.05999999999999872,-0.27591294500296043,0.9611826292540837,0.0
2023-12-16,0.0,22.2,28.47,0.0,8.2,0.0,0.0,0.0,-0.030000000000001137,-0.2593382659754056,0.9657865518844574,0.0
2023-12-17,0.0,23.7,28.89,0.0,8.18,0.0,0.0,0.0,-0.019999999999999574,-0.2426868445825954,0.9701046827361175,0.0
2023-12-18,0.2,23.4,29.72,0.0,8.14,0.20000000000002888,0.1999999999999858,0.0,-0.03999999999999915,-0.22596360824801906,0.974135744004672,0.0
2023-12-19,0.0,22.7,29.95,0.0,8.1,0.20000000000002888,0.1999999999999858,0.0,-0.040000000000000924,-0.20917350564635637,0.9778785428342386,0.0
2023-12-20,0.0,22.3,29.53,0.0,8.1,0.20000000000002888,0.1999999999999858,0.0,0.0,-0.19232150523909483,0.9813319716704275,0.0
2023-12-21,0.0,23.1,29.01,0.0,8.1,0.0,0.1999999999999858,0.0,0.0,-0.17541259380427843,0.9844950085880858,0.0
2023-12-22,0.0,23.2,28.65,0.0,8.06,0.0,0.1999999999999858,0.0,-0.03999999999999915,-0.15845177496083632,0.9873667175937016,0.0
2023-12-23,0.0,22.5,28.47,0.0,8.02,0.0,0.1999999999999858,0.0,-0.040000000000000924,-0.14144406768794202,0.9899462489023779,0.0
2023-12-24,0.0,22.1,28.52,0.0,7.99,0.0,0.1999999999999858,0.0,-0.02999999999999936,-0.12439450483979998,0.9922328391893008,0.0
2023-12-25,0.0,22.6,28.09,0.0,7.95,0.0,0.0,0.0,-0.040000000000000036,-0.10730813165636247,0.9942258118156161,0.0
2023-12-26,0.0,22.7,27.69,0.0,7.93,0.0,0.0,0.0,-0.020000000000000462,-0.09019000427034513,0.9959245770286599,0.0
2023-12-27,0.0,23.0,27.44,0.0,7.89,0.0,0.0,0.0,-0.040000000000000036,-0.07304518821104743,0.9973286321364752,0.0
2023-12-28,0.0,23.1,27.46,0.0,7.81,0.0,0.0,0.0,-0.08000000000000007,-0.05587875690537313,0.9984375616565666,0.0
2023-12-29,0.0,22.9,27.25,0.0,7.79,0.0,0.0,0.0,-0.019999999999999574,-0.03869579017652689,0.9992510374388481,0.0
2023-12-30,0.0,22.8,27.13,0.0,7.77,0.0,0.0,0.0,-0.020000000000000462,-0.021501372740813793,0.999768818762748,0.0
2023-12-31,0.0,23.0,26.8,0.0,7.75,0.0,0.0,0.0,-0.019999999999999574,-0.004300592702981974,0.9999907524084426,0.0
2024-01-01,0.0,23.1,26.76,0.0,7.73,0.0,0.0,0.0,-0.019999999999999574,0.017201575418260506,0.9998520419557735,0.0
2024-01-02,0.0,23.7,26.59,0.0,7.65,0.0,0.0,0.0,-0.08000000000000007,0.03439806061360801,0.9994082116062598,0.0
2024-01-03,0.0,23.8,26.33,0.0,7.61,0.0,0.0,0.0,-0.040000000000000036,0.051584366869408364,0.9986686402879997,0.0
2024-01-04,0.0,24.0,26.25,0.0,7.57,0.0,0.0,0.0,-0.040000000000000036,0.06875540848113941,0.9976335468520451,0.0
2024-01-05,0.8,23.5,26.3,0.8,7.57,0.8000000000000289,0.7999999999999858,0.8000000000000569,0.0,0.08590610426133272,0.9963032375991965,0.0
2024-01-06,0.3,24.0,26.03,0.6,7.53,1.100000000000029,1.0999999999999859,1.4000000000000568,-0.040000000000000036,0.10303137904317879,0.9946781061893646,0.0
2024-01-07,0.4,24.7,26.0,1.7,7.45,1.5000000000000289,1.4999999999999858,3.100000000000057,-0.08000000000000007,0.1201261651823505,0.9927586335250793,0.0
2024-01-08,0.3,24.8,26.1,2.0,7.3,1.0000000000000289,1.7999999999999858,5.1000000000000565,-0.15000000000000036,0.13718540405660057,0.9905453876091833,0.0
2024-01-09,5.2,23.7,27.18,15.1,7.22,5.900000000000029,6.999999999999986,20.200000000000056,-0.08000000000000007,0.1542040475626894,0.988039023376751,0.0
2024-01-10,0.0,23.3,32.78,0.0,9.07,5.500000000000028,6.999999999999986,20.200000000000056,1.8500000000000005,0.17117705961019986,0.985240282501282,0.0
2024-01-11,0.0,24.0,32.83,0.0,8.1,5.200000000000029,6.999999999999986,20.200000000000056,-0.9700000000000006,0.18809941761179758,0.9821499931752291,0.0
2024-01-12,0.0,23.8,31.43,0.0,5.7,0.0,6.199999999999986,19.400000000000055,-2.3999999999999995,0.20496611396949532,0.9787690698649216,0.0
2024-01-13,0.0,23.9,30.28,0.0,5.31,0.0,5.899999999999986,18.800000000000058,-0.39000000000000057,0.22177215755648186,0.975098513039961,0.0
2024-01-14,0.0,23.6,29.43,0.0,5.05,0.0,5.499999999999986,17.100000000000055,-0.2599999999999998,0.23851257519407648,0.9711394088771653,0.0
2024-01-15,0.0,23.2,28.74,0.0,4.78,0.0,5.199999999999986,15.100000000000056,-0.2699999999999996,0.2551824131233728,0.9668929289391521,0.0
2024-01-16,0.0,22.1,27.81,0.0,4.42,0.0,0.0,0.0,-0.3600000000000003,0.2717767384711357,0.9623603298276545,0.0
2024-01-17,0.0,22.0,27.14,0.0,4.15,0.0,0.0,0.0,-0.2699999999999996,0.2882906407095177,0.9575429528116719,0.0
2024-01-18,0.0,21.8,26.5,0.0,3.75,0.0,0.0,0.0,-0.40000000000000036,0.3047192331091634,0.9524422234305676,0.0
2024-01-19,0.0,22.1,26.0,0.0,3.36,0.0,0.0,0.0,-0.3900000000000001,0.321057654185271,0.9470596510722283,0.0
2024-01-20,0.0,23.1,25.78,0.0,2.92,0.0,0.0,0.0,-0.43999999999999995,0.3373010691361842,0.9413968285264122,0.0
2024-01-21,0.0,23.1,25.62,0.0,3.12,0.0,0.0,0.0,0.20000000000000018,0.3534446712740877,0.9354554315134164,0.0
2024-01-22,0.0,22.8,25.53,0.0,3.62,0.0,0.0,0.0,0.5,0.3694836834473831,0.9292372181882051,0.0
2024-01-23,0.0,21.2,25.39,0.0,3.79,0.0,0.0,0.0,0.16999999999999993,0.38541335945432564,0.9227440286201427,0.0
2024-01-24,0.0,21.6,25.32,0.0,3.72,0.0,0.0,0.0,-0.06999999999999984,0.4012289854475009,0.9159777842484877,0.0
2024-01-25,0.0,22.4,25.29,0.0,3.7,0.0,0.0,0.0,-0.020000000000000018,0.4169258813287287,0.908940487313808,0.0
2024-01-26,0.0,23.6,25.18,0.0,3.47,0.0,0.0,0.0,-0.22999999999999998,0.4324994021339788,0.901634220265486,0.0
2024-01-27,0.0,24.6,25.21,0.0,3.17,0.0,0.0,0.0,-0.30000000000000027,0.44794493940789115,0.8940611451454876,0.0
2024-01-28,0.0,23.7,24.98,0.0,3.05,0.0,0.0,0.0,-0.1200000000000001,0.4632579225674917,0.88622350294858,0.0
2024-01-29,0.0,24.0,24.76,0.0,2.95,0.0,0.0,0.0,-0.09999999999999964,0.4784338202547012,0.8781236129591848,0.0
2024-01-30,0.0,24.2,24.27,0.0,2.95,0.0,0.0,0.0,0.0,0.49346814167723735,0.8697638720650646,0.0
2024-01-31,0.0,23.7,24.46,0.0,3.69,0.0,0.0,0.0,0.7399999999999998,0.5083564379375122,0.8611467540480452,0.0
2024-02-01,0.0,22.0,24.24,0.0,4.56,0.0,0.0,0.0,0.8699999999999997,0.5230943033491326,0.8522748088519838,0.0
2024-02-02,0.0,22.4,24.23,0.0,4.71,0.0,0.0,0.0,0.15000000000000036,0.5376773767406141,0.8431506618282,0.0
2024-02-03,0.0,24.7,24.24,0.0,4.9,0.0,0.0,0.0,0.1900000000000004,0.5521013427459208,0.8337770129585915,0.0
2024-02-04,0.0,26.0,24.22,0.0,4.83,0.0,0.0,0.0,-0.07000000000000028,0.5663619330814524,0.8241566360566663,0.0
2024-02-05,0.0,26.8,24.17,0.0,4.71,0.0,0.0,0.0,-0.1200000000000001,0.580454927809098,0.8142923779467267,0.0
2024-02-06,0.0,27.5,24.09,0.0,4.96,0.0,0.0,0.0,0.25,0.5943761565849831,0.804187157621448,0.0
2024-02-07,0.0,27.2,24.02,0.0,5.01,0.0,0.0,0.0,0.04999999999999982,0.6081214998935418,0.7938439653781019,0.0
2024-02-08,0.0,27.2,23.96,0.0,5.03,0.0,0.0,0.0,0.020000000000000462,0.6216868902665479,0.7832658619336791,0.0
2024-02-09,0.0,26.6,23.91,0.0,4.89,0.0,0.0,0.0,-0.14000000000000057,0.6350683134867438,0.7724559775191742,0.0
2024-02-10,0.0,25.8,23.86,0.0,4.86,0.0,0.0,0.0,-0.02999999999999936,0.6482618097757122,0.7614175109532997,0.0
2024-02-11,0.0,25.9,23.82,0.0,5.0,0.0,0.0,0.0,0.13999999999999968,0.6612634749656386,0.7501537286959042,0.0
2024-02-12,0.0,26.3,23.78,0.0,4.96,0.0,0.0,0.0,-0.040000000000000036,0.6740694616546161,0.7386679638813748,0.0
2024-02-13,0.0,26.2,23.73,0.0,4.92,0.0,0.0,0.0,-0.040000000000000036,0.6866759803451553,0.726963615332308,0.0
2024-02-14,0.0,26.0,23.68,0.0,4.9,0.0,0.0,0.0,-0.019999999999999574,0.6990793005655562,0.7150441465537444,0.0
2024-02-15,0.0,26.5,23.63,0.0,4.94,0.0,0.0,0.0,0.040000000000000036,0.7112757519738152,0.7029130847082615,0.0
2024-02-16,0.0,26.6,23.59,0.0,4.81,0.0,0.0,0.0,-0.13000000000000078,0.7232617254437388,0.6905740195722293,0.0
2024-02-17,0.0,26.5,23.55,0.0,4.48,0.0,0.0,0.0,-0.3299999999999992,0.7350336741329413,0.6780306024735382,0.0
2024-02-18,0.0,26.2,23.52,0.0,4.48,0.0,0.0,0.0,0.0,0.746588114532413,0.6652865452111116,0.0
2024-02-19,0.0,26.8,23.48,0.0,4.71,0.0,0.0,0.0,0.22999999999999954,0.7579216274973472,0.6523456189565257,0.0
2024-02-20,0.0,26.8,23.44,0.0,4.6,0.0,0.0,0.0,-0.11000000000000032,0.7690308592589181,0.6392116531380588,0.0
2024-02-21,0.0,25.6,23.41,0.0,4.48,0.0,0.0,0.0,-0.11999999999999922,0.7799125224167177,0.6258885343075018,0.0
2024-02-22,0.0,23.9,23.38,0.0,4.26,0.0,0.0,0.0,-0.22000000000000064,0.7905633969115482,0.612380204990065,0.0
2024-02-23,0.0,24.0,23.35,0.0,4.18,0.0,0.0,0.0,-0.08000000000000007,0.8009803309782905,0.5986906625177214,0.0
2024-02-24,0.0,24.8,23.32,0.0,4.52,0.0,0.0,0.0,0.33999999999999986,0.8111602420785621,0.5848239578463322,0.0
2024-02-25,0.0,25.4,23.29,0.0,4.41,0.0,0.0,0.0,-0.10999999999999943,0.8211001178128892,0.5707841943569036,0.0
2024-02-26,0.0,26.9,23.32,0.1,4.46,0.0,0.0,0.10000000000005685,0.04999999999999982,0.8307970168121247,0.5565755266413303,0.0
2024-02-27,0.0,27.9,23.31,0.0,4.25,0.0,0.0,0.10000000000005685,-0.20999999999999996,0.8402480696078469,0.5422021592729844,0.0
2024-02-28,0.0,28.9,23.2,0.0,4.18,0.0,0.0,0.10000000000005685,-0.07000000000000028,0.8494504794814806,0.527668345562516,0.0
2024-02-29,0.0,29.1,23.19,0.0,4.18,0.0,0.0,0.10000000000005685,0.0,0.8584015232918917,0.512978386299228,0.0
2024-03-01,0.0,27.7,23.15,0.0,3.86,0.0,0.0,0.10000000000005685,-0.31999999999999984,0.8670985522812081,0.4981366284784055,0.0
2024-03-02,0.0,26.7,23.15,0.0,4.08,0.0,0.0,0.10000000000005685,0.2200000000000002,0.8755389928586302,0.4831474640149687,0.0
2024-03-03,0.0,25.7,23.12,0.0,4.19,0.0,0.0,0.10000000000005685,0.11000000000000032,0.8837203473619977,0.4680153284438345,0.0
2024-03-04,0.0,25.6,23.1,0.0,4.05,0.0,0.0,0.0,-0.14000000000000057,0.8916401947968874,0.45274469960737107,0.0
2024-03-05,0.0,26.5,23.08,0.0,4.13,0.0,0.0,0.0,0.08000000000000007,0.8992961915530253,0.4373400963303323,0.0
2024-03-06,0.0,26.7,23.05,0.0,3.92,0.0,0.0,0.0,-0.20999999999999996,0.9066860720977985,0.4218060770826634,0.0
2024-03-07,0.0,26.6,23.05,0.0,3.81,0.0,0.0,0.0,-0.10999999999999988,0.9138076496466615,0.4061472386305789,0.0
2024-03-08,0.0,28.0,23.02,0.0,3.65,0.0,0.0,0.0,-0.16000000000000014,0.9206588168102428,0.3903682146763026,0.0
2024-03-09,0.0,28.8,23.0,0.0,3.62,0.0,0.0,0.0,-0.029999999999999805,0.9272375462179537,0.374473674486883,0.0
2024-03-10,0.0,28.9,22.98,0.0,3.66,0.0,0.0,0.0,0.040000000000000036,0.9335418911179212,0.35846832151248087,0.0
2024-03-11,0.0,29.6,22.95,0.0,3.84,0.0,0.0,0.0,0.17999999999999972,0.9395699859530622,0.342356891994542,0.0
2024-03-12,0.0,29.7,22.95,0.0,3.79,0.0,0.0,0.0,-0.04999999999999982,0.945320046913132,0.3261441535642696,0.0
2024-03-13,0.0,28.3,22.93,0.0,3.65,0.0,0.0,0.0,-0.14000000000000012,0.9507903724625832,0.3098349038318025,0.0
2024-03-14,0.0,27.7,22.9,0.0,3.61,0.0,0.0,0.0,-0.040000000000000036,0.9559793438440766,0.2934339689665273,0.0
2024-03-15,0.0,27.7,22.9,0.0,3.44,0.0,0.0,0.0,-0.16999999999999993,0.9608854255574977,0.27694620226893646,0.0
2024-03-16,0.0,27.8,22.9,0.0,3.36,0.0,0.0,0.0,-0.08000000000000007,0.9655071658143364,0.2603764827344581,0.0
2024-03-17,0.0,27.8,22.88,0.0,3.0,0.0,0.0,0.0,-0.3599999999999999,0.969843196967294,0.24372971360968387,0.0
2024-03-18,0.0,28.2,22.85,0.0,2.45,0.0,0.0,0.0,-0.5499999999999998,0.9738922359149924,0.22701082094141847,0.0
2024-03-19,0.0,28.6,22.85,0.0,1.64,0.0,0.0,0.0,-0.8100000000000003,0.9776530844816641,0.2102247521189836,0.0
2024-03-20,0.0,28.9,22.85,0.0,0.73,0.0,0.0,0.0,-0.9099999999999999,0.981124629771712,0.19337647441020586,0.0
2024-03-21,0.0,28.8,22.83,0.0,0.41,0.0,0.0,0.0,-0.32,0.984305844499033,0.17647097349152166,0.0
2024-03-22,0.0,28.4,22.8,0.1,0.47,0.0,0.0,0.10000000000005685,0.06,0.9871957872910085,0.15951325197263655,0.0
2024-03-23,0.0,29.2,22.8,0.0,0.47,0.0,0.0,0.10000000000005685,0.0,0.9897936029670716,0.14250832791617088,0.0
2024-03-24,0.0,30.0,22.8,0.0,0.47,0.0,0.0,0.10000000000005685,0.0,0.992098522791769,0.12546123335273648,0.0
2024-03-25,0.0,31.2,22.8,0.1,0.45,0.0,0.0,0.20000000000005685,-0.019999999999999962,0.9941098647022418,0.10837701279187609,0.0
2024-03-26,0.0,30.6,22.8,0.0,0.45,0.0,0.0,0.20000000000005685,0.0,0.9958270335100595,0.09126072172931188,0.0
2024-03-27,0.0,30.6,22.77,0.2,0.45,0.0,0.0,0.40000000000005687,0.0,0.9972495210773451,0.07411742515094437,0.0
2024-03-28,0.0,30.5,22.75,0.1,0.45,0.0,0.0,0.5000000000000568,0.0,0.998376906467142,0.056952196034039754,0.0
2024-03-29,0.4,29.5,22.86,2.5,0.44,0.40000000000002844,0.3999999999999858,2.9000000000000568,-0.010000000000000009,0.9992088560679753,0.03977011384605572,0.0
2024-03-30,0.0,29.4,22.94,3.7,0.44,0.40000000000002844,0.3999999999999858,6.6000000000000565,0.0,0.9997451236925734,0.022576263041545485,0.0
2024-03-31,0.0,31.3,22.75,1.0,0.44,0.40000000000002844,0.3999999999999858,7.6000000000000565,0.0,0.9999855506507186,0.005375731557583884,0.0
2024-04-01,0.0,31.7,22.71,0.4,0.44,0.0,0.3999999999999858,7.900000000000057,0.0,0.9999300657962057,-0.011826390691832589,0.0
2024-04-02,0.0,30.0,22.86,0.0,0.44,0.0,0.3999999999999858,7.900000000000057,0.0,0.9995786855478958,-0.029025013321975237,0.0
2024-04-03,0.0,29.5,22.69,0.0,0.45,0.0,0.3999999999999858,7.700000000000057,0.010000000000000009,0.9989315138848577,-0.046215046983708354,0.0
2024-04-04,0.0,30.5,22.45,0.0,0.47,0.0,0.3999999999999858,7.6000000000000565,0.019999999999999962,0.9979887423155984,-0.06339140486951038,0.0
2024-04-05,0.0,31.9,22.45,0.0,0.45,0.0,0.0,5.1000000000000565,-0.019999999999999962,0.9967506498213929,-0.08054900421874167,0.0
2024-04-06,0.0,32.0,22.39,0.0,0.45,0.0,0.0,1.4000000000000568,0.0,0.9952176027737294,-0.09768276782171598,0.0
2024-04-07,0.0,31.2,22.39,0.2,0.45,0.0,0.0,0.6000000000000569,0.0,0.9933900548258936,-0.11478762552212701,0.0
2024-04-08,0.0,30.6,22.45,0.0,0.45,0.0,0.0,0.20000000000005685,0.0,0.9912685467787256,-0.13185851571739118,0.0
2024-04-09,0.0,30.8,22.45,0.0,0.45,0.0,0.0,0.20000000000005685,0.0,0.9888537064205885,-0.1488903868564548,0.0
2024-04-10,0.0,30.3,22.45,0.0,0.44,0.0,0.0,0.20000000000005685,-0.010000000000000009,0.986146248341595,-0.16587819893463143,0.0
2024-04-11,0.0,30.5,22.45,0.0,0.44,0.0,0.0,0.20000000000005685,0.0,0.9831469737221499,-0.1828169249850199,0.0
2024-04-12,0.2,30.2,22.49,0.0,0.44,0.20000000000002843,0.1999999999999858,0.20000000000005685,0.0,0.9798567700958665,-0.1997015525660636,0.0
2024-04-13,0.0,30.1,22.47,0.0,0.44,0.20000000000002843,0.1999999999999858,0.20000000000005685,0.0,0.9762766110869321,-0.21652708524481437,0.0
2024-04-14,0.0,30.7,22.55,0.0,0.44,0.20000000000002843,0.1999999999999858,0.0,0.0,0.9724075561219968,-0.23328854407545518,0.0
2024-04-15,0.0,32.4,22.51,0.5,0.44,0.0,0.1999999999999858,0.5000000000000568,0.0,0.9682507501166718,-0.2499809690726521,0.0
2024-04-16,0.0,32.5,22.24,0.6,0.42,0.0,0.1999999999999858,1.100000000000057,-0.020000000000000018,0.9638074231367307,-0.26659942067929354,0.0
2024-04-17,0.1,31.1,22.3,0.5,0.42,0.10000000000002843,0.29999999999998583,1.600000000000057,0.0,0.9590788900341131,-0.28313898122818354,0.0
2024-04-18,1.8,30.5,22.89,4.5,0.42,1.9000000000000286,2.099999999999986,6.1000000000000565,0.0,0.9540665500578387,-0.2995947563972602,0.0
2024-04-19,0.6,30.0,23.1,0.9,0.45,2.5000000000000284,2.499999999999986,7.000000000000057,0.030000000000000027,0.9487718864399473,-0.31596187665790293,0.0
2024-04-20,1.9,28.7,25.13,3.7,0.47,4.300000000000028,4.399999999999986,10.700000000000056,0.019999999999999962,0.9431964659565866,-0.33223549871590435,0.0
2024-04-21,0.9,29.2,27.08,1.2,0.8,3.4000000000000283,5.299999999999986,11.900000000000057,0.33000000000000007,0.9373419384643772,-0.3484108069446808,0.0
2024-04-22,2.8,29.0,27.57,0.0,1.65,5.600000000000028,8.099999999999985,11.400000000000057,0.8499999999999999,0.9312100364121947,-0.3644830148102912,0.0
2024-04-23,0.0,29.2,28.82,0.3,0.78,3.700000000000028,8.099999999999985,11.100000000000056,-0.8699999999999999,0.9248025743285089,-0.38044736628785164,0.0
2024-04-24,0.0,29.5,28.35,0.5,0.77,2.8000000000000282,7.999999999999986,11.100000000000056,-0.010000000000000009,0.9181214482844364,-0.39629913726891813,0.0
2024-04-25,0.0,29.4,29.88,0.6,0.64,0.0,6.199999999999985,7.200000000000057,-0.13,0.9111686353326631,-0.41203363695942635,0.0
2024-04-26,0.0,29.4,27.89,0.6,0.58,0.0,5.599999999999985,6.900000000000056,-0.06000000000000005,0.9039461929224011,-0.42764620926777464,0.0
2024-04-27,0.0,31.3,26.26,0.0,0.53,0.0,3.6999999999999855,3.200000000000057,-0.04999999999999993,0.8964562582905575,-0.44313223418263453,0.0
2024-04-28,0.0,31.3,24.89,0.1,0.49,0.0,2.7999999999999856,2.1000000000000565,-0.040000000000000036,0.8887010478292915,-0.45848712914008766,0.0
2024-04-29,0.1,31.8,23.92,0.4,0.47,0.10000000000002843,0.0999999999999858,2.500000000000057,-0.020000000000000018,0.8806828564301475,-0.47370635037968,0.0
2024-04-30,0.0,32.2,23.4,0.0,0.45,0.10000000000002843,0.0999999999999858,2.200000000000057,-0.019999999999999962,0.8724040568049612,-0.48878539428899265,0.0
2024-05-01,0.0,29.8,22.86,0.0,0.44,0.10000000000002843,0.0999999999999858,1.7000000000000568,-0.010000000000000009,0.8638670987837349,-0.503719798736334,0.0
2024-05-02,0.0,30.2,22.75,0.0,0.42,0.0,0.0999999999999858,1.100000000000057,-0.020000000000000018,0.8550745085896932,-0.518505144391157,0.0
2024-05-03,0.0,29.9,22.37,0.0,0.42,0.0,0.0999999999999858,0.500000000000057,0.0,0.8460288880917339,-0.533137056031809,0.0
2024-05-04,0.0,29.3,22.26,0.0,0.41,0.0,0.0999999999999858,0.500000000000057,-0.010000000000000009,0.8367329140344921,-0.5476112038402312,0.0
2024-05-05,0.0,29.0,22.24,0.0,0.39,0.0,0.0999999999999858,0.400000000000057,-0.019999999999999962,0.8271893372462497,-0.5619233046832195,0.0
2024-05-06,0.0,29.7,22.05,0.0,0.39,0.0,0.0,0.0,0.0,0.8174009818249189,-0.5760691233798758,0.0
2024-05-07,0.0,28.9,22.34,0.0,0.39,0.0,0.0,0.0,0.0,0.8073707443023492,-0.5900444739548627,0.0
2024-05-08,0.0,28.5,22.31,0.0,0.37,0.0,0.0,0.0,-0.020000000000000018,0.7971015927871943,-0.6038452208771035,0.0
2024-05-09,0.0,29.3,22.25,0.0,0.37,0.0,0.0,0.0,0.0,0.7865965660866021,-0.6174672802835514,0.0
2024-05-10,0.0,29.6,22.49,0.2,0.37,0.0,0.0,0.20000000000005697,0.0,0.7758587728069828,-0.6309066211876704,0.0
2024-05-11,8.0,29.2,24.63,9.9,0.37,8.000000000000028,7.999999999999986,10.100000000000056,0.0,0.7648913904341225,-0.6441592666722685,0.0
2024-05-12,5.0,28.1,27.49,7.2,2.05,13.000000000000028,12.999999999999986,17.300000000000058,1.6799999999999997,0.753697664392914,-0.6572212950663319,0.0
2024-05-13,12.4,27.8,29.26,2.2,5.58,25.400000000000027,25.399999999999984,19.500000000000057,3.5300000000000002,0.742280907086982,-0.6700888411055113,0.0
2024-05-14,0.0,28.7,33.04,1.3,6.87,17.400000000000027,25.399999999999984,20.800000000000058,1.29,0.7306444969184916,-0.6827580970759147,0.0
2024-05-15,0.1,28.8,31.36,0.1,6.01,12.500000000000028,25.499999999999986,20.900000000000055,-0.8600000000000003,0.7187918772884232,-0.6952253139408722,0.0
2024-05-16,0.4,28.4,29.86,0.8,3.79,0.5000000000000284,25.899999999999984,21.700000000000056,-2.2199999999999998,0.7067265555776158,-0.7074868024503348,0.0
2024-05-17,0.6,28.2,28.87,1.0,4.08,1.1000000000000285,26.499999999999986,22.500000000000057,0.29000000000000004,0.6944521021088763,-0.719538934232584,0.0
2024-05-18,0.2,29.0,27.95,2.3,4.66,1.2000000000000284,18.699999999999985,14.900000000000057,0.5800000000000001,0.6819721490904629,-0.7313781428679254,0.0
2024-05-19,6.0,28.7,27.14,9.4,5.34,6.800000000000028,19.699999999999985,17.10000000000006,0.6799999999999997,0.6692903895412567,-0.7430009249440493,0.0
2024-05-20,2.5,28.6,26.56,17.2,5.76,8.700000000000028,9.799999999999986,32.10000000000005,0.41999999999999993,0.6564105761979381,-0.7544038410927472,0.0
2024-05-21,2.0,28.9,29.84,1.4,6.46,10.500000000000028,11.799999999999986,32.20000000000005,0.7000000000000002,0.6433365204044917,-0.765583517007675,0.0
2024-05-22,1.5,29.8,30.18,0.9,7.55,6.000000000000028,13.199999999999985,33.00000000000005,1.0899999999999999,0.6300720909843687,-0.7765366444428655,0.0
2024-05-23,15.7,28.6,33.76,25.7,9.28,19.200000000000028,28.499999999999986,57.900000000000055,1.7299999999999995,0.6166212130956382,-0.7872599821916922,0.0
2024-05-24,0.6,28.0,39.84,3.9,10.97,17.80000000000003,28.499999999999982,60.800000000000054,1.6900000000000013,0.6029878670694714,-0.7977503570459932,0.0
2024-05-25,0.1,26.8,38.67,2.4,12.06,16.400000000000027,28.399999999999984,60.90000000000005,1.0899999999999999,0.5891760872322963,-0.8080046647350754,0.0
2024-05-26,0.0,27.1,36.7,4.2,8.44,0.7000000000000284,22.399999999999984,55.70000000000005,-3.620000000000001,0.5751899607119775,-0.8180198708443174,0.0
2024-05-27,0.1,26.8,35.29,6.4,6.91,0.20000000000002843,19.999999999999982,44.900000000000055,-1.5299999999999994,0.5610336262283677,-0.8277930117131022,0.0
2024-05-28,0.2,26.9,34.07,3.7,6.14,0.30000000000002847,18.19999999999998,47.20000000000005,-0.7700000000000005,0.5467112728685939,-0.8373211953118121,0.0
2024-05-29,0.0,26.8,32.31,0.5,5.67,0.30000000000002847,16.69999999999998,46.800000000000054,-0.46999999999999975,0.5322271388474397,-0.8466016020976267,0.0
2024-05-30,0.0,27.7,30.74,1.1,5.37,0.20000000000002843,0.999999999999984,22.200000000000053,-0.2999999999999998,0.5175855102531889,-0.8556314858488706,0.0
2024-05-31,0.0,28.2,29.34,6.4,5.15,0.0,0.39999999999998403,24.700000000000056,-0.21999999999999975,0.5027907197793043,-0.8644081744776648,0.0
2024-06-01,0.1,28.3,28.57,1.6,5.0,0.10000000000002843,0.39999999999998403,23.900000000000055,-0.15000000000000036,0.4878471454423119,-0.8729290708206411,0.0
2024-06-02,0.9,28.1,27.61,2.5,4.92,1.0000000000000284,1.299999999999984,22.200000000000056,-0.08000000000000007,0.47275920928627757,-0.881191653407483,0.0
2024-06-03,10.1,28.1,27.24,4.7,4.85,11.100000000000028,11.299999999999983,20.500000000000057,-0.07000000000000028,0.4575313760742512,-0.8891934772070711,0.0
2024-06-04,9.3,26.4,29.15,10.9,7.15,20.30000000000003,20.399999999999984,27.700000000000056,2.3000000000000007,0.44216815196707204,-0.8969321743510065,0.0
2024-06-05,7.1,26.1,29.25,11.8,8.46,26.50000000000003,27.499999999999986,39.00000000000006,1.3100000000000005,0.42667408318992467,-0.9044054548343001,0.0
2024-06-06,27.8,25.8,34.72,23.4,9.05,44.20000000000003,55.29999999999998,61.300000000000054,0.5899999999999999,0.4110537546870351,-0.9116111071930239,0.0
2024-06-07,23.4,24.3,39.96,28.9,11.97,58.300000000000026,78.69999999999999,83.80000000000005,2.92,0.3953117887649151,-0.9185469991587165,0.0
2024-06-08,98.8,23.7,41.78,61.0,20.04,150.00000000000003,177.39999999999998,143.20000000000005,8.069999999999999,0.37945284372454435,-0.925211078289358,0.0
2024-06-09,241.9,23.4,49.43,152.8,33.51,364.1,418.4,293.50000000000006,13.469999999999999,0.36348161248290634,-0.9316013725767187,0.0
2024-06-10,14.6,23.7,50.18,17.7,35.06,355.3,422.9,306.50000000000006,1.5500000000000043,0.3474028211842774,-0.9377159910299093,0.0
2024-06-11,4.3,23.8,48.76,15.1,33.28,260.8,417.9,310.70000000000005,-1.7800000000000011,0.3312212278016865,-0.9435531242349544,0.0
2024-06-12,3.8,23.9,47.6,9.9,29.48,22.7,414.59999999999997,308.80000000000007,-3.8000000000000007,0.31494162072895193,-0.9491110448902284,0.0
2024-06-13,22.5,24.0,48.29,16.1,38.99,30.6,409.29999999999995,301.50000000000006,9.510000000000002,0.2985688173637202,-0.9543881083175908,0.0
2024-06-14,10.7,24.0,48.54,11.1,36.41,37.0,396.59999999999997,283.70000000000005,-2.5800000000000054,0.2821076626819194,-0.9593827529490743,0.0
2024-06-15,6.8,24.6,46.85,8.1,31.06,40.0,304.59999999999997,230.80000000000007,-5.349999999999998,0.26556302780405594,-0.9640935007889755,0.0
2024-06-16,12.9,24.6,47.11,17.2,34.4,30.400000000000002,75.59999999999997,95.20000000000006,3.34,0.24893980855376657,-0.9685189578512204,0.0
2024-06-17,4.5,24.7,48.39,10.1,30.77,24.200000000000003,65.49999999999997,87.60000000000005,-3.629999999999999,0.23224292400907015,-0.9726578145718654,0.0
2024-06-18,1.5,24.9,46.91,9.1,30.05,18.900000000000002,62.699999999999974,81.60000000000005,-0.7199999999999989,0.21547731504673012,-0.976508846196619,0.0
2024-06-19,0.9,24.5,45.18,9.4,22.66,6.900000000000004,59.799999999999976,81.10000000000005,-7.390000000000001,0.19864794288017112,-0.9800709131432666,0.0
2024-06-20,3.4,24.3,44.98,25.8,22.82,5.800000000000003,40.69999999999997,90.80000000000007,0.16000000000000014,0.18175978759137534,-0.9833429613388902,0.0
2024-06-21,1.2,24.4,44.83,6.4,22.07,5.5000000000000036,31.19999999999997,86.10000000000005,-0.75,0.16481784665719793,-0.9863240225317866,0.0
2024-06-22,2.5,24.5,43.75,9.7,27.05,7.100000000000003,26.89999999999997,87.70000000000006,4.98,0.14782713347053048,-0.9890132145779883,0.0
2024-06-23,4.6,24.5,42.81,26.0,43.77,8.300000000000004,18.599999999999973,96.50000000000006,16.720000000000002,0.13079267585675922,-0.9914097417023038,0.0
2024-06-24,4.1,24.6,42.65,18.1,40.78,11.200000000000003,18.19999999999997,104.50000000000006,-2.990000000000002,0.11371951458594969,-0.9935128947338007,0.0
2024-06-25,14.6,24.7,44.68,40.2,45.88,23.300000000000004,31.29999999999997,135.60000000000008,5.100000000000001,0.0966127018812031,-0.9953220513156602,0.0
2024-06-26,16.2,24.4,48.2,37.0,49.82,34.9,46.59999999999997,163.20000000000007,3.9399999999999977,0.07947729992362097,-0.9968366760893436,0.0
2024-06-27,11.2,23.7,49.61,56.5,148.97,42.0,54.39999999999998,193.90000000000006,99.15,0.062318379354325076,-0.998056320853012,0.0
2024-06-28,6.6,24.2,49.18,38.8,275.06,34.0,59.79999999999997,226.30000000000004,126.09,0.04514101777397193,-0.9989806246941579,0.0
2024-06-29,5.0,24.5,47.72,13.1,308.74,22.800000000000004,62.29999999999997,229.70000000000005,33.68000000000001,0.02795029824021032,-0.999609314096404,0.0
2024-06-30,9.1,24.4,47.19,23.5,258.42,20.700000000000003,66.79999999999997,227.20000000000005,-50.31999999999999,0.01075130776352193,-0.9999422030204416,0.0
2024-07-01,7.4,23.9,46.94,44.7,202.7,21.500000000000004,70.09999999999998,253.80000000000007,-55.72000000000003,-0.00645086419810515,-0.9999791929590823,0.0
2024-07-02,7.5,23.6,48.15,36.5,205.06,24.000000000000004,62.99999999999997,250.10000000000005,2.3600000000000136,-0.023651127245231586,-0.9997202729664083,0.0
2024-07-03,1.3,24.0,48.07,11.4,273.79,16.200000000000003,48.09999999999997,224.50000000000006,68.73000000000002,-0.04084439154329611,-0.9991655196610109,0.0
2024-07-04,1.4,23.8,46.73,8.0,313.77,10.200000000000003,38.299999999999976,176.00000000000006,39.97999999999996,-0.05802556932878035,-0.9983150972033183,0.0
2024-07-05,8.8,24.0,47.26,23.9,204.12,11.500000000000004,40.49999999999997,161.10000000000008,-109.64999999999998,-0.07518957641475855,-0.9971692572470178,0.0
2024-07-06,4.4,23.4,47.43,47.5,183.5,14.600000000000003,39.89999999999998,195.50000000000006,-20.620000000000005,-0.09233133369539122,-0.9957283388645872,0.0
2024-07-07,13.1,23.0,48.54,33.5,204.12,26.300000000000004,43.89999999999997,205.50000000000006,20.620000000000005,-0.10944576864891556,-0.993992768446958,0.0
2024-07-08,60.0,23.1,50.26,20.8,230.74,77.5,96.49999999999997,181.60000000000005,26.620000000000005,-0.12652781683868314,-0.9919630595773397,0.0
2024-07-09,28.7,23.1,50.42,52.2,234.5,101.8,117.69999999999997,197.30000000000007,3.759999999999991,-0.1435724234118113,-0.9896398128792412,0.0
2024-07-10,1.2,24.1,48.32,7.9,298.92,89.9,117.59999999999998,193.80000000000004,64.42000000000002,-0.16057454459499376,-0.9870237158387383,0.0
2024-07-11,3.4,23.6,48.56,21.5,437.53,33.3,119.59999999999997,207.30000000000004,138.60999999999996,-0.17752914918703497,-0.984115542601034,0.0
2024-07-12,5.2,23.8,47.85,46.1,281.49,9.8,115.99999999999997,229.50000000000006,-156.03999999999996,-0.19443122004766195,-0.9809161537413774,0.0
2024-07-13,8.4,23.0,48.53,61.5,296.17,17.0,119.99999999999997,243.50000000000006,14.680000000000007,-0.2112757555821793,-0.9774264960104055,0.0
2024-07-14,37.7,22.8,51.03,124.9,424.6,51.300000000000004,144.59999999999997,334.90000000000003,128.43,-0.2280577712215198,-0.9736476020539838,0.0
2024-07-15,16.1,23.1,50.97,87.6,562.64,62.2,100.69999999999997,401.70000000000005,138.03999999999996,-0.24477230089725957,-0.9695805901076308,1.0
2024-07-16,12.9,22.9,50.53,77.8,861.98,66.7,84.89999999999998,427.30000000000007,299.34000000000003,-0.2614143985111562,-0.965226663665613,1.0
2024-07-17,13.3,23.2,50.49,70.0,1118.44,42.300000000000004,96.99999999999997,489.4000000000001,256.46000000000004,-0.2779791393987801,-0.9605871111248129,1.0
2024-07-18,14.1,23.2,51.17,102.2,1232.11,40.3,107.69999999999997,570.1,113.66999999999985,-0.2944616217868012,-0.9556633054034704,1.0
2024-07-19,20.8,23.0,51.29,123.6,1050.96,48.2,123.29999999999998,647.6,-181.14999999999986,-0.3108569682435036,-0.9504567035349151,1.0
2024-07-20,23.0,23.2,51.23,94.8,1187.5,57.9,137.89999999999998,680.9000000000001,136.53999999999996,-0.3271603271220951,-0.9449688462364056,1.0
2024-07-21,29.1,23.0,51.41,94.8,1392.16,72.9,129.29999999999998,650.8000000000001,204.66000000000008,-0.34336687399638804,-0.939201357453208,1.0
2024-07-22,12.7,23.1,50.99,72.9,1232.11,64.8,125.89999999999998,636.1,-160.05000000000018,-0.3594718130884232,-0.9331559438780432,0.0
2024-07-23,16.6,23.1,51.21,84.3,1108.18,58.400000000000006,129.59999999999997,642.6000000000001,-123.92999999999984,-0.3754703786876202,-0.9268343944460494,0.0
2024-07-24,16.1,22.8,51.11,89.1,1036.53,45.400000000000006,132.39999999999998,661.7,-71.65000000000009,-0.3913578365610259,-0.9202385798054075,0.0
2024-07-25,13.8,22.7,51.19,76.2,1110.73,46.5,132.09999999999997,635.7,74.20000000000005,-0.4071294853542516,-0.9133704517637858,0.0
2024-07-26,16.3,23.1,50.99,85.7,1070.52,46.2,127.59999999999997,597.8,-40.210000000000036,-0.4227806579826773,-0.9062320427107697,0.0
2024-07-27,10.6,22.9,51.15,49.4,1027.02,40.7,115.19999999999997,552.4000000000001,-43.5,-0.4383067230125192,-0.898825465016444,0.0
2024-07-28,4.5,23.0,49.91,44.2,1034.14,31.4,90.59999999999998,501.80000000000007,7.120000000000118,-0.45370308603134424,-0.8911529104063088,0.0
2024-07-29,4.7,23.4,50.07,64.9,953.99,19.8,82.59999999999997,493.80000000000007,-80.15000000000009,-0.46896519100763184,-0.8832166493127127,0.0
2024-07-30,12.1,23.8,50.11,49.1,757.58,21.299999999999997,78.09999999999998,458.6000000000001,-196.40999999999997,-0.48408852163897587,-0.8750190302029955,0.0
2024-07-31,1.6,23.5,49.21,36.4,661.22,18.4,63.599999999999966,405.9000000000001,-96.36000000000001,-0.4990686026885319,-0.8665624788845385,0.0
2024-08-01,19.8,22.8,50.12,39.1,532.33,33.5,69.59999999999997,368.80000000000007,-128.89,-0.5139010013093103,-0.8578494977869301,0.0
2024-08-02,7.4,22.8,50.43,43.4,495.59,28.799999999999997,60.699999999999974,326.50000000000006,-36.740000000000066,-0.5285813283559292,-0.8488826652214553,0.0
2024-08-03,5.0,23.1,49.95,39.3,529.88,32.199999999999996,55.09999999999997,316.4000000000001,34.29000000000002,-0.5431052396834317,-0.8396646346181327,0.0
2024-08-04,11.6,23.2,50.2,40.0,487.65,23.999999999999996,62.199999999999974,312.20000000000005,-42.23000000000002,-0.5574684374327892,-0.8301981337405212,0.0
2024-08-05,2.3,23.6,49.29,13.6,482.06,18.899999999999995,59.79999999999997,260.90000000000003,-5.589999999999975,-0.5716666713027052,-0.8204859638785327,0.0
2024-08-06,1.6,23.6,48.68,13.6,473.24,15.499999999999996,49.299999999999976,225.40000000000006,-8.819999999999993,-0.5856957398073508,-0.8105309990194823,0.0
2024-08-07,7.8,23.1,49.97,22.9,425.58,11.699999999999996,55.49999999999997,211.90000000000006,-47.660000000000025,-0.5995514915196489,-0.8003361849976323,0.0
2024-08-08,3.2,23.5,49.69,14.0,338.63,12.599999999999994,38.89999999999997,186.80000000000007,-86.94999999999999,-0.6132298262997502,-0.7899045386224707,0.0
2024-08-09,7.3,23.6,49.12,13.6,285.42,18.299999999999997,38.79999999999997,157.00000000000006,-53.20999999999998,-0.6267266965083301,-0.7792391467859886,0.0
2024-08-10,4.0,23.8,48.42,14.8,202.24,14.499999999999996,37.79999999999997,132.50000000000006,-83.18,-0.6400381082043503,-0.7683431655492202,0.0
2024-08-11,0.8,24.2,47.42,9.4,154.6,12.099999999999998,26.99999999999997,101.90000000000006,-47.640000000000015,-0.65316012232693,-0.7572198192083127,0.0
2024-08-12,1.3,24.3,46.55,4.9,132.97,6.099999999999996,25.99999999999997,93.20000000000006,-21.629999999999995,-0.666088855860977,-0.7458723993404063,0.0
2024-08-13,0.2,25.6,45.69,0.8,81.22,2.2999999999999967,24.599999999999973,80.40000000000005,-51.75,-0.6788204829862355,-0.734304263829602,0.0
2024-08-14,0.6,25.4,44.33,1.9,57.21,2.0999999999999965,17.39999999999997,59.40000000000006,-24.009999999999998,-0.6913512362094071,-0.722518835873311,0.0
2024-08-15,10.7,24.6,45.33,4.1,36.58,11.499999999999996,24.89999999999997,49.500000000000064,-20.630000000000003,-0.7036774074790128,-0.7105196029692745,0.0
2024-08-16,5.9,24.9,48.26,11.1,28.38,17.199999999999996,23.49999999999997,47.00000000000006,-8.2,-0.7157953492826642,-0.6983101158835584,0.0
2024-08-17,28.3,24.2,49.54,23.4,23.1,44.9,47.79999999999997,55.60000000000005,-5.279999999999998,-0.7277014757264236,-0.6858939875998223,0.0
2024-08-18,11.3,24.8,49.91,11.3,20.68,45.5,58.299999999999976,57.50000000000006,-2.4200000000000017,-0.7393922635959241,-0.673274892250183,0.0
2024-08-19,8.4,24.9,49.45,9.5,21.96,48.0,65.39999999999998,62.10000000000006,1.2800000000000011,-0.7508642533989489,-0.6604565640279754,0.0
2024-08-20,7.0,24.6,50.19,4.9,19.23,26.700000000000003,72.19999999999997,66.20000000000006,-2.7300000000000004,-0.7621140503891487,-0.6474427960827475,0.0
2024-08-21,18.1,24.6,50.26,25.5,20.63,33.5,89.69999999999997,89.80000000000007,1.3999999999999986,-0.7731383255706026,-0.6342374393978054,0.0
2024-08-22,1.1,24.3,49.64,3.3,40.98,26.200000000000006,80.09999999999997,89.00000000000006,20.349999999999998,-0.7839338166829201,-0.620844401650647,0.0
2024-08-23,3.5,24.6,48.8,20.8,70.94,22.700000000000003,77.69999999999996,98.70000000000006,29.96,-0.7944973291665992,-0.6072676460566135,0.0
2024-08-24,57.1,22.8,50.68,108.3,37.9,61.7,106.49999999999997,183.60000000000005,-33.04,-0.8048257371083452,-0.593511190196115,0.0
2024-08-25,15.4,22.5,50.9,68.1,261.42,76.0,110.59999999999998,240.40000000000006,223.52,-0.8149159841660791,-0.5795791048257612,0.0
2024-08-26,13.1,22.9,50.35,47.1,534.8,85.6,115.29999999999997,278.00000000000006,273.37999999999994,-0.8247650844733614,-0.5654755126737576,0.0
2024-08-27,7.4,23.1,49.47,47.4,499.03,35.9,115.69999999999997,320.50000000000006,-35.76999999999998,-0.8343701235229538,-0.5512045872199277,0.0
2024-08-28,6.0,23.2,49.05,34.4,542.25,26.5,103.59999999999998,329.40000000000003,43.22000000000003,-0.8437282590292712,-0.5367705514607103,0.0
2024-08-29,1.5,23.6,47.57,15.5,463.52,14.9,103.99999999999999,341.6,-78.73000000000002,-0.8528367217694595,-0.522177676659508,0.0
2024-08-30,3.2,23.7,46.5,16.7,374.84,10.7,103.69999999999997,337.50000000000006,-88.68,-0.8616928164028522,-0.5074302810827518,0.0
2024-08-31,2.8,23.3,45.39,14.8,280.84,7.5,49.39999999999997,244.00000000000006,-94.0,-0.8702939222685674,-0.49253272872205434,0.0
2024-09-01,4.9,22.9,45.82,23.3,217.78,10.9,38.89999999999998,199.20000000000005,-63.059999999999974,-0.8786374941610001,-0.4774894280028391,0.0
2024-09-02,7.4,23.2,47.99,17.7,178.89,15.100000000000001,33.199999999999974,169.80000000000007,-38.890000000000015,-0.886721063082993,-0.46230483047981086,0.0
2024-09-03,3.2,23.3,46.83,28.7,198.07,15.5,28.999999999999975,151.10000000000005,19.180000000000007,-0.8945422369764496,-0.4469834295196741,0.0
2024-09-04,2.1,23.4,46.34,23.6,187.8,12.700000000000001,25.09999999999997,140.30000000000004,-10.269999999999982,-0.9020987014301837,-0.43152975897147144,0.0
2024-09-05,3.1,23.6,46.02,24.5,185.21,8.4,26.699999999999974,149.30000000000004,-2.5900000000000034,-0.9093882203647925,-0.4159483918249421,0.0
2024-09-06,2.2,23.8,45.83,17.9,165.72,7.4,25.69999999999997,150.50000000000006,-19.49000000000001,-0.9164086366943458,-0.4002439388573056,0.0
2024-09-07,1.6,23.7,45.33,16.3,142.22,6.9,24.49999999999997,152.00000000000006,-23.5,-0.9231578729647039,-0.38442104726885545,0.0
2024-09-08,9.7,23.5,46.09,20.7,125.18,13.5,29.299999999999972,149.40000000000006,-17.039999999999992,-0.9296339319682695,-0.3684843993077793,0.0
2024-09-09,0.6,23.6,46.03,18.5,110.94,11.9,22.49999999999997,150.20000000000005,-14.240000000000009,-0.9358348973349941,-0.35243871088460327,0.0
2024-09-10,2.5,23.4,45.03,24.2,101.09,12.799999999999999,21.799999999999972,145.70000000000005,-9.849999999999994,-0.9417589340994617,-0.33628873017668287,0.0
2024-09-11,2.2,23.6,44.83,14.8,102.51,5.300000000000001,21.899999999999974,136.90000000000006,1.4200000000000017,-0.9474042892438845,-0.32003923622313857,0.0
2024-09-12,0.6,23.5,43.96,9.9,107.64,5.300000000000001,19.39999999999997,122.30000000000005,5.1299999999999955,-0.9527692922168511,-0.30369503751065885,0.0
2024-09-13,0.8,23.2,42.35,6.3,101.33,3.6,17.99999999999997,110.70000000000006,-6.310000000000002,-0.9578523554276669,-0.28726097055059635,0.0
2024-09-14,0.9,23.4,40.61,9.3,86.5,2.3,17.299999999999972,103.70000000000006,-14.829999999999998,-0.9626519747161487,-0.2707418984477642,0.0
2024-09-15,0.3,23.5,38.9,9.8,69.79,2.0,7.899999999999972,92.80000000000007,-16.709999999999994,-0.9671667297977312,-0.2541427094613622,0.0
2024-09-16,1.5,23.3,38.45,7.9,57.34,2.7,8.799999999999972,82.20000000000006,-12.450000000000003,-0.97139528468375,-0.23746831555846842,0.0
2024-09-17,0.8,23.9,38.1,2.5,49.47,2.6,7.099999999999972,60.50000000000006,-7.8700000000000045,-0.9753363880767837,-0.2207236509605022,0.0
2024-09-18,0.4,23.2,36.3,4.4,42.65,2.7,5.299999999999972,50.100000000000065,-6.82,-0.9789888737409319,-0.20391367068311472,0.0
2024-09-19,0.6,23.4,34.5,1.6,27.91,1.8,5.299999999999971,41.800000000000054,-14.739999999999998,-0.9823516608469237,-0.18704334906991657,0.0
2024-09-20,1.4,23.8,33.89,4.4,20.38,2.4,5.899999999999972,39.90000000000006,-7.530000000000001,-0.9854237542919524,-0.17011767832049052,0.0
2024-09-21,16.8,23.6,37.18,3.0,16.46,18.8,21.799999999999972,33.60000000000006,-3.919999999999998,-0.9882042449941422,-0.15314166701312007,0.0
2024-09-22,30.2,23.6,44.55,20.4,16.42,48.4,51.699999999999974,44.20000000000006,-0.03999999999999915,-0.9906923101615609,-0.13612033862266704,0.0
2024-09-23,13.1,23.8,45.58,28.1,22.6,60.1,63.29999999999997,64.40000000000006,6.18,-0.9928872135356962,-0.11905873003404988,0.0
2024-09-24,47.1,23.3,50.52,30.9,37.9,90.4,109.59999999999997,92.80000000000005,15.299999999999997,-0.994788305609327,-0.10196189005174576,0.0
2024-09-25,11.0,23.0,50.23,30.7,113.55,71.2,120.19999999999996,119.10000000000005,75.65,-0.9963950238187231,-0.08483487790576538,0.0
2024-09-26,3.0,23.0,48.89,37.3,312.33,61.1,122.59999999999997,154.80000000000007,198.77999999999997,-0.9977068927101168,-0.06768276175455162,0.0
2024-09-27,1.4,23.6,48.29,14.9,239.99,15.4,122.59999999999997,165.30000000000004,-72.33999999999997,-0.9987235240803972,-0.050510617185222886,0.0
2024-09-28,1.1,24.1,46.79,6.8,267.53,5.5,106.89999999999998,169.10000000000005,27.539999999999964,-0.9994446170919858,-0.033323525711631344,0.0
2024-09-29,0.4,24.8,45.09,0.6,179.3,2.9,77.09999999999997,149.30000000000004,-88.22999999999996,-0.9998699583618592,-0.016126573270657762,0.0
2024-09-30,10.3,24.8,44.81,6.3,128.12,11.8,74.29999999999997,127.50000000000004,-51.18000000000001,-0.9999994220246925,0.001075151282798226,0.0
2024-10-01,10.2,25.5,45.5,5.1,85.5,20.9,37.39999999999997,101.70000000000006,-42.620000000000005,-0.999832969770105,0.018276557681691223,0.0
2024-10-02,12.5,24.4,45.9,9.3,65.53,33.0,38.89999999999997,80.30000000000005,-19.97,-0.9993706508539969,0.03547255575312556,0.0
2024-10-03,4.0,24.5,45.64,4.0,39.18,26.700000000000003,39.89999999999997,47.00000000000006,-26.35,-0.9986126020839734,0.052658056924614005,0.0
2024-10-04,2.3,24.3,44.81,3.4,39.27,18.799999999999997,40.799999999999976,35.50000000000006,0.09000000000000341,-0.9975590477788613,0.06982797572987089,0.0
2024-10-05,0.3,24.4,43.43,3.8,36.76,6.6,39.99999999999997,32.50000000000006,-2.510000000000005,-0.9962102997023297,0.0869772313136861,0.0
2024-10-06,3.3,24.1,42.13,1.5,28.17,5.8999999999999995,42.89999999999997,33.400000000000055,-8.589999999999996,-0.9945667569706337,0.1041007489354256,0.0
2024-10-07,3.0,24.3,42.77,4.8,19.7,6.6,35.599999999999966,31.90000000000006,-8.470000000000002,-0.9926289059345095,0.121193461470736,0.0
2024-10-08,13.6,24.6,42.2,7.6,18.77,19.9,38.99999999999997,34.400000000000055,-0.9299999999999997,-0.9903973200352558,0.1382503109109819,0.0
2024-10-09,15.1,23.4,45.17,32.7,19.0,31.7,41.59999999999997,57.800000000000054,0.23000000000000043,-0.9878726596350429,0.15526624985999563,0.0
2024-10-10,23.9,23.2,45.48,7.3,20.43,52.599999999999994,61.49999999999997,61.10000000000005,1.4299999999999997,-0.9850556718215013,0.172236243027682,0.0
2024-10-11,5.9,23.9,46.05,20.4,56.02,44.900000000000006,65.09999999999997,78.10000000000005,35.59,-0.981947190186646,0.18915526872004093,0.0
2024-10-12,2.7,23.9,47.3,4.6,102.51,32.5,67.49999999999997,78.90000000000006,46.49,-0.9785481345802031,0.20601832032517084,0.0
2024-10-13,2.4,24.4,47.69,18.1,102.04,11.000000000000004,66.59999999999998,95.50000000000006,-0.46999999999999886,-0.9748595108374125,0.22282040779479959,0.0
2024-10-14,2.0,24.9,45.43,3.4,98.31,7.100000000000003,65.59999999999998,94.10000000000005,-3.730000000000004,-0.9708824104813836,0.23955655912092708,0.0
2024-10-15,9.2,23.4,45.94,8.2,118.67,13.600000000000001,61.199999999999974,94.70000000000005,20.36,-0.9666180104000972,0.2562218218071163,0.0
2024-10-16,16.4,24.0,48.86,18.4,94.5,27.6,62.49999999999997,80.40000000000005,-24.17,-0.9620675724981452,0.27281126433401914,0.0
2024-10-17,34.8,23.7,50.52,35.5,78.07,60.4,73.39999999999998,108.60000000000005,-16.430000000000007,-0.957232443323312,0.28931997761869527,0.0
2024-10-18,18.6,23.6,50.02,11.7,116.22,69.80000000000001,86.09999999999997,99.90000000000005,38.150000000000006,-0.9521140536681102,0.3057430764672831,0.0
2024-10-19,26.1,23.4,49.69,10.0,145.55,79.5,109.49999999999997,105.30000000000005,29.330000000000013,-0.9467139181463862,0.3220757010206104,0.0
2024-10-20,3.8,23.8,49.61,6.0,451.9,48.5,110.89999999999998,93.20000000000005,306.34999999999997,-0.9410336347451197,0.3383130181923076,0.0
2024-10-21,3.0,23.5,50.37,7.9,340.98,32.9,111.89999999999998,97.70000000000005,-110.91999999999996,-0.9350748843515574,0.3544502230989869,0.0
2024-10-22,6.4,23.8,49.76,2.5,193.54,13.2,109.09999999999997,92.00000000000004,-147.44000000000003,-0.9288394302558068,0.3704825404820963,0.0
2024-10-23,1.2,23.9,48.44,2.2,151.41,10.6,93.89999999999998,75.80000000000005,-42.129999999999995,-0.9223291176290545,0.3864052261209853,0.0
2024-10-24,0.0,24.5,46.68,0.9,115.14,7.6000000000000005,59.09999999999998,41.20000000000005,-36.269999999999996,-0.9155458729775467,0.40221356823680365,0.0
2024-10-25,0.0,24.3,44.15,0.3,96.27,1.2,40.49999999999998,29.80000000000005,-18.870000000000005,-0.9084917035725082,0.41790288888678667,0.0
2024-10-26,0.0,24.1,41.77,0.0,57.75,0.0,14.399999999999979,19.80000000000005,-38.519999999999996,-0.9011686968561569,0.4334685453485363,0.0
2024-10-27,0.0,24.6,40.82,0.0,39.27,0.0,10.59999999999998,13.80000000000005,-18.479999999999997,-0.8935790198239952,0.4489059314938798,0.0
2024-10-28,0.0,24.1,40.22,0.8,30.92,0.0,7.599999999999979,6.70000000000005,-8.350000000000001,-0.8857249183835637,0.4642104791518923,0.0
2024-10-29,0.0,24.4,39.64,5.4,20.83,0.0,1.1999999999999786,9.600000000000051,-10.090000000000003,-0.8776087166898392,0.4793776594606945,0.0
2024-10-30,1.1,24.2,38.84,0.8,16.02,1.1,1.0999999999999788,8.20000000000005,-4.809999999999999,-0.8692328164574792,0.49440298420761813,0.0
2024-10-31,5.1,24.2,37.76,2.5,14.45,6.199999999999999,6.199999999999978,9.80000000000005,-1.5700000000000003,-0.8605996962501181,0.5092820071573356,0.0
2024-11-01,1.9,24.0,41.82,11.7,15.6,8.1,8.099999999999978,21.200000000000053,1.1500000000000004,-0.8517119107469189,0.5240103253675756,0.0
2024-11-02,2.6,24.5,42.25,2.5,18.41,9.6,10.699999999999978,23.700000000000053,2.8100000000000005,-0.8425720899866032,0.5385835804920232,0.0
2024-11-03,0.4,24.6,40.65,3.3,20.09,4.9,11.099999999999978,27.00000000000005,1.6799999999999997,-0.8331829385891785,0.5529974600700271,0.0
2024-11-04,0.0,24.3,39.05,0.0,19.37,3.0,11.099999999999978,26.20000000000005,-0.7199999999999989,-0.8235472349556007,0.5672476988027229,0.0
2024-11-05,0.0,23.9,37.48,0.0,15.79,0.4,11.099999999999978,20.800000000000047,-3.580000000000002,-0.8136678304455991,0.5813300798152042,0.0
2024-11-06,0.0,23.8,36.09,0.0,14.49,0.0,9.999999999999979,20.00000000000005,-1.299999999999999,-0.8035476485339116,0.5952404359043674,0.0
2024-11-07,0.0,24.2,34.86,0.0,13.62,0.0,4.899999999999979,17.50000000000005,-0.870000000000001,-0.7931896839451843,0.6089746507720486,0.0
2024-11-08,0.0,23.7,33.66,0.0,13.32,0.0,2.9999999999999787,5.800000000000051,-0.29999999999999893,-0.7825970017677834,0.6225286602431057,0.0
2024-11-09,0.0,23.5,32.58,0.0,13.13,0.0,0.3999999999999787,3.3000000000000513,-0.1899999999999995,-0.7717727365467836,0.6358984534680745,0.0
2024-11-10,0.0,23.8,31.77,0.0,12.96,0.0,0.0,0.0,-0.16999999999999993,-0.7607200913564104,0.6490800741100398,0.0
2024-11-11,0.0,23.6,31.25,0.0,12.84,0.0,0.0,0.0,-0.120000000000001,-0.7494423368521954,0.6620696215153815,0.0
2024-11-12,0.0,23.8,30.04,0.0,12.74,0.0,0.0,0.0,-0.09999999999999964,-0.7379428103031386,0.6748632518680403,0.0
2024-11-13,0.0,24.7,27.13,0.0,12.65,0.0,0.0,0.0,-0.08999999999999986,-0.7262249146041543,0.6874571793269664,0.0
2024-11-14,4.9,24.6,27.53,7.3,12.52,4.9,4.899999999999979,7.300000000000051,-0.13000000000000078,-0.7142921172691032,0.699847677146407,0.0
2024-11-15,2.9,23.8,31.28,2.8,12.12,7.800000000000001,7.799999999999979,10.100000000000051,-0.40000000000000036,-0.7021479494046978,0.7120310787787131,0.0
2024-11-16,1.3,24.9,30.41,0.7,12.49,9.1,9.099999999999978,10.80000000000005,0.370000000000001,-0.6897960046655887,0.7240037789593305,0.0
2024-11-17,0.0,24.6,28.89,0.0,12.21,4.2,9.099999999999978,10.80000000000005,-0.27999999999999936,-0.6772399381909491,0.7357622347736527,0.0
2024-11-18,0.0,23.1,27.74,0.0,10.67,1.3,9.099999999999978,10.80000000000005,-1.540000000000001,-0.6644834655228552,0.7473029667054296,0.0
2024-11-19,0.0,21.8,27.3,0.0,10.32,0.0,9.099999999999978,10.80000000000005,-0.34999999999999964,-0.6515303615068021,0.75862255966641,0.0
2024-11-20,0.0,21.5,26.68,0.0,10.14,0.0,9.099999999999978,10.80000000000005,-0.17999999999999972,-0.6383844591746642,0.7697176640069211,0.0
2024-11-21,0.0,21.7,26.05,0.0,10.04,0.0,4.199999999999979,3.5000000000000515,-0.10000000000000142,-0.6250496486104377,0.7805849965070866,0.0
2024-11-22,0.0,22.1,25.13,0.0,9.96,0.0,1.2999999999999787,0.7000000000000515,-0.0799999999999983,-0.6115298757991053,0.7912213413483807,0.0
2024-11-23,0.0,22.2,25.3,0.0,9.89,0.0,0.0,0.0,-0.07000000000000028,-0.5978291414589552,0.801623551065242,0.0
2024-11-24,0.0,22.1,25.58,0.0,9.86,0.0,0.0,0.0,-0.030000000000001137,-0.5839514998576998,0.8117885474764613,0.0
2024-11-25,0.0,21.7,25.91,0.0,9.81,0.0,0.0,0.0,-0.049999999999998934,-0.5699010576127624,0.8217133225960589,0.0
2024-11-26,0.0,21.3,25.93,0.0,9.76,0.0,0.0,0.0,-0.05000000000000071,-0.5556819724760489,0.8313949395234058,0.0
2024-11-27,0.0,21.3,26.02,0.0,9.72,0.0,0.0,0.0,-0.03999999999999915,-0.5412984521036173,0.8408305333122887,0.0
2024-11-28,0.0,21.1,26.07,0.0,9.67,0.0,0.0,0.0,-0.05000000000000071,-0.5267547528105542,0.8500173118187018,0.0
2024-11-29,0.0,20.8,25.92,0.0,9.62,0.0,0.0,0.0,-0.05000000000000071,-0.5120551783114646,0.8589525565270845,0.0
2024-11-30,0.0,22.1,25.74,0.0,9.57,0.0,0.0,0.0,-0.049999999999998934,-0.4972040784469378,0.8676336233547726,0.0
2024-12-01,0.0,23.5,25.65,0.0,9.54,0.0,0.0,0.0,-0.030000000000001137,-0.4822058478963526,0.8760579434344281,0.0
2024-12-02,1.1,24.9,25.79,0.8,9.52,1.1,1.0999999999999788,0.8000000000000516,-0.019999999999999574,-0.46706492487743034,0.8842230238742036,0.0
2024-12-03,1.5,25.0,27.05,0.5,9.81,2.6,2.5999999999999788,1.3000000000000516,0.2900000000000009,-0.451785789832884,0.8921264484954345,0.0
2024-12-04,0.3,25.2,26.32,0.4,9.84,2.9,2.8999999999999786,1.7000000000000517,0.02999999999999936,-0.4363729641045924,0.8997658785476209,0.0
2024-12-05,0.6,24.8,25.34,6.1,9.47,2.4,3.4999999999999787,7.800000000000051,-0.3699999999999992,-0.42083100859565564,0.9071390534005044,0.0
2024-12-06,0.9,24.6,24.95,2.5,9.5,1.7999999999999998,4.399999999999979,10.30000000000005,0.02999999999999936,-0.4051645224207563,0.9142437912130223,0.0
2024-12-07,3.8,24.5,24.95,3.2,9.54,5.3,8.199999999999978,13.500000000000052,0.03999999999999915,-0.3893781415452015,0.9210779895789526,0.0
2024-12-08,0.5,24.7,24.66,0.0,9.81,5.2,8.699999999999978,13.500000000000052,0.27000000000000135,-0.37347653741307074,0.9276396261490467,0.0
2024-12-09,0.0,24.1,24.39,0.0,9.64,4.3,7.599999999999978,12.70000000000005,-0.16999999999999993,-0.3574644155648614,0.9339267592294762,0.0
2024-12-10,0.0,23.7,24.2,0.0,9.38,0.5,6.099999999999978,12.20000000000005,-0.2599999999999998,-0.34134651424503615,0.9399375283564133,0.0
2024-12-11,0.0,23.8,24.03,0.0,9.33,0.0,5.799999999999978,11.800000000000052,-0.05000000000000071,-0.3251276029999093,0.9456701548465688,0.0
2024-12-12,0.0,23.1,24.68,0.0,9.28,0.0,5.199999999999978,5.700000000000052,-0.05000000000000071,-0.30881248126625377,0.9511229423235357,0.0
2024-12-13,0.0,22.8,24.84,0.0,9.23,0.0,4.299999999999978,3.2000000000000517,-0.049999999999998934,-0.29240597695107734,0.9562942772197719,0.0
2024-12-14,0.0,22.4,25.27,0.0,9.19,0.0,0.4999999999999787,0.0,-0.040000000000000924,-0.27591294500296043,0.9611826292540837,0.0
2024-12-15,0.0,21.7,25.78,0.0,9.14,0.0,0.0,0.0,-0.049999999999998934,-0.2593382659754056,0.9657865518844574,0.0
2024-12-16,0.0,20.7,25.39,0.0,9.09,0.0,0.0,0.0,-0.05000000000000071,-0.2426868445825954,0.9701046827361175,0.0
2024-12-17,0.0,20.3,25.77,0.0,9.07,0.0,0.0,0.0,-0.019999999999999574,-0.22596360824801906,0.974135744004672,0.0
2024-12-18,0.0,21.0,26.53,0.0,9.05,0.0,0.0,0.0,-0.019999999999999574,-0.20917350564635637,0.9778785428342386,0.0
2024-12-19,0.0,21.5,27.05,0.0,9.05,0.0,0.0,0.0,0.0,-0.19232150523909483,0.9813319716704275,0.0
2024-12-20,0.0,22.4,26.88,0.0,9.05,0.0,0.0,0.0,0.0,-0.17541259380427843,0.9844950085880858,0.0
2024-12-21,0.0,21.7,26.6,0.0,9.02,0.0,0.0,0.0,-0.030000000000001137,-0.15845177496083632,0.9873667175937016,0.0
2024-12-22,0.0,21.6,26.43,0.2,9.0,0.0,0.0,0.20000000000005153,-0.019999999999999574,-0.14144406768794202,0.9899462489023779,0.0
2024-12-23,0.1,21.7,26.41,0.4,9.0,0.1,0.09999999999997869,0.6000000000000516,0.0,-0.12439450483979998,0.9922328391893008,0.0
2024-12-24,0.3,22.8,26.37,1.7,8.98,0.4,0.3999999999999787,2.3000000000000513,-0.019999999999999574,-0.10730813165636247,0.9942258118156161,0.0
2024-12-25,0.0,23.4,26.17,0.0,8.98,0.39999999999999997,0.39999999999997865,2.3000000000000513,0.0,-0.09019000427034513,0.9959245770286599,0.0
2024-12-26,0.0,23.8,26.75,0.0,8.95,0.29999999999999993,0.39999999999997865,2.3000000000000513,-0.030000000000001137,-0.07304518821104743,0.9973286321364752,0.0
2024-12-27,4.1,23.4,27.61,1.6,8.91,4.1,4.499999999999979,3.900000000000052,-0.03999999999999915,-0.05587875690537313,0.9984375616565666,0.0
2024-12-28,0.0,23.8,28.34,0.3,9.05,4.1,4.499999999999979,4.200000000000052,0.14000000000000057,-0.03869579017652689,0.9992510374388481,0.0
2024-12-29,0.0,23.6,26.86,0.0,9.05,4.1,4.499999999999979,4.0000000000000515,0.0,-0.021501372740813793,0.999768818762748,0.0
2024-12-30,0.0,23.5,26.07,0.0,8.84,0.0,4.399999999999979,3.6000000000000516,-0.21000000000000085,-0.004300592702981974,0.9999907524084426,0.0
2024-12-31,0.0,23.5,25.31,0.0,8.75,0.0,4.099999999999978,1.9000000000000516,-0.08999999999999986,0.012901459949419653,0.9999167727021953,0.0
2025-01-01,0.0,23.0,25.25,0.0,8.71,0.0,4.099999999999978,1.9000000000000516,-0.03999999999999915,0.017201575418260506,0.9998520419557735,0.0
2025-01-02,0.0,23.0,25.17,0.0,8.64,0.0,4.099999999999978,1.9000000000000516,-0.07000000000000028,0.03439806061360801,0.9994082116062598,0.0
2025-01-03,0.0,22.3,24.89,0.0,8.62,0.0,0.0,0.3000000000000515,-0.02000000000000135,0.051584366869408364,0.9986686402879997,0.0
2025-01-04,0.0,21.9,24.77,0.0,8.57,0.0,0.0,0.0,-0.049999999999998934,0.06875540848113941,0.9976335468520451,0.0
2025-01-05,0.0,21.7,24.72,0.0,8.48,0.0,0.0,0.0,-0.08999999999999986,0.08590610426133272,0.9963032375991965,0.0
2025-01-06,0.0,21.7,24.66,0.0,8.44,0.0,0.0,0.0,-0.040000000000000924,0.10303137904317879,0.9946781061893646,0.0
2025-01-07,0.0,21.9,24.62,0.0,8.4,0.0,0.0,0.0,-0.03999999999999915,0.1201261651823505,0.9927586335250793,0.0
2025-01-08,0.0,22.0,24.59,0.0,8.4,0.0,0.0,0.0,0.0,0.13718540405660057,0.9905453876091833,0.0
2025-01-09,0.0,21.6,24.56,0.0,8.35,0.0,0.0,0.0,-0.05000000000000071,0.1542040475626894,0.988039023376751,0.0
2025-01-10,0.0,22.4,24.53,0.0,8.31,0.0,0.0,0.0,-0.03999999999999915,0.17117705961019986,0.985240282501282,0.0
2025-01-11,0.0,23.5,24.5,0.0,7.69,0.0,0.0,0.0,-0.6200000000000001,0.18809941761179758,0.9821499931752291,0.0
2025-01-12,0.0,23.6,24.48,0.0,7.11,0.0,0.0,0.0,-0.5800000000000001,0.20496611396949532,0.9787690698649216,0.0
2025-01-13,0.0,24.2,24.45,0.0,6.89,0.0,0.0,0.0,-0.22000000000000064,0.22177215755648186,0.975098513039961,0.0
2025-01-14,0.2,24.6,24.44,0.0,6.73,0.2,0.1999999999999787,0.0,-0.15999999999999925,0.23851257519407648,0.9711394088771653,0.0
2025-01-15,0.0,24.8,24.4,0.0,6.59,0.2,0.1999999999999787,0.0,-0.14000000000000057,0.2551824131233728,0.9668929289391521,0.0
2025-01-16,0.0,24.7,24.36,0.0,6.45,0.2,0.1999999999999787,0.0,-0.13999999999999968,0.2717767384711357,0.9623603298276545,0.0
2025-01-17,0.0,24.4,24.33,0.0,6.29,0.0,0.1999999999999787,0.0,-0.16000000000000014,0.2882906407095177,0.9575429528116719,0.0
2025-01-18,0.0,23.4,24.31,0.0,6.1,0.0,0.1999999999999787,0.0,-0.1900000000000004,0.3047192331091634,0.9524422234305676,0.0
2025-01-19,0.0,23.4,24.31,0.0,5.89,0.0,0.1999999999999787,0.0,-0.20999999999999996,0.321057654185271,0.9470596510722283,0.0
2025-01-20,0.0,23.8,24.28,0.0,5.7,0.0,0.1999999999999787,0.0,-0.1899999999999995,0.3373010691361842,0.9413968285264122,0.0
2025-01-21,0.0,23.6,24.25,0.0,5.81,0.0,0.0,0.0,0.10999999999999943,0.3534446712740877,0.9354554315134164,0.0
2025-01-22,0.0,23.5,24.23,0.0,5.95,0.0,0.0,0.0,0.14000000000000057,0.3694836834473831,0.9292372181882051,0.0
2025-01-23,0.0,23.8,24.2,0.0,5.9,0.0,0.0,0.0,-0.04999999999999982,0.38541335945432564,0.9227440286201427,0.0
2025-01-24,0.0,24.9,24.2,0.0,5.82,0.0,0.0,0.0,-0.08000000000000007,0.4012289854475009,0.9159777842484877,0.0
2025-01-25,0.0,24.4,24.17,0.0,5.76,0.0,0.0,0.0,-0.0600000000000005,0.4169258813287287,0.908940487313808,0.0
2025-01-26,0.0,24.4,24.15,0.0,5.59,0.0,0.0,0.0,-0.16999999999999993,0.4324994021339788,0.901634220265486,0.0
2025-01-27,0.0,24.3,24.14,0.0,5.49,0.0,0.0,0.0,-0.09999999999999964,0.44794493940789115,0.8940611451454876,0.0
2025-01-28,0.0,24.6,24.1,0.0,5.46,0.0,0.0,0.0,-0.03000000000000025,0.4632579225674917,0.88622350294858,0.0
2025-01-29,0.0,24.5,24.1,0.0,5.43,0.0,0.0,0.0,-0.03000000000000025,0.4784338202547012,0.8781236129591848,0.0
2025-01-30,0.0,24.7,24.1,0.0,5.3,0.0,0.0,0.0,-0.1299999999999999,0.49346814167723735,0.8697638720650646,0.0
2025-01-31,0.0,24.2,24.07,0.0,5.82,0.0,0.0,0.0,0.5200000000000005,0.5083564379375122,0.8611467540480452,0.0
2025-02-01,0.0,24.8,24.05,0.0,6.4,0.0,0.0,0.0,0.5800000000000001,0.5230943033491326,0.8522748088519838,0.0
2025-02-02,0.0,25.2,24.05,0.0,6.52,0.0,0.0,0.0,0.11999999999999922,0.5376773767406141,0.8431506618282,0.0
2025-02-03,0.0,25.3,24.03,0.0,6.59,0.0,0.0,0.0,0.07000000000000028,0.5521013427459208,0.8337770129585915,0.0
2025-02-04,0.0,24.7,24.0,0.0,6.55,0.0,0.0,0.0,-0.040000000000000036,0.5663619330814524,0.8241566360566663,0.0
2025-02-05,0.0,25.3,23.99,0.0,6.57,0.0,0.0,0.0,0.020000000000000462,0.580454927809098,0.8142923779467267,0.0
2025-02-06,0.0,25.4,23.98,0.0,6.5,0.0,0.0,0.0,-0.07000000000000028,0.5943761565849831,0.804187157621448,0.0
2025-02-07,0.0,25.4,23.96,0.0,6.36,0.0,0.0,0.0,-0.13999999999999968,0.6081214998935418,0.7938439653781019,0.0
2025-02-08,0.0,25.6,23.92,0.0,6.29,0.0,0.0,0.0,-0.07000000000000028,0.6216868902665479,0.7832658619336791,0.0
2025-02-09,0.0,25.8,23.9,0.0,6.33,0.0,0.0,0.0,0.040000000000000036,0.6350683134867438,0.7724559775191742,0.0
2025-02-10,0.0,26.1,23.9,0.0,6.29,0.0,0.0,0.0,-0.040000000000000036,0.6482618097757122,0.7614175109532997,0.0
2025-02-11,0.0,26.2,23.9,0.0,6.31,0.0,0.0,0.0,0.019999999999999574,0.6612634749656386,0.7501537286959042,0.0
2025-02-12,0.0,26.8,23.9,0.0,6.38,0.0,0.0,0.0,0.07000000000000028,0.6740694616546161,0.7386679638813748,0.0
2025-02-13,0.0,26.7,23.88,0.0,6.33,0.0,0.0,0.0,-0.04999999999999982,0.6866759803451553,0.726963615332308,0.0
2025-02-14,0.0,25.8,23.82,0.0,6.19,0.0,0.0,0.0,-0.13999999999999968,0.6990793005655562,0.7150441465537444,0.0
2025-02-15,0.0,26.3,23.8,0.0,6.13,0.0,0.0,0.0,-0.0600000000000005,0.7112757519738152,0.7029130847082615,0.0
2025-02-16,0.0,26.1,23.8,0.0,6.0,0.0,0.0,0.0,-0.1299999999999999,0.7232617254437388,0.6905740195722293,0.0
2025-02-17,0.0,26.6,23.79,0.0,6.0,0.0,0.0,0.0,0.0,0.7350336741329413,0.6780306024735382,0.0
2025-02-18,0.0,26.5,23.77,0.0,6.13,0.0,0.0,0.0,0.1299999999999999,0.746588114532413,0.6652865452111116,0.0
2025-02-19,0.0,26.3,23.75,0.0,6.14,0.0,0.0,0.0,0.009999999999999787,0.7579216274973472,0.6523456189565257,0.0
2025-02-20,0.0,26.9,23.75,0.0,6.08,0.0,0.0,0.0,-0.05999999999999961,0.7690308592589181,0.6392116531380588,0.0
2025-02-21,0.0,27.6,23.75,0.0,5.92,0.0,0.0,0.0,-0.16000000000000014,0.7799125224167177,0.6258885343075018,0.0
2025-02-22,0.0,27.5,23.71,0.0,5.97,0.0,0.0,0.0,0.04999999999999982,0.7905633969115482,0.612380204990065,0.0
2025-02-23,0.0,27.3,23.68,0.0,5.97,0.0,0.0,0.0,0.0,0.8009803309782905,0.5986906625177214,0.0
2025-02-24,0.0,26.7,23.65,0.0,5.9,0.0,0.0,0.0,-0.0699999999999994,0.8111602420785621,0.5848239578463322,0.0
2025-02-25,0.0,26.5,23.65,0.0,5.59,0.0,0.0,0.0,-0.3100000000000005,0.8211001178128892,0.5707841943569036,0.0
2025-02-26,0.0,26.9,23.65,0.0,5.37,0.0,0.0,0.0,-0.21999999999999975,0.8307970168121247,0.5565755266413303,0.0
2025-02-27,0.0,27.0,23.65,0.0,5.19,0.0,0.0,0.0,-0.17999999999999972,0.8402480696078469,0.5422021592729844,0.0
2025-02-28,0.0,27.0,23.62,0.0,5.1,0.0,0.0,0.0,-0.09000000000000075,0.8494504794814806,0.527668345562516,0.0
2025-03-01,0.0,27.6,23.6,0.0,5.12,0.0,0.0,0.0,0.020000000000000462,0.8584015232918917,0.512978386299228,0.0
2025-03-02,0.0,27.6,23.6,0.0,5.03,0.0,0.0,0.0,-0.08999999999999986,0.8670985522812081,0.4981366284784055,0.0
2025-03-03,0.0,29.1,23.59,0.0,5.03,0.0,0.0,0.0,0.0,0.8755389928586302,0.4831474640149687,0.0
2025-03-04,0.0,29.1,23.57,0.0,5.0,0.0,0.0,0.0,-0.03000000000000025,0.8837203473619977,0.4680153284438345,0.0
2025-03-05,0.0,28.3,23.55,0.0,4.78,0.0,0.0,0.0,-0.21999999999999975,0.8916401947968874,0.45274469960737107,0.0
2025-03-06,0.0,27.9,23.54,0.0,4.81,0.0,0.0,0.0,0.02999999999999936,0.8992961915530253,0.4373400963303323,0.0
2025-03-07,0.0,27.1,23.48,0.0,4.75,0.0,0.0,0.0,-0.05999999999999961,0.9066860720977985,0.4218060770826634,0.0
2025-03-08,0.0,27.4,23.45,0.0,4.94,0.0,0.0,0.0,0.1900000000000004,0.9138076496466615,0.4061472386305789,0.0
2025-03-09,0.0,28.0,23.45,0.0,5.0,0.0,0.0,0.0,0.05999999999999961,0.9206588168102428,0.3903682146763026,0.0
2025-03-10,0.0,28.8,23.43,0.0,4.81,0.0,0.0,0.0,-0.1900000000000004,0.9272375462179537,0.374473674486883,0.0
2025-03-11,0.0,29.4,23.4,0.0,4.53,0.0,0.0,0.0,-0.27999999999999936,0.9335418911179212,0.35846832151248087,0.0
2025-03-12,0.0,29.0,23.4,0.0,4.09,0.0,0.0,0.0,-0.4400000000000004,0.9395699859530622,0.342356891994542,0.0
2025-03-13,0.0,28.6,23.38,0.3,4.28,0.0,0.0,0.3000000000000515,0.1900000000000004,0.945320046913132,0.3261441535642696,0.0
2025-03-14,0.0,28.4,23.36,0.3,4.6,0.0,0.0,0.6000000000000515,0.3199999999999994,0.9507903724625832,0.3098349038318025,0.0
2025-03-15,0.0,28.6,23.35,0.6,4.78,0.0,0.0,1.2000000000000515,0.1800000000000006,0.9559793438440766,0.2934339689665273,0.0
2025-03-16,0.0,29.2,23.35,0.0,4.71,0.0,0.0,1.2000000000000515,-0.07000000000000028,0.9608854255574977,0.27694620226893646,0.0
2025-03-17,0.0,28.9,23.31,0.0,4.69,0.0,0.0,1.2000000000000515,-0.019999999999999574,0.9655071658143364,0.2603764827344581,0.0
2025-03-18,0.0,29.5,23.21,0.0,4.56,0.0,0.0,1.2000000000000515,-0.13000000000000078,0.969843196967294,0.24372971360968387,0.0
2025-03-19,0.0,28.5,23.2,0.0,4.53,0.0,0.0,1.2000000000000515,-0.02999999999999936,0.9738922359149924,0.22701082094141847,0.0
2025-03-20,0.0,28.8,23.17,0.0,4.6,0.0,0.0,0.9000000000000514,0.0699999999999994,0.9776530844816641,0.2102247521189836,0.0
2025-03-21,0.0,28.6,23.15,0.0,4.43,0.0,0.0,0.6000000000000515,-0.16999999999999993,0.981124629771712,0.19337647441020586,0.0
2025-03-22,0.0,27.8,23.13,0.0,4.41,0.0,0.0,0.0,-0.019999999999999574,0.984305844499033,0.17647097349152166,0.0
2025-03-23,0.0,27.7,23.1,0.0,4.35,0.0,0.0,0.0,-0.0600000000000005,0.9871957872910085,0.15951325197263655,0.0
2025-03-24,0.0,29.1,23.1,0.0,4.31,0.0,0.0,0.0,-0.040000000000000036,0.9897936029670716,0.14250832791617088,0.0
2025-03-25,1.1,28.6,23.13,3.9,4.35,1.1,1.0999999999999788,3.9000000000000514,0.040000000000000036,0.992098522791769,0.12546123335273648,0.0
2025-03-26,0.7,27.9,23.26,0.6,4.62,1.8,1.7999999999999787,4.5000000000000515,0.27000000000000046,0.9941098647022418,0.10837701279187609,0.0
2025-03-27,0.0,28.3,23.31,0.0,4.71,1.8,1.7999999999999787,4.5000000000000515,0.08999999999999986,0.9958270335100595,0.09126072172931188,0.0
2025-03-28,0.0,28.8,23.15,0.0,4.69,0.7,1.7999999999999787,4.5000000000000515,-0.019999999999999574,0.9972495210773451,0.07411742515094437,0.0
2025-03-29,0.0,29.6,23.13,0.0,4.53,0.0,1.7999999999999787,4.5000000000000515,-0.16000000000000014,0.998376906467142,0.056952196034039754,0.0
2025-03-30,0.0,29.5,23.1,0.2,4.66,0.0,1.7999999999999787,4.700000000000052,0.1299999999999999,0.9992088560679753,0.03977011384605572,0.0
2025-03-31,0.0,29.4,22.99,1.4,4.71,0.0,1.7999999999999787,6.100000000000051,0.04999999999999982,0.9997451236925734,0.022576263041545485,0.0
2025-04-01,0.0,29.7,23.05,3.6,4.69,0.0,0.6999999999999786,5.800000000000052,-0.019999999999999574,0.9999855506507186,0.005375731557583884,0.0
2025-04-02,0.0,29.5,23.05,1.4,4.53,0.0,0.0,6.600000000000052,-0.16000000000000014,0.9999300657962057,-0.011826390691832589,0.0
2025-04-03,9.5,26.5,24.81,1.8,4.71,9.5,9.499999999999979,8.400000000000052,0.17999999999999972,0.9995786855478958,-0.029025013321975237,0.0
2025-04-04,0.0,27.0,27.76,0.0,5.22,9.5,9.499999999999979,8.400000000000052,0.5099999999999998,0.9989315138848577,-0.046215046983708354,0.0
2025-04-05,0.0,28.5,25.89,2.8,5.28,9.5,9.499999999999979,11.200000000000053,0.0600000000000005,0.9979887423155984,-0.06339140486951038,0.0
2025-04-06,0.0,28.4,24.73,0.0,5.87,0.0,9.499999999999979,11.00000000000005,0.5899999999999999,0.9967506498213929,-0.08054900421874167,0.0
2025-04-07,0.0,28.6,24.3,0.7,5.47,0.0,9.499999999999979,10.300000000000052,-0.40000000000000036,0.9952176027737294,-0.09768276782171598,0.0
2025-04-08,0.0,29.7,24.65,0.2,5.15,0.0,9.499999999999979,6.900000000000052,-0.3199999999999994,0.9933900548258936,-0.11478762552212701,0.0
2025-04-09,0.0,29.2,23.89,0.4,4.97,0.0,9.499999999999979,5.900000000000051,-0.1800000000000006,0.9912685467787256,-0.13185851571739118,0.0
2025-04-10,0.2,27.5,23.2,1.3,4.71,0.2,0.1999999999999787,5.400000000000052,-0.2599999999999998,0.9888537064205885,-0.1488903868564548,0.0
2025-04-11,0.0,27.6,21.94,0.3,4.43,0.2,0.1999999999999787,5.700000000000052,-0.28000000000000025,0.986146248341595,-0.16587819893463143,0.0
2025-04-12,0.8,27.6,20.85,0.1,4.04,1.0,0.9999999999999787,3.0000000000000515,-0.3899999999999997,0.9831469737221499,-0.1828169249850199,0.0
2025-04-13,0.0,28.0,21.35,0.3,3.79,0.8,0.9999999999999787,3.3000000000000513,-0.25,0.9798567700958665,-0.1997015525660636,0.0
2025-04-14,0.0,29.9,21.35,0.0,3.41,0.8,0.9999999999999787,2.600000000000051,-0.3799999999999999,0.9762766110869321,-0.21652708524481437,0.0
2025-04-15,0.0,29.2,21.35,0.0,3.32,0.0,0.9999999999999787,2.400000000000052,-0.0900000000000003,0.9724075561219968,-0.23328854407545518,0.0
2025-04-16,0.7,28.1,21.31,0.8,2.78,0.7,1.6999999999999786,2.800000000000052,-0.54,0.9682507501166718,-0.2499809690726521,0.0
2025-04-17,0.1,27.4,21.61,0.0,2.34,0.7999999999999999,1.5999999999999788,1.5000000000000515,-0.43999999999999995,0.9638074231367307,-0.26659942067929354,0.0
2025-04-18,0.0,28.1,20.88,0.0,1.78,0.7999999999999999,1.5999999999999788,1.2000000000000515,-0.5599999999999998,0.9590788900341131,-0.28313898122818354,0.0
2025-04-19,0.0,28.3,20.88,0.1,1.09,0.1,0.7999999999999786,1.2000000000000517,-0.69,0.9540665500578387,-0.2995947563972602,0.0
2025-04-20,0.1,28.3,20.89,0.1,0.59,0.1,0.8999999999999786,1.0000000000000515,-0.5000000000000001,0.9487718864399473,-0.31596187665790293,0.0
2025-04-21,0.0,28.9,20.11,0.2,0.53,0.1,0.8999999999999786,1.2000000000000517,-0.05999999999999994,0.9431964659565866,-0.33223549871590435,0.0
2025-04-22,0.0,29.4,20.79,1.2,0.53,0.1,0.8999999999999786,2.4000000000000514,0.0,0.9373419384643772,-0.3484108069446808,0.0
2025-04-23,0.0,29.9,20.79,0.1,0.53,0.0,0.1999999999999787,1.7000000000000515,0.0,0.9312100364121947,-0.3644830148102912,0.0
2025-04-24,0.0,28.9,20.86,0.0,0.53,0.0,0.09999999999997869,1.7000000000000515,0.0,0.9248025743285089,-0.38044736628785164,0.0
2025-04-25,1.7,29.1,21.59,0.7,0.53,1.7,1.7999999999999787,2.4000000000000514,0.0,0.9181214482844364,-0.39629913726891813,0.0
2025-04-26,2.0,29.1,22.0,0.5,0.53,3.7,3.7999999999999785,2.8000000000000513,0.0,0.9111686353326631,-0.41203363695942635,0.0
2025-04-27,0.0,29.5,22.42,0.0,0.63,3.7,3.699999999999979,2.7000000000000512,0.09999999999999998,0.9039461929224011,-0.42764620926777464,0.0
2025-04-28,0.0,28.7,22.53,0.0,0.69,2.0,3.699999999999979,2.5000000000000515,0.05999999999999994,0.8964562582905575,-0.44313223418263453,0.0
2025-04-29,0.0,28.8,22.2,0.0,0.66,0.0,3.699999999999979,1.3000000000000513,-0.029999999999999916,0.8887010478292915,-0.45848712914008766,0.0
2025-04-30,0.0,28.6,22.7,0.0,0.63,0.0,3.699999999999979,1.2000000000000512,-0.030000000000000027,0.8806828564301475,-0.47370635037968,0.0
2025-05-01,0.0,28.2,22.53,0.0,0.56,0.0,3.699999999999979,1.2000000000000512,-0.06999999999999995,0.8724040568049612,-0.48878539428899265,0.0
2025-05-02,0.0,29.0,22.29,0.0,0.56,0.0,1.9999999999999787,0.5000000000000513,0.0,0.8638670987837349,-0.503719798736334,0.0
2025-05-03,0.0,28.3,22.67,0.0,0.53,0.0,0.0,0.0,-0.030000000000000027,0.8550745085896932,-0.518505144391157,0.0
2025-05-04,0.0,27.8,22.34,0.0,0.5,0.0,0.0,0.0,-0.030000000000000027,0.8460288880917339,-0.533137056031809,0.0
2025-05-05,0.0,28.0,22.32,0.3,0.5,0.0,0.0,0.3000000000000513,0.0,0.8367329140344921,-0.5476112038402312,0.0
2025-05-06,0.0,27.8,21.83,0.0,0.47,0.0,0.0,0.3000000000000513,-0.030000000000000027,0.8271893372462497,-0.5619233046832195,0.0
2025-05-07,0.0,27.0,22.46,0.0,0.47,0.0,0.0,0.3000000000000513,0.0,0.8174009818249189,-0.5760691233798758,0.0
2025-05-08,0.6,25.6,21.93,2.9,0.47,0.6000000000000002,0.5999999999999787,3.2000000000000512,0.0,0.8073707443023492,-0.5900444739548627,0.0
2025-05-09,2.5,25.9,22.7,2.0,0.47,3.1,3.0999999999999788,5.200000000000051,0.0,0.7971015927871943,-0.6038452208771035,0.0
2025-05-10,0.2,27.1,23.18,0.7,0.5,3.3000000000000003,3.299999999999979,5.900000000000051,0.030000000000000027,0.7865965660866021,-0.6174672802835514,0.0
2025-05-11,8.3,26.6,24.24,1.2,0.5,11.0,11.59999999999998,7.100000000000051,0.0,0.7758587728069828,-0.6309066211876704,0.0
2025-05-12,1.1,27.0,25.51,5.0,1.06,9.6,12.69999999999998,11.80000000000005,0.56,0.7648913904341225,-0.6441592666722685,0.0
2025-05-13,0.6,27.3,25.78,4.6,2.18,10.0,13.29999999999998,16.400000000000052,1.12,0.753697664392914,-0.6572212950663319,0.0
2025-05-14,1.0,27.8,24.87,6.2,3.35,2.7,14.29999999999998,22.60000000000005,1.17,0.742280907086982,-0.6700888411055113,0.0
2025-05-15,5.4,26.9,26.42,6.6,4.94,7.0,19.09999999999998,26.300000000000054,1.5900000000000003,0.7306444969184916,-0.6827580970759147,0.0
2025-05-16,5.3,26.5,29.01,4.1,7.13,11.7,21.89999999999998,28.400000000000052,2.1899999999999995,0.7187918772884232,-0.6952253139408722,0.0
2025-05-17,3.8,26.2,29.32,6.3,7.93,14.5,25.499999999999982,34.00000000000005,0.7999999999999998,0.7067265555776158,-0.7074868024503348,0.0
2025-05-18,4.0,26.2,29.17,3.5,8.62,13.1,21.19999999999998,36.300000000000054,0.6899999999999995,0.6944521021088763,-0.719538934232584,0.0
2025-05-19,3.1,26.5,29.31,8.4,8.46,10.9,23.199999999999978,39.700000000000045,-0.15999999999999837,0.6819721490904629,-0.7313781428679254,0.0
2025-05-20,25.8,25.4,33.66,31.8,10.09,32.9,48.39999999999998,66.90000000000005,1.629999999999999,0.6692903895412567,-0.7430009249440493,0.0
2025-05-21,23.5,24.3,39.91,13.9,18.54,52.400000000000006,70.89999999999998,74.60000000000005,8.45,0.6564105761979381,-0.7544038410927472,0.0
2025-05-22,13.7,23.9,41.67,38.9,23.6,63.0,79.19999999999997,106.90000000000006,5.060000000000002,0.6433365204044917,-0.765583517007675,0.0
2025-05-23,32.2,23.8,45.14,55.0,22.93,69.4,106.09999999999998,157.80000000000004,-0.6700000000000017,0.6300720909843687,-0.7765366444428655,1.0
2025-05-24,16.4,23.5,47.72,59.3,64.01,62.300000000000004,118.69999999999999,210.80000000000004,41.080000000000005,0.6166212130956382,-0.7872599821916922,1.0
2025-05-25,60.9,23.7,49.94,102.8,109.66,109.5,175.59999999999997,310.1,45.64999999999999,0.6029878670694714,-0.7977503570459932,1.0
2025-05-26,36.1,23.2,50.9,145.6,1434.49,113.4,208.6,447.30000000000007,1324.83,0.5891760872322963,-0.8080046647350754,1.0
2025-05-27,34.8,22.9,51.01,92.9,1382.57,131.79999999999998,217.59999999999997,508.40000000000003,-51.92000000000007,0.5751899607119775,-0.8180198708443174,0.0
2025-05-28,1.3,24.1,49.82,9.5,721.77,72.2,195.39999999999998,504.00000000000006,-660.8,0.5610336262283677,-0.8277930117131022,0.0
2025-05-29,0.2,24.9,48.73,6.4,581.1,36.3,181.89999999999998,471.5,-140.66999999999996,0.5467112728685939,-0.8373211953118121,0.0
2025-05-30,0.0,25.8,46.96,7.5,646.14,1.5,149.7,424.0,65.03999999999996,0.5322271388474397,-0.8466016020976267,0.0
2025-05-31,0.1,25.8,45.5,7.8,400.79,0.30000000000000004,133.39999999999998,372.50000000000006,-245.34999999999997,0.5175855102531889,-0.8556314858488706,0.0
2025-06-01,1.5,24.8,44.2,9.3,275.69,1.6,73.99999999999999,279.00000000000006,-125.10000000000002,0.5027907197793043,-0.8644081744776648,0.0
2025-06-02,0.7,24.8,43.63,6.2,168.43,2.3,38.59999999999998,139.60000000000002,-107.25999999999999,0.4878471454423119,-0.8729290708206411,0.0
2025-06-03,0.8,25.0,42.66,5.1,122.88,3.0,4.599999999999985,51.800000000000026,-45.55000000000001,0.47275920928627757,-0.881191653407483,0.0
2025-06-04,3.1,23.9,41.31,9.8,84.7,4.6,6.399999999999986,52.10000000000003,-38.17999999999999,0.4575313760742512,-0.8891934772070711,0.0
2025-06-05,1.8,24.5,41.59,4.2,63.71,5.7,7.999999999999986,49.900000000000034,-20.990000000000002,0.44216815196707204,-0.8969321743510065,0.0
2025-06-06,1.2,25.1,39.85,1.7,54.46,6.1,9.199999999999985,44.10000000000003,-9.25,0.42667408318992467,-0.9044054548343001,0.0
2025-06-07,12.4,24.4,39.81,8.2,40.3,15.4,21.499999999999986,44.50000000000003,-14.160000000000004,0.4110537546870351,-0.9116111071930239,0.0
2025-06-08,3.5,24.9,38.41,9.6,30.77,17.1,23.499999999999986,44.800000000000026,-9.529999999999998,0.3953117887649151,-0.9185469991587165,0.0
2025-06-09,8.2,24.9,39.06,6.2,28.24,24.1,30.999999999999986,44.800000000000026,-2.530000000000001,0.37945284372454435,-0.925211078289358,0.0
2025-06-10,4.3,25.3,41.82,3.4,36.93,16.0,34.499999999999986,43.10000000000003,8.690000000000001,0.36348161248290634,-0.9316013725767187,0.0
2025-06-11,9.4,25.8,40.28,9.9,29.27,21.9,40.79999999999998,43.20000000000003,-7.66,0.3474028211842774,-0.9377159910299093,0.0
2025-06-12,38.3,24.5,44.51,45.9,24.12,52.0,77.29999999999998,84.90000000000002,-5.149999999999999,0.3312212278016865,-0.9435531242349544,0.0
2025-06-13,29.5,25.1,50.05,21.3,193.54,77.2,105.59999999999998,104.50000000000001,169.42,0.31494162072895193,-0.9491110448902284,0.0
2025-06-14,13.9,24.2,50.39,24.3,324.09,81.7,107.1,120.60000000000002,130.54999999999998,0.2985688173637202,-0.9543881083175908,0.0
2025-06-15,22.4,23.9,50.33,54.0,163.06,65.8,125.99999999999999,165.00000000000003,-161.02999999999997,0.2821076626819194,-0.9593827529490743,0.0
2025-06-16,24.9,23.1,50.05,85.0,376.57,61.199999999999996,142.7,243.80000000000004,213.51,0.26556302780405594,-0.9640935007889755,0.0
2025-06-17,6.5,23.5,49.14,42.6,703.69,53.8,144.89999999999998,283.00000000000006,327.12000000000006,0.24893980855376657,-0.9685189578512204,0.0
2025-06-18,6.4,23.8,48.4,42.7,819.35,37.8,141.9,315.80000000000007,115.65999999999997,0.23224292400907015,-0.9726578145718654,0.0
2025-06-19,6.8,23.3,48.74,37.3,581.1,19.7,110.39999999999998,307.20000000000005,-238.25,0.21547731504673012,-0.976508846196619,0.0
2025-06-20,5.8,23.5,48.45,33.8,505.99,19.0,86.69999999999999,319.7,-75.11000000000001,0.19864794288017112,-0.9800709131432666,0.0
2025-06-21,3.7,23.9,47.26,15.8,427.55,16.3,76.49999999999997,311.20000000000005,-78.44,0.18175978759137534,-0.9833429613388902,0.0
2025-06-22,3.7,23.9,46.32,23.7,318.15,13.2,57.79999999999998,280.90000000000003,-109.40000000000003,0.16481784665719793,-0.9863240225317866,0.0
2025-06-23,4.3,22.7,45.9,46.7,275.69,11.7,37.19999999999999,242.60000000000002,-42.45999999999998,0.14782713347053048,-0.9890132145779883,0.0
2025-06-24,5.8,22.5,47.52,67.3,276.97,13.8,36.499999999999986,267.30000000000007,1.2800000000000296,0.13079267585675922,-0.9914097417023038,0.0
2025-06-25,4.5,23.0,48.45,40.2,356.27,14.600000000000001,34.59999999999999,264.8,79.29999999999995,0.11371951458594969,-0.9935128947338007,0.0
2025-06-26,6.8,23.2,48.51,35.4,382.71,17.1,34.59999999999999,262.90000000000003,26.439999999999998,0.0966127018812031,-0.9953220513156602,0.0
2025-06-27,5.3,23.7,48.27,32.9,410.15,16.599999999999998,34.09999999999999,262.0,27.439999999999998,0.07947729992362097,-0.9968366760893436,0.0
2025-06-28,4.7,23.6,47.17,34.0,396.19,16.799999999999997,35.09999999999999,280.20000000000005,-13.95999999999998,0.062318379354325076,-0.998056320853012,0.0
2025-06-29,19.0,23.0,47.84,45.1,378.31,29.0,50.399999999999984,301.6000000000001,-17.879999999999995,0.04514101777397193,-0.9989806246941579,0.0
2025-06-30,5.4,23.0,48.01,37.4,379.19,29.1,51.499999999999986,292.30000000000007,0.8799999999999955,0.02795029824021032,-0.999609314096404,0.0
2025-07-01,7.7,22.8,48.66,38.0,378.31,32.1,53.39999999999999,263.0,-0.8799999999999955,0.01075130776352193,-0.9999422030204416,0.0
2025-07-02,9.9,22.8,48.9,47.4,366.28,23.0,58.79999999999999,270.20000000000005,-12.03000000000003,-0.00645086419810515,-0.9999791929590823,0.0
2025-07-03,4.9,22.5,48.77,54.1,324.84,22.5,56.899999999999984,288.90000000000003,-41.44,-0.023651127245231586,-0.9997202729664083,0.0
2025-07-04,18.2,22.3,49.5,77.0,368.83,33.0,69.79999999999998,333.0,43.99000000000001,-0.04084439154329611,-0.9991655196610109,0.0
2025-07-05,10.9,23.0,49.36,50.1,557.47,34.0,75.99999999999999,349.1,188.64000000000004,-0.05802556932878035,-0.9983150972033183,0.0
2025-07-06,6.9,23.1,49.22,36.7,640.21,36.0,63.89999999999999,340.70000000000005,82.74000000000001,-0.07518957641475855,-0.9971692572470178,0.0
2025-07-07,8.5,22.7,49.01,52.3,656.66,26.3,66.99999999999999,355.6000000000001,16.449999999999932,-0.09233133369539122,-0.9957283388645872,0.0
2025-07-08,7.8,22.7,49.03,42.4,604.34,23.2,67.09999999999998,360.0,-52.319999999999936,-0.10944576864891556,-0.993992768446958,0.0
2025-07-09,3.8,23.0,48.77,29.0,527.45,20.099999999999998,60.999999999999986,341.6,-76.88999999999999,-0.12652781683868314,-0.9919630595773397,0.0
2025-07-10,1.4,23.5,47.34,12.1,424.6,13.0,57.499999999999986,299.6,-102.85000000000002,-0.1435724234118113,-0.9896398128792412,0.0
2025-07-11,1.2,24.1,45.89,15.3,324.09,6.3999999999999995,40.499999999999986,237.90000000000003,-100.51000000000005,-0.16057454459499376,-0.9870237158387383,0.0
2025-07-12,1.9,23.9,44.53,16.2,246.74,4.5,31.499999999999986,204.00000000000003,-77.34999999999997,-0.17752914918703497,-0.984115542601034,0.0
2025-07-13,3.1,23.6,43.85,25.9,194.43,6.199999999999999,27.699999999999985,193.20000000000002,-52.31,-0.19443122004766195,-0.9809161537413774,0.0
2025-07-14,6.9,23.4,44.27,38.5,157.85,11.899999999999999,26.099999999999987,179.40000000000003,-36.58000000000001,-0.2112757555821793,-0.9774264960104055,0.0
2025-07-15,14.8,22.8,47.38,57.5,172.78,24.799999999999997,33.09999999999999,194.50000000000003,14.930000000000007,-0.2280577712215198,-0.9736476020539838,0.0
2025-07-16,0.9,24.1,45.65,19.4,264.46,22.599999999999998,30.19999999999999,184.90000000000003,91.67999999999998,-0.24477230089725957,-0.9695805901076308,0.0
2025-07-17,3.4,24.2,44.39,11.9,344.94,19.099999999999998,32.19999999999999,184.70000000000005,80.48000000000002,-0.2614143985111562,-0.965226663665613,0.0
2025-07-18,2.8,24.1,43.0,13.9,256.04,7.099999999999998,33.79999999999998,183.3,-88.89999999999998,-0.2779791393987801,-0.9605871111248129,0.0
2025-07-19,3.8,23.6,44.09,11.4,167.27,9.999999999999996,35.69999999999999,178.50000000000003,-88.77000000000001,-0.2944616217868012,-0.9556633054034704,0.0
2025-07-20,13.0,23.3,45.01,16.7,127.82,19.599999999999998,45.59999999999999,169.3,-39.45000000000002,-0.3108569682435036,-0.9504567035349151,0.0
2025-07-21,7.6,23.5,45.72,20.9,108.9,24.4,46.29999999999999,151.70000000000002,-18.919999999999987,-0.3271603271220951,-0.9449688462364056,0.0
2025-07-22,20.7,22.9,48.64,30.5,127.82,41.3,52.19999999999998,124.70000000000002,18.919999999999987,-0.34336687399638804,-0.939201357453208,0.0
2025-07-23,9.6,22.5,49.69,69.5,161.55,37.9,60.899999999999984,174.8,33.73000000000002,-0.3594718130884232,-0.9331559438780432,0.0
2025-07-24,19.4,22.4,49.67,50.9,265.69,49.699999999999996,76.89999999999998,213.8,104.13999999999999,-0.3754703786876202,-0.9268343944460494,0.0
2025-07-25,8.2,22.7,49.5,77.1,452.94,37.199999999999996,82.29999999999998,277.0,187.25,-0.3913578365610259,-0.9202385798054075,0.0
2025-07-26,10.8,22.4,49.37,67.6,585.14,38.39999999999999,89.29999999999998,333.2,132.2,-0.4071294853542516,-0.9133704517637858,0.0
2025-07-27,8.1,22.4,49.29,40.3,720.11,27.099999999999994,84.39999999999999,356.8,134.97000000000003,-0.4227806579826773,-0.9062320427107697,0.0
2025-07-28,6.4,22.5,49.14,30.7,826.94,25.299999999999997,83.19999999999999,366.6,106.83000000000004,-0.4383067230125192,-0.898825465016444,0.0
2025-07-29,5.2,22.3,49.15,32.0,698.84,19.699999999999996,67.69999999999999,368.1,-128.10000000000002,-0.45370308603134424,-0.8911529104063088,0.0
2025-07-30,2.3,23.0,48.64,31.6,558.76,13.899999999999997,60.399999999999984,330.20000000000005,-140.08000000000004,-0.46896519100763184,-0.8832166493127127,0.0
2025-07-31,3.5,23.2,48.22,18.6,456.09,10.999999999999996,44.499999999999986,297.90000000000003,-102.67000000000002,-0.48408852163897587,-0.8750190302029955,0.0
2025-08-01,2.5,23.6,47.78,24.2,377.44,8.299999999999997,38.79999999999998,245.00000000000003,-78.64999999999998,-0.4990686026885319,-0.8665624788845385,0.0
2025-08-02,1.0,24.0,47.35,18.3,286.74,6.9999999999999964,28.999999999999986,195.70000000000002,-90.69999999999999,-0.5139010013093103,-0.8578494977869301,0.0
2025-08-03,2.3,24.2,46.25,7.8,237.78,5.799999999999996,23.199999999999985,163.20000000000005,-48.96000000000001,-0.5285813283559292,-0.8488826652214553,0.0
2025-08-04,1.4,24.3,44.6,5.4,152.11,4.699999999999996,18.199999999999985,137.90000000000003,-85.66999999999999,-0.5431052396834317,-0.8396646346181327,0.0
2025-08-05,1.7,24.2,43.78,7.4,108.14,5.399999999999996,14.699999999999987,113.30000000000003,-43.97000000000001,-0.5574684374327892,-0.8301981337405212,0.0
2025-08-06,11.4,23.6,48.09,21.6,84.9,14.499999999999996,23.799999999999986,103.30000000000004,-23.239999999999995,-0.5716666713027052,-0.8204859638785327,0.0
2025-08-07,2.0,24.0,48.38,13.9,71.28,15.099999999999996,22.299999999999986,98.60000000000002,-13.620000000000005,-0.5856957398073508,-0.8105309990194823,0.0
2025-08-08,14.7,23.5,48.73,13.1,127.53,28.099999999999994,34.499999999999986,87.50000000000004,56.25,-0.5995514915196489,-0.8003361849976323,0.0
2025-08-09,18.2,22.8,49.35,7.6,89.36,34.9,51.69999999999999,76.80000000000003,-38.17,-0.6132298262997502,-0.7899045386224707,0.0
2025-08-10,14.9,22.8,48.91,9.6,97.17,47.8,64.29999999999998,78.60000000000002,7.810000000000002,-0.6267266965083301,-0.7792391467859886,0.0
2025-08-11,1.2,23.1,47.32,16.3,81.6,34.3,64.09999999999998,89.50000000000003,-15.570000000000007,-0.6400381082043503,-0.7683431655492202,0.0
2025-08-12,3.4,22.7,47.26,14.9,78.07,19.5,65.79999999999998,97.00000000000003,-3.530000000000001,-0.65316012232693,-0.7572198192083127,0.0
2025-08-13,7.4,22.6,48.79,24.8,71.95,12.0,61.79999999999998,100.20000000000002,-6.11999999999999,-0.666088855860977,-0.7458723993404063,0.0
2025-08-14,8.9,22.5,49.01,30.3,72.79,19.700000000000003,68.69999999999999,116.60000000000004,0.8400000000000034,-0.6788204829862355,-0.734304263829602,0.0
2025-08-15,8.2,22.4,49.01,39.6,112.5,24.5,62.19999999999999,143.10000000000002,39.709999999999994,-0.6913512362094071,-0.722518835873311,0.0
2025-08-16,12.0,22.6,49.0,41.8,245.6,29.1,55.999999999999986,177.3,133.1,-0.7036774074790128,-0.7105196029692745,0.0
2025-08-17,10.9,22.4,48.97,59.1,330.13,31.1,51.999999999999986,226.80000000000004,84.53,-0.7157953492826642,-0.6983101158835584,1.0
2025-08-18,25.0,21.8,48.88,127.1,446.71,47.9,75.79999999999998,337.6,116.57999999999998,-0.7277014757264236,-0.6858939875998223,1.0
2025-08-19,37.7,22.0,48.85,186.7,742.02,73.6,110.1,509.40000000000003,295.31,-0.7393922635959241,-0.673274892250183,1.0
2025-08-20,13.2,22.7,48.87,66.8,1373.04,75.9,115.89999999999999,551.4,631.02,-0.7508642533989489,-0.6604565640279754,1.0
2025-08-21,2.2,23.2,48.27,16.9,1411.54,53.1,109.19999999999999,538.0000000000001,38.5,-0.7621140503891487,-0.6474427960827475,0.0
2025-08-22,1.0,23.2,47.45,21.3,980.75,16.4,101.99999999999999,519.7,-430.78999999999996,-0.7731383255706026,-0.6342374393978054,0.0
2025-08-23,3.1,23.0,46.79,21.5,711.85,6.300000000000001,93.09999999999998,499.40000000000003,-268.9,-0.7839338166829201,-0.620844401650647,0.0
2025-08-24,2.6,22.9,45.93,14.7,483.17,6.7,84.8,455.0,-228.68,-0.7944973291665992,-0.6072676460566135,0.0
2025-08-25,3.2,22.7,45.02,33.0,343.35,8.9,62.999999999999986,360.9,-139.82,-0.8048257371083452,-0.593511190196115,0.0
2025-08-26,4.3,22.9,45.44,35.7,265.69,10.100000000000001,29.599999999999987,209.90000000000003,-77.66000000000003,-0.8149159841660791,-0.5795791048257612,0.0
2025-08-27,2.0,23.3,46.13,27.8,214.77,9.5,18.399999999999984,170.9,-50.91999999999999,-0.8247650844733614,-0.5654755126737576,0.0
2025-08-28,7.0,23.1,45.9,14.4,189.99,13.3,23.19999999999999,168.40000000000003,-24.78,-0.8343701235229538,-0.5512045872199277,0.0
2025-08-29,6.0,23.0,47.24,38.3,221.33,15.0,28.19999999999999,185.40000000000003,31.340000000000003,-0.8437282590292712,-0.5367705514607103,0.0
2025-08-30,2.1,23.4,47.12,27.3,208.41,15.1,27.199999999999985,191.20000000000002,-12.920000000000016,-0.8528367217694595,-0.522177676659508,0.0
2025-08-31,3.3,23.3,47.02,32.3,208.89,11.4,27.899999999999988,208.80000000000004,0.47999999999998977,-0.8616928164028522,-0.5074302810827518,0.0
2025-09-01,3.3,23.0,47.32,38.2,254.86,8.7,27.999999999999986,214.00000000000006,45.97000000000003,-0.8702939222685674,-0.49253272872205434,0.0
2025-09-02,3.9,23.1,47.72,35.5,233.42,10.5,27.599999999999987,213.8,-21.440000000000026,-0.8786374941610001,-0.4774894280028391,0.0
2025-09-03,2.9,23.2,47.56,21.8,233.96,10.1,28.499999999999986,207.80000000000004,0.5400000000000205,-0.886721063082993,-0.46230483047981086,0.0
2025-09-04,1.5,23.0,46.66,20.7,215.77,8.3,22.999999999999986,214.10000000000002,-18.189999999999998,-0.8945422369764496,-0.4469834295196741,0.0
2025-09-05,1.9,23.1,45.59,19.2,170.0,6.3,18.899999999999988,195.00000000000003,-45.77000000000001,-0.9020987014301837,-0.43152975897147144,0.0
2025-09-06,0.5,23.2,44.24,11.8,147.59,3.9,17.299999999999986,179.50000000000006,-22.409999999999997,-0.9093882203647925,-0.4159483918249421,0.0
2025-09-07,1.0,23.0,42.97,13.0,137.04,3.4,14.999999999999986,160.20000000000005,-10.550000000000011,-0.9164086366943458,-0.4002439388573056,0.0
2025-09-08,3.8,23.2,42.3,13.5,106.4,5.3,15.499999999999986,135.50000000000003,-30.639999999999986,-0.9231578729647039,-0.38442104726885545,0.0
2025-09-09,1.0,23.8,41.34,6.8,81.6,5.8,12.599999999999985,106.80000000000003,-24.80000000000001,-0.9296339319682695,-0.3684843993077793,0.0
2025-09-10,0.4,23.9,39.93,1.6,65.83,5.2,10.099999999999985,86.60000000000004,-15.769999999999996,-0.9358348973349941,-0.35243871088460327,0.0
2025-09-11,0.0,23.5,38.4,1.0,44.5,1.4,8.599999999999985,66.90000000000003,-21.33,-0.9417589340994617,-0.33628873017668287,0.0
2025-09-12,3.8,23.5,37.95,2.0,28.31,4.199999999999999,10.499999999999986,49.700000000000024,-16.19,-0.9474042892438845,-0.32003923622313857,0.0
2025-09-13,12.0,22.8,41.49,9.0,21.91,15.799999999999999,21.999999999999986,46.90000000000003,-6.399999999999999,-0.9527692922168511,-0.30369503751065885,0.0
2025-09-14,6.5,23.3,44.85,13.2,21.8,22.299999999999997,27.499999999999986,47.10000000000003,-0.10999999999999943,-0.9578523554276669,-0.28726097055059635,0.0
2025-09-15,10.2,22.7,47.23,38.0,37.73,28.699999999999996,33.899999999999984,71.60000000000002,15.929999999999996,-0.9626519747161487,-0.2707418984477642,0.0
2025-09-16,7.7,23.1,49.16,18.6,90.83,24.4,40.59999999999999,83.40000000000003,53.1,-0.9671667297977312,-0.2541427094613622,0.0
2025-09-17,21.1,23.3,49.3,29.6,378.31,39.0,61.29999999999998,111.40000000000003,287.48,-0.97139528468375,-0.23746831555846842,0.0
2025-09-18,8.9,23.3,49.08,30.1,305.9,37.7,70.19999999999999,140.50000000000003,-72.41000000000003,-0.9753363880767837,-0.2207236509605022,0.0
2025-09-19,5.2,23.5,49.1,17.2,287.4,35.2,71.6,155.70000000000002,-18.5,-0.9789888737409319,-0.20391367068311472,0.0
2025-09-20,6.1,23.5,48.4,18.2,187.8,20.2,65.69999999999999,164.90000000000003,-99.59999999999997,-0.9823516608469237,-0.18704334906991657,0.0
2025-09-21,6.9,23.4,48.35,8.8,159.32,18.2,66.1,160.50000000000003,-28.480000000000018,-0.9854237542919524,-0.17011767832049052,0.0
2025-09-22,2.1,23.5,48.19,9.7,151.41,15.100000000000001,57.999999999999986,132.20000000000005,-7.909999999999997,-0.9882042449941422,-0.15314166701312007,0.0
2025-09-23,5.4,22.2,48.15,6.6,102.75,14.4,55.69999999999999,120.20000000000003,-48.66,-0.9906923101615609,-0.13612033862266704,0.0
2025-09-24,0.2,23.1,47.58,11.6,86.1,7.700000000000001,34.79999999999999,102.20000000000002,-16.650000000000006,-0.9928872135356962,-0.11905873003404988,0.0
2025-09-25,1.7,23.1,45.78,8.6,90.83,7.300000000000001,27.599999999999984,80.70000000000003,4.730000000000004,-0.994788305609327,-0.10196189005174576,0.0
2025-09-26,8.0,22.4,45.96,15.7,81.41,9.9,30.399999999999984,79.20000000000002,-9.420000000000002,-0.9963950238187231,-0.08483487790576538,0.0
2025-09-27,41.4,21.2,49.38,44.2,75.91,51.1,65.69999999999999,105.20000000000003,-5.5,-0.9977068927101168,-0.06768276175455162,0.0
2025-09-28,7.5,22.3,49.07,31.2,225.99,56.9,66.29999999999998,127.60000000000004,150.08,-0.9987235240803972,-0.050510617185222886,0.0
2025-09-29,5.9,22.7,48.25,29.3,398.02,54.8,70.09999999999998,147.20000000000005,172.02999999999997,-0.9994446170919858,-0.033323525711631344,0.0
2025-09-30,2.3,22.8,48.19,13.7,286.74,15.7,66.99999999999999,154.30000000000004,-111.27999999999997,-0.9998699583618592,-0.016126573270657762,0.0
2025-10-01,3.0,23.3,47.42,13.2,228.61,11.2,69.79999999999998,155.90000000000003,-58.129999999999995,-0.9999994220246925,0.001075151282798226,0.0
2025-10-02,1.7,23.4,46.76,10.4,180.13,7.0,69.79999999999998,157.70000000000002,-48.48000000000002,-0.999832969770105,0.018276557681691223,0.0
2025-10-03,0.5,23.8,45.2,2.6,142.88,5.2,62.299999999999976,144.60000000000002,-37.25,-0.9993706508539969,0.03547255575312556,0.0
2025-10-04,1.5,23.5,43.89,2.8,113.82,3.7,22.399999999999977,103.20000000000003,-29.060000000000002,-0.9986126020839734,0.052658056924614005,0.0
2025-10-05,0.9,23.4,43.35,5.5,79.17,2.9,15.79999999999998,77.50000000000003,-34.64999999999999,-0.9975590477788613,0.06982797572987089,0.0
2025-10-06,0.0,23.1,42.01,3.7,56.81,2.4000000000000004,9.899999999999979,51.90000000000003,-22.36,-0.9962102997023297,0.0869772313136861,0.0
2025-10-07,2.5,23.0,41.28,4.7,42.15,3.4000000000000004,10.099999999999978,42.900000000000034,-14.660000000000004,-0.9945667569706337,0.1041007489354256,0.0
2025-10-08,4.7,23.8,40.0,11.1,29.62,7.200000000000001,11.79999999999998,40.800000000000026,-12.529999999999998,-0.9926289059345095,0.121193461470736,0.0
2025-10-09,14.5,24.1,41.53,4.1,24.59,21.700000000000003,24.59999999999998,34.50000000000003,-5.030000000000001,-0.9903973200352558,0.1382503109109819,0.0
2025-10-10,0.3,24.8,39.61,1.0,34.89,19.5,24.39999999999998,32.90000000000003,10.3,-0.9878726596350429,0.15526624985999563,0.0
2025-10-11,0.6,24.9,37.79,1.2,37.28,15.400000000000002,23.49999999999998,31.30000000000003,2.3900000000000006,-0.9850556718215013,0.172236243027682,0.0
2025-10-12,0.0,24.8,35.91,0.0,52.7,0.9000000000000017,22.599999999999977,25.80000000000003,15.420000000000002,-0.981947190186646,0.18915526872004093,0.0
2025-10-13,0.1,24.4,34.24,0.0,36.93,0.7000000000000016,22.699999999999978,22.10000000000003,-15.770000000000003,-0.9785481345802031,0.20601832032517084,0.0
2025-10-14,0.0,24.7,32.88,0.0,23.49,0.10000000000000178,20.199999999999978,17.400000000000027,-13.440000000000001,-0.9748595108374125,0.22282040779479959,0.0
2025-10-15,0.4,24.9,31.7,7.5,16.42,0.5000000000000018,15.899999999999979,13.80000000000003,-7.069999999999997,-0.9708824104813836,0.23955655912092708,0.0
2025-10-16,0.0,25.6,29.84,0.0,14.21,0.4000000000000018,1.3999999999999786,9.700000000000028,-2.210000000000001,-0.9666180104000972,0.2562218218071163,0.0
2025-10-17,0.0,26.2,28.58,0.0,15.37,0.4000000000000018,1.0999999999999786,8.700000000000028,1.1599999999999984,-0.9620675724981452,0.27281126433401914,0.0
2025-10-18,0.0,26.1,27.77,0.1,30.84,0.0,0.4999999999999787,7.600000000000028,15.47,-0.957232443323312,0.28931997761869527,0.0
2025-10-19,0.0,25.9,27.41,0.0,21.03,0.0,0.4999999999999787,7.600000000000028,-9.809999999999999,-0.9521140536681102,0.3057430764672831,0.0
2025-10-20,9.1,25.8,28.1,0.2,14.96,9.100000000000001,9.499999999999979,7.800000000000028,-6.07,-0.9467139181463862,0.3220757010206104,0.0
2025-10-21,3.7,25.5,30.54,3.6,17.88,12.8,13.199999999999978,11.400000000000029,2.919999999999998,-0.9410336347451197,0.3383130181923076,0.0
2025-10-22,3.1,25.2,30.25,0.7,21.96,15.900000000000002,15.899999999999979,4.600000000000028,4.080000000000002,-0.9350748843515574,0.3544502230989869,0.0
2025-10-23,13.3,24.0,32.49,29.2,19.61,20.1,29.19999999999998,33.800000000000026,-2.3500000000000014,-0.9288394302558068,0.3704825404820963,0.0
2025-10-24,16.1,23.1,41.06,16.8,29.41,32.5,45.29999999999998,50.60000000000003,9.8,-0.9223291176290545,0.3864052261209853,0.0
2025-10-25,2.3,23.7,41.77,5.8,31.81,31.700000000000003,47.59999999999998,56.300000000000026,2.3999999999999986,-0.9155458729775467,0.40221356823680365,0.0
2025-10-26,16.5,23.2,42.86,35.6,126.35,34.900000000000006,64.09999999999998,91.90000000000003,94.53999999999999,-0.9084917035725082,0.41790288888678667,0.0
2025-10-27,17.0,23.3,47.56,22.9,114.35,35.8,71.99999999999999,114.60000000000002,-12.0,-0.9011686968561569,0.4334685453485363,0.0
2025-10-28,0.7,23.6,45.83,0.8,122.03,34.2,68.99999999999999,111.80000000000003,7.680000000000007,-0.8935790198239952,0.4489059314938798,0.0
2025-10-29,2.4,23.5,44.01,4.8,114.88,20.1,68.29999999999998,115.90000000000002,-7.150000000000006,-0.8857249183835637,0.4642104791518923,0.0
2025-10-30,0.9,23.5,42.8,1.7,83.33,3.9999999999999996,55.89999999999998,88.40000000000002,-31.549999999999997,-0.8776087166898392,0.4793776594606945,0.0
2025-10-31,2.1,23.6,41.33,4.8,65.07,5.4,41.89999999999998,76.40000000000002,-18.260000000000005,-0.8692328164574792,0.49440298420761813,0.0
2025-11-01,4.5,23.7,41.64,4.9,57.08,7.5,44.09999999999998,75.50000000000003,-7.989999999999995,-0.8605996962501181,0.5092820071573356,0.0
2025-11-02,0.6,23.5,39.97,3.5,42.65,7.199999999999999,28.199999999999978,43.40000000000003,-14.43,-0.8517119107469189,0.5240103253675756,0.0
2025-11-03,0.6,23.6,38.68,3.5,36.93,5.7,11.799999999999978,24.00000000000003,-5.719999999999999,-0.8425720899866032,0.5385835804920232,0.0
2025-11-04,0.3,23.6,37.29,2.0,26.99,1.5,11.399999999999979,25.200000000000028,-9.940000000000001,-0.8331829385891785,0.5529974600700271,0.0
2025-11-05,0.1,22.8,36.29,0.9,23.38,1.0,9.099999999999978,21.300000000000026,-3.6099999999999994,-0.8235472349556007,0.5672476988027229,0.0
2025-11-06,1.9,22.9,35.42,0.8,18.01,2.3,10.099999999999978,20.400000000000027,-5.369999999999997,-0.8136678304455991,0.5813300798152042,0.0
2025-11-07,0.5,23.3,34.49,1.7,17.07,2.5,8.499999999999979,17.30000000000003,-0.9400000000000013,-0.8035476485339116,0.5952404359043674,0.0
2025-11-08,0.0,23.1,32.51,0.0,15.44,2.3999999999999995,3.9999999999999787,12.400000000000029,-1.6300000000000008,-0.7931896839451843,0.6089746507720486,0.0
2025-11-09,0.0,21.9,30.49,0.0,14.67,0.5,3.399999999999978,8.900000000000029,-0.7699999999999996,-0.7825970017677834,0.6225286602431057,0.0
2025-11-10,0.0,21.0,29.09,0.0,14.45,0.0,2.7999999999999785,5.400000000000029,-0.22000000000000064,-0.7717727365467836,0.6358984534680745,0.0
2025-11-11,0.0,21.3,28.29,0.0,14.17,0.0,2.4999999999999787,3.4000000000000283,-0.27999999999999936,-0.7607200913564104,0.6490800741100398,0.0
2025-11-12,0.0,22.5,27.3,0.0,14.03,0.0,2.399999999999978,2.5000000000000284,-0.14000000000000057,-0.7494423368521954,0.6620696215153815,0.0
2025-11-13,0.0,22.8,27.14,0.0,13.93,0.0,0.4999999999999787,1.7000000000000282,-0.09999999999999964,-0.7379428103031386,0.6748632518680403,0.0
2025-11-14,0.0,21.9,27.03,0.0,13.83,0.0,0.0,0.0,-0.09999999999999964,-0.7262249146041543,0.6874571793269664,0.0
2025-11-15,0.0,21.3,26.64,0.0,13.76,0.0,0.0,0.0,-0.07000000000000028,-0.7142921172691032,0.699847677146407,0.0
2025-11-16,0.0,21.4,26.11,0.0,12.9,0.0,0.0,0.0,-0.8599999999999994,-0.7021479494046978,0.7120310787787131,0.0
2025-11-17,0.0,20.9,26.09,0.0,11.82,0.0,0.0,0.0,-1.08,-0.6897960046655887,0.7240037789593305,0.0
2025-11-18,0.0,21.0,25.99,0.0,11.5,0.0,0.0,0.0,-0.3200000000000003,-0.6772399381909491,0.7357622347736527,0.0
2025-11-19,0.0,22.2,25.81,0.0,11.39,0.0,0.0,0.0,-0.10999999999999943,-0.6644834655228552,0.7473029667054296,0.0
2025-11-20,0.0,22.3,26.13,0.0,11.3,0.0,0.0,0.0,-0.08999999999999986,-0.6515303615068021,0.75862255966641,0.0
2025-11-21,0.0,23.2,26.13,0.0,11.25,0.0,0.0,0.0,-0.05000000000000071,-0.6383844591746642,0.7697176640069211,0.0
2025-11-22,0.0,24.6,25.41,0.0,11.19,0.0,0.0,0.0,-0.0600000000000005,-0.6250496486104377,0.7805849965070866,0.0
2025-11-23,0.0,24.9,25.13,0.0,11.16,0.0,0.0,0.0,-0.02999999999999936,-0.6115298757991053,0.7912213413483807,0.0
2025-11-24,0.8,24.9,25.19,0.8,11.13,0.8,0.7999999999999787,0.8000000000000285,-0.02999999999999936,-0.5978291414589552,0.801623551065242,0.0
2025-11-25,0.0,24.9,25.33,0.0,11.11,0.8,0.7999999999999787,0.8000000000000285,-0.02000000000000135,-0.5839514998576998,0.8117885474764613,0.0
2025-11-26,0.0,23.5,25.54,0.0,11.08,0.8,0.7999999999999787,0.8000000000000285,-0.02999999999999936,-0.5699010576127624,0.8217133225960589,0.0
2025-11-27,0.0,23.0,25.55,0.0,11.02,0.0,0.7999999999999787,0.8000000000000285,-0.0600000000000005,-0.5556819724760489,0.8313949395234058,0.0
2025-11-28,0.0,23.0,25.27,0.0,10.99,0.0,0.7999999999999787,0.8000000000000285,-0.02999999999999936,-0.5412984521036173,0.8408305333122887,0.0
2025-11-29,0.0,22.0,25.07,0.0,10.94,0.0,0.7999999999999787,0.8000000000000285,-0.05000000000000071,-0.5267547528105542,0.8500173118187018,0.0
2025-11-30,0.0,21.7,25.28,0.0,10.91,0.0,0.7999999999999787,0.8000000000000285,-0.02999999999999936,-0.5120551783114646,0.8589525565270845,0.0
2025-12-01,0.0,22.3,24.42,0.0,10.89,0.0,0.0,0.0,-0.019999999999999574,-0.4972040784469378,0.8676336233547726,0.0
2025-12-02,0.0,22.5,24.29,0.0,10.86,0.0,0.0,0.0,-0.030000000000001137,-0.4822058478963526,0.8760579434344281,0.0
2025-12-03,0.0,23.6,24.67,0.0,10.83,0.0,0.0,0.0,-0.02999999999999936,-0.46706492487743034,0.8842230238742036,0.0
2025-12-04,0.5,23.7,25.09,0.7,10.8,0.5,0.4999999999999787,0.7000000000000284,-0.02999999999999936,-0.451785789832884,0.8921264484954345,0.0
2025-12-05,0.2,24.0,25.08,2.0,10.8,0.7,0.6999999999999786,2.7000000000000286,0.0,-0.4363729641045924,0.8997658785476209,0.0
2025-12-06,0.0,23.0,25.93,0.0,10.78,0.7,0.6999999999999786,2.7000000000000286,-0.02000000000000135,-0.42083100859565564,0.9071390534005044,0.0
2025-12-07,0.0,22.5,26.73,0.0,10.69,0.2,0.6999999999999786,2.7000000000000286,-0.08999999999999986,-0.4051645224207563,0.9142437912130223,0.0
2025-12-08,0.0,22.4,26.14,0.0,10.69,0.0,0.6999999999999786,2.7000000000000286,0.0,-0.3893781415452015,0.9210779895789526,0.0
2025-12-09,0.0,21.6,25.84,0.0,10.64,0.0,0.6999999999999786,2.7000000000000286,-0.049999999999998934,-0.37347653741307074,0.9276396261490467,0.0
2025-12-10,0.0,21.6,25.66,0.0,10.61,0.0,0.6999999999999786,2.7000000000000286,-0.030000000000001137,-0.3574644155648614,0.9339267592294762,0.0
2025-12-11,0.0,20.9,25.54,0.0,10.53,0.0,0.1999999999999787,2.0000000000000284,-0.08000000000000007,-0.34134651424503615,0.9399375283564133,0.0
2025-12-12,0.0,20.1,25.43,0.0,10.53,0.0,0.0,0.0,0.0,-0.3251276029999093,0.9456701548465688,0.0
2025-12-13,0.0,20.5,25.33,0.0,10.51,0.0,0.0,0.0,-0.019999999999999574,-0.30881248126625377,0.9511229423235357,0.0
2025-12-14,0.0,20.8,25.25,0.0,10.48,0.0,0.0,0.0,-0.02999999999999936,-0.29240597695107734,0.9562942772197719,0.0
2025-12-15,0.0,21.0,25.17,0.0,10.46,0.0,0.0,0.0,-0.019999999999999574,-0.27591294500296043,0.9611826292540837,0.0
2025-12-16,0.0,21.6,25.1,0.0,10.43,0.0,0.0,0.0,-0.030000000000001137,-0.2593382659754056,0.9657865518844574,0.0
2025-12-17,0.0,23.5,25.03,0.0,10.4,0.0,0.0,0.0,-0.02999999999999936,-0.2426868445825954,0.9701046827361175,0.0
2025-12-18,0.0,22.4,24.98,0.0,10.38,0.0,0.0,0.0,-0.019999999999999574,-0.22596360824801906,0.974135744004672,0.0
2025-12-19,0.0,21.4,24.91,0.0,10.35,0.0,0.0,0.0,-0.030000000000001137,-0.20917350564635637,0.9778785428342386,0.0
2025-12-20,0.0,21.0,24.84,0.0,10.32,0.0,0.0,0.0,-0.02999999999999936,-0.19232150523909483,0.9813319716704275,0.0
2025-12-21,0.0,21.0,24.77,0.0,10.32,0.0,0.0,0.0,0.0,-0.17541259380427843,0.9844950085880858,0.0
2025-12-22,0.0,21.3,24.73,0.0,10.3,0.0,0.0,0.0,-0.019999999999999574,-0.15845177496083632,0.9873667175937016,0.0
2025-12-23,0.0,21.4,24.68,0.0,10.27,0.0,0.0,0.0,-0.030000000000001137,-0.14144406768794202,0.9899462489023779,0.0
2025-12-24,0.0,21.2,24.64,0.0,10.25,0.0,0.0,0.0,-0.019999999999999574,-0.12439450483979998,0.9922328391893008,0.0
2025-12-25,0.0,20.9,24.59,0.0,10.25,0.0,0.0,0.0,0.0,-0.10730813165636247,0.9942258118156161,0.0
2025-12-26,0.0,21.0,24.55,0.0,10.22,0.0,0.0,0.0,-0.02999999999999936,-0.09019000427034513,0.9959245770286599,0.0
2025-12-27,0.0,21.5,24.51,0.0,10.19,0.0,0.0,0.0,-0.030000000000001137,-0.07304518821104743,0.9973286321364752,0.0
2025-12-28,0.0,21.3,24.48,0.0,10.17,0.0,0.0,0.0,-0.019999999999999574,-0.05587875690537313,0.9984375616565666,0.0
2025-12-29,0.0,20.9,24.44,0.0,10.14,0.0,0.0,0.0,-0.02999999999999936,-0.03869579017652689,0.9992510374388481,0.0
2025-12-30,0.0,21.0,24.4,0.0,10.12,0.0,0.0,0.0,-0.02000000000000135,-0.021501372740813793,0.999768818762748,0.0
2025-12-31,0.0,21.0,24.37,0.0,10.12,0.0,0.0,0.0,0.0,-0.004300592702981974,0.9999907524084426,0.0
2026-01-01,0.0,21.6,24.33,0.0,10.09,0.0,0.0,0.0,-0.02999999999999936,0.017201575418260506,0.9998520419557735,0.0
2026-01-02,0.0,22.3,24.3,0.1,10.04,0.0,0.0,0.10000000000002865,-0.05000000000000071,0.03439806061360801,0.9994082116062598,0.0
2026-01-03,0.0,23.6,24.29,0.0,9.99,0.0,0.0,0.10000000000002865,-0.049999999999998934,0.051584366869408364,0.9986686402879997,0.0
2026-01-04,0.0,23.7,24.25,0.0,9.99,0.0,0.0,0.10000000000002865,0.0,0.06875540848113941,0.9976335468520451,0.0
2026-01-05,0.0,22.6,24.25,0.0,9.91,0.0,0.0,0.10000000000002865,-0.08000000000000007,0.08590610426133272,0.9963032375991965,0.0
2026-01-06,0.0,21.8,24.23,0.0,9.86,0.0,0.0,0.10000000000002865,-0.05000000000000071,0.10303137904317879,0.9946781061893646,0.0
2026-01-07,0.0,21.7,24.2,0.0,9.79,0.0,0.0,0.10000000000002865,-0.07000000000000028,0.1201261651823505,0.9927586335250793,0.0
2026-01-08,0.0,21.3,24.2,0.0,9.74,0.0,0.0,0.10000000000002865,-0.049999999999998934,0.13718540405660057,0.9905453876091833,0.0
2026-01-09,0.0,21.1,24.2,0.0,9.67,0.0,0.0,0.0,-0.07000000000000028,0.1542040475626894,0.988039023376751,0.0
2026-01-10,0.0,21.4,24.25,0.0,9.67,0.0,0.0,0.0,0.0,0.17117705961019986,0.985240282501282,0.0
2026-01-11,0.0,22.0,24.28,0.0,8.89,0.0,0.0,0.0,-0.7799999999999994,0.18809941761179758,0.9821499931752291,0.0
2026-01-12,0.0,24.1,24.81,0.7,8.25,0.0,0.0,0.7000000000000286,-0.6400000000000006,0.20496611396949532,0.9787690698649216,0.0
2026-01-13,0.0,24.3,24.59,0.8,7.99,0.0,0.0,1.5000000000000286,-0.2599999999999998,0.22177215755648186,0.975098513039961,0.0
2026-01-14,0.0,24.1,24.66,0.0,7.85,0.0,0.0,1.5000000000000286,-0.14000000000000057,0.23851257519407648,0.9711394088771653,0.0
2026-01-15,0.0,24.4,25.31,0.0,7.73,0.0,0.0,1.5000000000000286,-0.11999999999999922,0.2551824131233728,0.9668929289391521,0.0
2026-01-16,0.0,23.8,25.68,0.0,7.55,0.0,0.0,1.5000000000000286,-0.1800000000000006,0.2717767384711357,0.9623603298276545,0.0
2026-01-17,0.0,23.2,25.31,0.0,7.36,0.0,0.0,1.5000000000000286,-0.1899999999999995,0.2882906407095177,0.9575429528116719,0.0
2026-01-18,0.0,22.5,24.81,0.0,7.17,0.0,0.0,1.5000000000000286,-0.1900000000000004,0.3047192331091634,0.9524422234305676,0.0
2026-01-19,0.0,21.3,24.59,0.0,7.04,0.0,0.0,0.8000000000000287,-0.1299999999999999,0.321057654185271,0.9470596510722283,0.0
2026-01-20,0.0,21.3,24.5,0.0,6.82,0.0,0.0,0.0,-0.21999999999999975,0.3373010691361842,0.9413968285264122,0.0
2026-01-21,0.0,22.2,24.48,0.0,6.94,0.0,0.0,0.0,0.1200000000000001,0.3534446712740877,0.9354554315134164,0.0
2026-01-22,0.0,21.9,24.46,0.0,7.05,0.0,0.0,0.0,0.10999999999999943,0.3694836834473831,0.9292372181882051,0.0
2026-01-23,0.0,21.3,24.46,0.0,6.94,0.0,0.0,0.0,-0.10999999999999943,0.38541335945432564,0.9227440286201427,0.0
2026-01-24,0.0,21.9,24.47,0.0,6.93,0.0,0.0,0.0,-0.010000000000000675,0.4012289854475009,0.9159777842484877,0.0
2026-01-25,0.0,23.2,24.47,0.0,6.87,0.0,0.0,0.0,-0.05999999999999961,0.4169258813287287,0.908940487313808,0.0
2026-01-26,0.0,24.5,24.47,0.4,6.76,0.0,0.0,0.40000000000002867,-0.11000000000000032,0.4324994021339788,0.901634220265486,0.0
2026-01-27,0.9,24.0,24.67,0.5,6.66,0.9,0.8999999999999787,0.9000000000000287,-0.09999999999999964,0.44794493940789115,0.8940611451454876,0.0
2026-01-28,0.0,24.2,24.59,0.0,6.73,0.9,0.8999999999999787,0.9000000000000287,0.07000000000000028,0.4632579225674917,0.88622350294858,0.0
2026-01-29,0.0,25.0,24.49,0.0,6.73,0.9,0.8999999999999787,0.9000000000000287,0.0,0.4784338202547012,0.8781236129591848,0.0
2026-01-30,0.0,23.9,24.46,0.0,6.5,0.0,0.8999999999999787,0.9000000000000287,-0.23000000000000043,0.49346814167723735,0.8697638720650646,0.0
2026-01-31,0.0,23.4,24.45,0.0,6.94,0.0,0.8999999999999787,0.9000000000000287,0.4400000000000004,0.5083564379375122,0.8611467540480452,0.0
2026-02-01,0.0,23.2,24.45,0.0,7.28,0.0,0.8999999999999787,0.9000000000000287,0.33999999999999986,0.5230943033491326,0.8522748088519838,0.0
2026-02-02,0.0,23.3,24.45,0.0,7.34,0.0,0.8999999999999787,0.5000000000000286,0.05999999999999961,0.5376773767406141,0.8431506618282,0.0
2026-02-03,0.1,23.8,24.47,0.3,7.43,0.1,0.09999999999997869,0.30000000000002863,0.08999999999999986,0.5521013427459208,0.8337770129585915,0.0
2026-02-04,0.0,24.1,24.46,0.0,7.49,0.1,0.09999999999997869,0.30000000000002863,0.0600000000000005,0.5663619330814524,0.8241566360566663,0.0
2026-02-05,0.0,24.2,24.41,0.0,7.49,0.1,0.09999999999997869,0.30000000000002863,0.0,0.580454927809098,0.8142923779467267,0.0
2026-02-06,0.0,23.9,24.4,0.0,7.34,0.0,0.09999999999997869,0.30000000000002863,-0.15000000000000036,0.5943761565849831,0.804187157621448,0.0
2026-02-07,0.0,23.8,24.4,0.0,7.34,0.0,0.09999999999997869,0.30000000000002863,0.0,0.6081214998935418,0.7938439653781019,0.0
2026-02-08,0.0,24.0,24.39,0.0,7.38,0.0,0.09999999999997869,0.30000000000002863,0.040000000000000036,0.6216868902665479,0.7832658619336791,0.0
2026-02-09,0.0,23.9,24.38,0.0,7.47,0.0,0.09999999999997869,0.30000000000002863,0.08999999999999986,0.6350683134867438,0.7724559775191742,0.0
2026-02-10,0.0,24.1,24.35,0.0,7.63,0.0,0.0,0.0,0.16000000000000014,0.6482618097757122,0.7614175109532997,0.0
2026-02-11,0.0,23.7,24.35,0.0,7.63,0.0,0.0,0.0,0.0,0.6612634749656386,0.7501537286959042,0.0
2026-02-12,0.0,23.8,24.34,0.0,7.32,0.0,0.0,0.0,-0.3099999999999996,0.6740694616546161,0.7386679638813748,0.0
2026-02-13,0.0,24.0,24.32,0.0,7.15,0.0,0.0,0.0,-0.16999999999999993,0.6866759803451553,0.726963615332308,0.0
2026-02-14,0.0,24.3,24.3,0.0,7.13,0.0,0.0,0.0,-0.020000000000000462,0.6990793005655562,0.7150441465537444,0.0
2026-02-15,0.0,24.8,24.3,0.0,7.15,0.0,0.0,0.0,0.020000000000000462,0.7112757519738152,0.7029130847082615,0.0
2026-02-16,0.0,24.9,24.28,0.0,7.24,0.0,0.0,0.0,0.08999999999999986,0.7232617254437388,0.6905740195722293,0.0
2026-02-17,0.0,24.9,24.25,0.0,7.15,0.0,0.0,0.0,-0.08999999999999986,0.7350336741329413,0.6780306024735382,0.0
2026-02-18,0.0,24.7,24.25,0.0,7.04,0.0,0.0,0.0,-0.11000000000000032,0.746588114532413,0.6652865452111116,0.0
2026-02-19,0.0,25.3,24.23,0.1,7.18,0.0,0.0,0.10000000000002865,0.13999999999999968,0.7579216274973472,0.6523456189565257,0.0
2026-02-20,0.0,26.2,24.21,0.2,7.0,0.0,0.0,0.3000000000000287,-0.17999999999999972,0.7690308592589181,0.6392116531380588,0.0
2026-02-21,0.0,26.8,24.2,0.0,6.94,0.0,0.0,0.3000000000000287,-0.05999999999999961,0.7799125224167177,0.6258885343075018,0.0
2026-02-22,0.0,27.4,24.2,0.0,7.0,0.0,0.0,0.3000000000000287,0.05999999999999961,0.7905633969115482,0.612380204990065,0.0
2026-02-23,0.0,26.6,24.18,0.0,7.15,0.0,0.0,0.3000000000000287,0.15000000000000036,0.8009803309782905,0.5986906625177214,0.0
2026-02-24,0.0,26.0,24.73,0.0,7.34,0.0,0.0,0.3000000000000287,0.1899999999999995,0.8111602420785621,0.5848239578463322,0.0
2026-02-25,0.0,26.1,24.15,0.0,7.34,0.0,0.0,0.3000000000000287,0.0,0.8211001178128892,0.5707841943569036,0.0
2026-02-26,0.0,25.1,24.15,0.0,7.34,0.0,0.0,0.20000000000002865,0.0,0.8307970168121247,0.5565755266413303,0.0
2026-02-27,0.0,25.2,24.13,0.0,7.15,0.0,0.0,0.0,-0.1899999999999995,0.8402480696078469,0.5422021592729844,0.0
2026-02-28,0.0,24.6,24.1,0.0,6.91,0.0,0.0,0.0,-0.2400000000000002,0.8494504794814806,0.527668345562516,0.0
2026-03-01,0.0,25.0,24.09,0.0,6.94,0.0,0.0,0.0,0.03000000000000025,0.8584015232918917,0.512978386299228,0.0
2026-03-02,0.0,26.5,24.08,0.0,6.94,0.0,0.0,0.0,0.0,0.8670985522812081,0.4981366284784055,0.0
2026-03-03,0.0,27.8,24.02,0.0,6.91,0.0,0.0,0.0,-0.03000000000000025,0.8755389928586302,0.4831474640149687,0.0
2026-03-04,0.0,28.1,24.0,0.0,6.66,0.0,0.0,0.0,-0.25,0.8837203473619977,0.4680153284438345,0.0
2026-03-05,0.0,27.7,24.0,0.0,6.43,0.0,0.0,0.0,-0.23000000000000043,0.8916401947968874,0.45274469960737107,0.0
2026-03-06,0.0,27.8,24.0,0.0,6.38,0.0,0.0,0.0,-0.04999999999999982,0.8992961915530253,0.4373400963303323,0.0
2026-03-07,0.0,27.7,23.96,0.0,6.43,0.0,0.0,0.0,0.04999999999999982,0.9066860720977985,0.4218060770826634,0.0
2026-03-08,0.0,28.1,23.9,0.0,6.41,0.0,0.0,0.0,-0.019999999999999574,0.9138076496466615,0.4061472386305789,0.0
2026-03-09,0.0,28.5,23.9,0.0,6.28,0.0,0.0,0.0,-0.1299999999999999,0.9206588168102428,0.3903682146763026,0.0
2026-03-10,0.0,29.3,23.87,0.0,5.84,0.0,0.0,0.0,-0.4400000000000004,0.9272375462179537,0.374473674486883,0.0
2026-03-11,0.0,28.7,23.78,0.0,5.65,0.0,0.0,0.0,-0.1899999999999995,0.9335418911179212,0.35846832151248087,0.0
2026-03-12,0.0,28.3,23.8,0.0,5.78,0.0,0.0,0.0,0.1299999999999999,0.9395699859530622,0.342356891994542,0.0
2026-03-13,0.0,28.7,23.8,0.1,5.78,0.0,0.0,0.10000000000002865,0.0,0.945320046913132,0.3261441535642696,0.0
2026-03-14,0.0,27.9,23.8,0.4,5.9,0.0,0.0,0.5000000000000286,0.1200000000000001,0.9507903724625832,0.3098349038318025,0.0
2026-03-15,0.0,27.2,24.06,0.0,6.13,0.0,0.0,0.5000000000000286,0.22999999999999954,0.9559793438440766,0.2934339689665273,0.0
2026-03-16,0.0,26.6,23.77,0.0,6.13,0.0,0.0,0.5000000000000286,0.0,0.9608854255574977,0.27694620226893646,0.0
2026-03-17,0.0,26.8,23.75,0.0,6.1,0.0,0.0,0.5000000000000286,-0.03000000000000025,0.9655071658143364,0.2603764827344581,0.0
2026-03-18,0.0,26.2,24.09,1.0,6.35,0.0,0.0,1.5000000000000286,0.25,0.969843196967294,0.24372971360968387,0.0
2026-03-19,0.5,25.6,24.7,0.0,6.43,0.5,0.4999999999999787,1.5000000000000286,0.08000000000000007,0.9738922359149924,0.22701082094141847,0.0
2026-03-20,0.0,25.4,24.33,0.0,6.35,0.5,0.4999999999999787,1.4000000000000286,-0.08000000000000007,0.9776530844816641,0.2102247521189836,0.0
2026-03-21,0.0,26.3,23.83,0.0,6.41,0.5,0.4999999999999787,1.0000000000000286,0.0600000000000005,0.981124629771712,0.19337647441020586,0.0
2026-03-22,0.0,27.4,23.4,0.0,6.31,0.0,0.4999999999999787,1.0000000000000286,-0.10000000000000053,0.984305844499033,0.17647097349152166,0.0
2026-03-23,0.0,28.2,23.2,0.3,6.28,0.0,0.4999999999999787,1.3000000000000287,-0.02999999999999936,0.9871957872910085,0.15951325197263655,0.0
2026-03-24,0.0,28.2,23.42,0.1,6.31,0.0,0.4999999999999787,1.4000000000000286,0.02999999999999936,0.9897936029670716,0.14250832791617088,0.0
2026-03-25,1.5,27.9,23.97,2.7,6.38,1.5,1.9999999999999787,3.100000000000029,0.07000000000000028,0.992098522791769,0.12546123335273648,0.0
2026-03-26,0.1,28.5,24.67,1.5,6.53,1.6,1.5999999999999788,4.600000000000029,0.15000000000000036,0.9941098647022418,0.10837701279187609,0.0
2026-03-27,0.5,28.6,24.48,0.1,6.43,2.1,2.0999999999999788,4.700000000000029,-0.10000000000000053,0.9958270335100595,0.09126072172931188,0.0
2026-03-28,0.0,28.2,24.25,0.0,6.41,0.6,2.0999999999999788,4.700000000000029,-0.019999999999999574,0.9972495210773451,0.07411742515094437,0.0
2026-03-29,0.0,27.7,23.91,0.0,6.41,0.5,2.0999999999999788,4.700000000000029,0.0,0.998376906467142,0.056952196034039754,0.0
2026-03-30,0.0,28.0,23.82,2.6,6.19,0.0,2.0999999999999788,7.000000000000029,-0.21999999999999975,0.9992088560679753,0.03977011384605572,0.0
2026-03-31,0.0,28.4,24.33,0.2,6.41,0.0,2.0999999999999788,7.100000000000029,0.21999999999999975,0.9997451236925734,0.022576263041545485,0.0
2026-04-01,0.4,27.9,24.32,1.9,6.46,0.4,0.9999999999999787,6.300000000000028,0.04999999999999982,0.9999855506507186,0.005375731557583884,0.0
2026-04-02,7.7,26.8,26.0,7.5,6.53,8.1,8.599999999999978,12.30000000000003,0.07000000000000028,0.9999300657962057,-0.011826390691832589,0.0
2026-04-03,0.5,26.2,26.93,0.9,6.91,8.600000000000001,8.59999999999998,13.10000000000003,0.3799999999999999,0.9995786855478958,-0.029025013321975237,0.0
2026-04-04,0.0,26.5,27.62,0.0,6.87,8.2,8.59999999999998,13.10000000000003,-0.040000000000000036,0.9989315138848577,-0.046215046983708354,0.0
2026-04-05,0.0,26.1,27.35,0.0,6.74,0.5,8.59999999999998,13.10000000000003,-0.1299999999999999,0.9979887423155984,-0.06339140486951038,0.0
2026-04-06,0.0,24.8,26.39,0.0,6.53,0.0,8.59999999999998,10.500000000000028,-0.20999999999999996,0.9967506498213929,-0.08054900421874167,0.0
2026-04-07,0.0,25.4,25.24,0.0,6.19,0.0,8.59999999999998,10.30000000000003,-0.33999999999999986,0.9952176027737294,-0.09768276782171598,0.0
2026-04-08,0.0,27.1,24.3,0.0,6.03,0.0,8.199999999999978,8.400000000000029,-0.16000000000000014,0.9933900548258936,-0.11478762552212701,0.0
2026-04-09,0.0,27.5,24.1,0.0,5.81,0.0,0.4999999999999787,0.9000000000000284,-0.22000000000000064,0.9912685467787256,-0.13185851571739118,0.0
2026-04-10,0.0,28.9,24.32,0.0,5.37,0.0,0.0,0.0,-0.4399999999999995,0.9888537064205885,-0.1488903868564548,0.0
2026-04-11,0.0,29.7,24.01,0.0,5.12,0.0,0.0,0.0,-0.25,0.986146248341595,-0.16587819893463143,0.0
2026-04-12,0.0,29.9,23.17,0.2,4.94,0.0,0.0,0.20000000000002843,-0.17999999999999972,0.9831469737221499,-0.1828169249850199,0.0
2026-04-13,0.0,28.7,23.08,0.0,4.71,0.0,0.0,0.20000000000002843,-0.23000000000000043,0.9798567700958665,-0.1997015525660636,0.0
2026-04-14,0.0,29.7,23.01,0.0,4.41,0.0,0.0,0.20000000000002843,-0.2999999999999998,0.9762766110869321,-0.21652708524481437,0.0
2026-04-15,0.0,29.9,22.91,0.0,3.97,0.0,0.0,0.20000000000002843,-0.43999999999999995,0.9724075561219968,-0.23328854407545518,0.0
2026-04-16,0.0,29.0,22.83,0.0,3.72,0.0,0.0,0.20000000000002843,-0.25,0.9682507501166718,-0.2499809690726521,0.0
2026-04-17,0.0,29.7,22.75,0.0,3.12,0.0,0.0,0.20000000000002843,-0.6000000000000001,0.9638074231367307,-0.26659942067929354,0.0
2026-04-18,0.3,30.6,22.99,0.2,2.91,0.3,0.2999999999999787,0.40000000000002844,-0.20999999999999996,0.9590788900341131,-0.28313898122818354,0.0
2026-04-19,0.2,30.1,23.83,0.7,2.75,0.5,0.4999999999999787,0.9000000000000283,-0.16000000000000014,0.9540665500578387,-0.2995947563972602,0.0
2026-04-20,0.3,30.1,24.31,1.0,2.22,0.8,0.7999999999999787,1.9000000000000283,-0.5299999999999998,0.9487718864399473,-0.31596187665790293,0.0
2026-04-21,0.2,29.3,24.12,1.9,2.06,0.7,0.9999999999999787,3.8000000000000282,-0.16000000000000014,0.9431964659565866,-0.33223549871590435,0.0
2026-04-22,0.0,29.7,24.0,0.0,2.22,0.5,0.9999999999999787,3.8000000000000282,0.16000000000000014,0.9373419384643772,-0.3484108069446808,0.0
2026-04-23,1.6,30.0,23.96,0.5,2.16,1.8,2.5999999999999788,4.300000000000028,-0.06000000000000005,0.9312100364121947,-0.3644830148102912,0.0
2026-04-24,0.1,30.5,23.75,0.7,1.53,1.7000000000000002,2.699999999999979,5.000000000000028,-0.6300000000000001,0.9248025743285089,-0.38044736628785164,0.0
2026-04-25,0.0,31.2,24.0,4.1,1.62,1.7000000000000002,2.399999999999979,8.900000000000027,0.09000000000000008,0.9181214482844364,-0.39629913726891813,0.0
2026-04-26,0.0,30.3,23.92,6.7,1.88,0.1,2.199999999999979,14.900000000000029,0.2599999999999998,0.9111686353326631,-0.41203363695942635,0.0
2026-04-27,0.5,29.0,24.25,2.8,2.16,0.5,2.3999999999999786,16.700000000000028,0.28000000000000025,0.9039461929224011,-0.42764620926777464,0.0
2026-04-28,0.1,29.0,24.48,0.2,2.18,0.6,2.299999999999979,15.000000000000028,0.020000000000000018,0.8964562582905575,-0.44313223418263453,0.0
2026-04-29,0.0,29.6,23.98,0.0,1.88,0.6,2.2999999999999785,15.000000000000028,-0.30000000000000027,0.8887010478292915,-0.45848712914008766,0.0
2026-04-30,0.0,29.1,23.08,0.0,1.03,0.1,0.6999999999999786,14.500000000000028,-0.8499999999999999,0.8806828564301475,-0.47370635037968,0.0
2026-05-01,0.0,27.9,22.7,0.0,0.78,0.0,0.5999999999999787,13.80000000000003,-0.25,0.8724040568049612,-0.48878539428899265,0.0
2026-05-02,0.0,28.3,22.67,0.0,0.78,0.0,0.5999999999999787,9.700000000000028,0.0,0.8638670987837349,-0.503719798736334,0.0
2026-05-03,0.0,28.4,21.73,0.1,0.75,0.0,0.5999999999999787,3.100000000000028,-0.030000000000000027,0.8550745085896932,-0.518505144391157,0.0
2026-05-04,0.0,28.3,21.1,0.1,0.72,0.0,0.09999999999997869,0.40000000000002844,-0.030000000000000027,0.8460288880917339,-0.533137056031809,0.0
2026-05-05,0.0,28.2,21.1,0.0,0.72,0.0,0.0,0.20000000000002843,0.0,0.8367329140344921,-0.5476112038402312,0.0
2026-05-06,0.0,28.9,21.31,0.0,0.72,0.0,0.0,0.20000000000002843,0.0,0.8271893372462497,-0.5619233046832195,0.0
2026-05-07,0.0,29.6,21.89,0.6,0.69,0.0,0.0,0.8000000000000285,-0.030000000000000027,0.8174009818249189,-0.5760691233798758,0.0
2026-05-08,0.3,30.6,22.27,2.0,0.91,0.3,0.2999999999999787,2.8000000000000282,0.22000000000000008,0.8073707443023492,-0.5900444739548627,0.0
2026-05-09,0.0,31.4,23.28,0.1,0.69,0.3,0.2999999999999787,2.9000000000000283,-0.22000000000000008,0.7971015927871943,-0.6038452208771035,0.0
2026-05-10,0.0,31.4,24.29,0.0,0.69,0.3,0.2999999999999787,2.8000000000000282,0.0,0.7865965660866021,-0.6174672802835514,0.0
2026-05-11,0.0,30.1,24.45,0.6,0.66,0.0,0.2999999999999787,3.3000000000000282,-0.029999999999999916,0.7758587728069828,-0.6309066211876704,0.0
2026-05-12,0.6,29.9,23.83,0.3,1.44,0.6,0.8999999999999786,3.600000000000028,0.7799999999999999,0.7648913904341225,-0.6441592666722685,0.0
2026-05-13,6.8,28.0,24.8,2.7,2.75,7.3999999999999995,7.699999999999978,6.300000000000028,1.31,0.753697664392914,-0.6572212950663319,0.0
2026-05-14,0.7,28.0,25.83,0.2,3.56,8.1,8.399999999999979,5.900000000000029,0.81,0.742280907086982,-0.6700888411055113,0.0
2026-05-15,0.0,28.9,26.25,0.0,4.35,7.5,8.099999999999978,3.9000000000000288,0.7899999999999996,0.7306444969184916,-0.6827580970759147,0.0
2026-05-16,0.4,29.1,24.71,0.4,4.94,1.1,8.499999999999979,4.200000000000029,0.5900000000000007,0.7187918772884232,-0.6952253139408722,0.0
2026-05-17,0.8,29.7,24.55,1.7,4.81,1.2000000000000002,9.299999999999978,5.900000000000029,-0.13000000000000078,0.7067265555776158,-0.7074868024503348,0.0
2026-05-18,0.9,28.9,25.86,0.8,5.03,2.1,10.199999999999978,6.100000000000029,0.22000000000000064,0.6944521021088763,-0.719538934232584,0.0
2026-05-19,7.2,27.0,26.8,0.6,5.15,8.9,16.79999999999998,6.400000000000029,0.1200000000000001,0.6819721490904629,-0.7313781428679254,0.0
2026-05-20,1.0,27.1,26.05,0.5,5.41,9.1,10.999999999999979,4.200000000000029,0.2599999999999998,0.6692903895412567,-0.7430009249440493,0.0
2026-05-21,0.2,28.3,24.3,3.0,5.81,8.399999999999999,10.49999999999998,7.000000000000028,0.39999999999999947,0.6564105761979381,-0.7544038410927472,0.0
2026-05-22,1.8,27.7,24.3,6.4,5.81,3.0,12.29999999999998,13.400000000000029,0.0,0.6433365204044917,-0.765583517007675,0.0
2026-05-23,3.8,27.3,26.59,7.8,6.0,5.8,15.69999999999998,20.80000000000003,0.1900000000000004,0.6300720909843687,-0.7765366444428655,0.0
2026-05-24,2.4,26.8,29.49,2.6,7.0,8.0,17.29999999999998,21.700000000000028,1.0,0.6166212130956382,-0.7872599821916922,0.0
2026-05-25,0.4,27.6,29.77,3.9,7.05,6.6,16.79999999999998,24.80000000000003,0.04999999999999982,0.6029878670694714,-0.7977503570459932,0.0
2026-05-26,1.5,28.3,26.12,3.2,6.16,4.3,11.09999999999998,27.40000000000003,-0.8899999999999997,0.5891760872322963,-0.8080046647350754,0.0
2026-05-27,0.2,28.0,25.47,1.0,6.41,2.1,10.29999999999998,27.90000000000003,0.25,0.5751899607119775,-0.8180198708443174,0.0
2026-05-28,0.9,28.3,26.94,0.1,6.73,2.6,10.99999999999998,25.00000000000003,0.3200000000000003,0.5610336262283677,-0.8277930117131022,0.0
2026-05-29,0.1,28.6,24.59,0.0,6.43,1.2000000000000002,9.29999999999998,18.60000000000003,-0.3000000000000007,0.5467112728685939,-0.8373211953118121,0.0
2026-05-30,0.5,29.2,22.63,3.7,6.24,1.5,5.99999999999998,14.500000000000028,-0.1899999999999995,0.5322271388474397,-0.8466016020976267,0.0
2026-05-31,0.6,29.0,23.37,3.6,6.19,1.2,4.19999999999998,15.500000000000028,-0.04999999999999982,0.5175855102531889,-0.8556314858488706,0.0
2026-06-01,1.2,28.6,23.53,4.5,6.41,2.3,4.99999999999998,16.10000000000003,0.21999999999999975,0.5027907197793043,-0.8644081744776648,0.0
2026-06-02,1.8,28.4,23.23,1.8,6.59,3.5999999999999996,5.299999999999979,14.70000000000003,0.17999999999999972,0.4878471454423119,-0.8729290708206411,0.0
2026-06-03,0.7,26.3,24.31,0.9,6.69,3.7,5.799999999999979,14.600000000000028,0.10000000000000053,0.47275920928627757,-0.881191653407483,0.0
2026-06-04,12.8,26.7,25.0,9.0,7.09,15.3,17.69999999999998,23.50000000000003,0.39999999999999947,0.4575313760742512,-0.8891934772070711,0.0
2026-06-05,3.0,27.0,24.57,3.6,9.16,16.5,20.59999999999998,27.10000000000003,2.0700000000000003,0.44216815196707204,-0.8969321743510065,0.0
2026-06-06,5.0,27.0,26.28,4.3,9.02,20.8,25.09999999999998,27.70000000000003,-0.14000000000000057,0.42667408318992467,-0.9044054548343001,0.0
2026-06-07,1.8,26.4,28.44,6.9,7.43,9.8,26.29999999999998,31.00000000000003,-1.5899999999999999,0.4110537546870351,-0.9116111071930239,0.0
2026-06-08,11.5,25.3,30.5,9.2,7.47,18.3,36.59999999999998,35.70000000000003,0.040000000000000036,0.3953117887649151,-0.9185469991587165,0.0
2026-06-09,4.7,24.9,29.47,6.8,7.09,18.0,39.49999999999998,40.70000000000003,-0.3799999999999999,0.37945284372454435,-0.925211078289358,0.0
2026-06-10,3.0,25.9,29.29,10.4,7.85,19.2,41.79999999999998,50.200000000000024,0.7599999999999998,0.36348161248290634,-0.9316013725767187,0.0
2026-06-11,0.0,27.3,28.52,4.5,8.75,7.7,28.999999999999982,45.70000000000003,0.9000000000000004,0.3474028211842774,-0.9377159910299093,0.0
2026-06-12,3.0,27.1,27.24,7.5,8.57,6.0,28.999999999999982,49.60000000000003,-0.17999999999999972,0.3312212278016865,-0.9435531242349544,0.0
2026-06-13,4.4,27.2,27.5,8.0,8.25,7.4,28.39999999999998,53.300000000000026,-0.3200000000000003,0.31494162072895193,-0.9491110448902284,0.0
2026-06-14,3.2,27.2,26.85,6.8,8.98,10.600000000000001,29.799999999999983,53.200000000000024,0.7300000000000004,0.2985688173637202,-0.9543881083175908,0.0
2026-06-15,3.3,27.2,24.81,5.6,9.09,10.9,21.59999999999998,49.60000000000003,0.10999999999999943,0.2821076626819194,-0.9593827529490743,0.0
2026-06-16,3.0,27.9,23.83,1.3,8.44,9.5,19.89999999999998,44.10000000000003,-0.6500000000000004,0.26556302780405594,-0.9640935007889755,0.0
2026-06-17,3.9,27.2,23.47,6.6,7.18,10.2,20.799999999999983,40.300000000000026,-1.2599999999999998,0.24893980855376657,-0.9685189578512204,0.0
2026-06-18,0.1,27.6,23.42,0.0,6.59,7.0,20.89999999999998,35.800000000000026,-0.5899999999999999,0.23224292400907015,-0.9726578145718654,0.0
2026-06-19,2.9,27.1,23.09,0.7,6.38,6.9,20.799999999999983,29.00000000000003,-0.20999999999999996,0.21547731504673012,-0.976508846196619,0.0
2026-06-20,3.0,27.7,23.24,0.6,6.24,6.0,19.39999999999998,21.600000000000026,-0.13999999999999968,0.19864794288017112,-0.9800709131432666,0.0
2026-06-21,3.5,26.9,24.53,11.2,6.21,9.4,19.69999999999998,26.00000000000003,-0.03000000000000025,0.18175978759137534,-0.9833429613388902,0.0
2026-06-22,6.4,26.1,25.18,12.5,6.66,12.9,22.79999999999998,32.90000000000003,0.4500000000000002,0.16481784665719793,-0.9863240225317866,0.0
2026-06-23,16.4,23.9,26.99,63.3,8.75,26.299999999999997,36.199999999999974,94.90000000000002,2.09,0.14782713347053048,-0.9890132145779883,0.0
2026-06-24,3.1,23.3,35.06,30.6,25.18,25.9,35.39999999999998,118.90000000000003,16.43,0.13079267585675922,-0.9914097417023038,0.0
2026-06-25,1.2,24.3,34.58,16.7,35.14,20.7,36.49999999999998,135.60000000000002,9.96,0.11371951458594969,-0.9935128947338007,0.0
2026-06-26,1.8,24.6,31.28,6.5,12.77,6.1,35.39999999999998,141.4,-22.37,0.0966127018812031,-0.9953220513156602,0.0
2026-06-27,8.7,25.3,29.71,16.4,11.97,11.7,41.09999999999998,157.20000000000002,-0.7999999999999989,0.07947729992362097,-0.9968366760893436,0.0
2026-06-28,7.4,24.8,29.27,34.2,11.97,17.9,44.99999999999998,180.20000000000005,0.0,0.062318379354325076,-0.998056320853012,0.0
2026-06-29,53.2,23.5,41.51,41.7,12.74,69.3,91.79999999999998,209.40000000000003,0.7699999999999996,0.04514101777397193,-0.9989806246941579,0.0
2026-06-30,13.6,23.4,44.39,41.9,18.68,74.19999999999999,88.99999999999997,188.00000000000003,5.9399999999999995,0.02795029824021032,-0.999609314096404,0.0
2026-07-01,16.3,22.9,45.8,46.1,37.37,83.1,102.19999999999999,203.50000000000003,18.689999999999998,0.01075130776352193,-0.9999422030204416,0.0
2026-07-02,9.2,23.1,46.71,29.4,89.78,39.099999999999994,110.19999999999997,216.20000000000005,52.410000000000004,-0.00645086419810515,-0.9999791929590823,0.0
2026-07-03,9.6,22.9,47.65,64.6,143.21,35.09999999999999,117.99999999999999,274.30000000000007,53.43000000000001,-0.023651127245231586,-0.9997202729664083,0.0
2026-07-04,27.0,22.4,50.59,122.9,262.03,45.79999999999999,136.29999999999998,380.8,118.81999999999996,-0.04084439154329611,-0.9991655196610109,0.0
2026-07-05,27.9,22.8,51.04,132.5,539.75,64.5,156.79999999999995,479.1,277.72,-0.05802556932878035,-0.9983150972033183,0.0
2026-07-06,15.6,23.2,50.36,96.9,902.65,70.49999999999999,119.19999999999997,534.3000000000001,362.9,-0.07518957641475855,-0.9971692572470178,0.0
2026-07-07,17.4,23.0,50.45,105.1,1024.65,60.89999999999999,122.99999999999999,597.5,122.00000000000011,-0.09233133369539122,-0.9957283388645872,0.0
2026-07-08,18.4,23.7,50.64,108.1,996.7,51.39999999999999,125.1,659.5,-27.950000000000045,-0.10944576864891556,-0.993992768446958,0.0
2026-07-09,1.4,24.4,48.96,16.6,943.06,37.19999999999999,117.29999999999998,646.7,-53.6400000000001,-0.12652781683868314,-0.9919630595773397,0.0
2026-07-10,0.5,24.9,46.27,11.2,728.46,20.29999999999999,108.19999999999997,593.3000000000001,-214.5999999999999,-0.1435724234118113,-0.9896398128792412,0.0
2026-07-11,0.5,24.7,43.78,10.3,494.45,2.399999999999993,81.69999999999999,480.70000000000005,-234.01000000000005,-0.16057454459499376,-0.9870237158387383,0.0
2026-07-12,0.4,24.8,41.81,9.7,324.84,1.3999999999999928,54.19999999999998,357.90000000000003,-169.61,-0.17752914918703497,-0.984115542601034,0.0
2026-07-13,0.0,24.7,39.44,10.5,218.28,0.8999999999999929,38.59999999999998,271.5,-106.55999999999997,-0.19443122004766195,-0.9809161537413774,0.0
2026-07-14,0.1,24.7,37.95,6.0,146.23,0.4999999999999929,21.299999999999983,172.40000000000003,-72.05000000000001,-0.2112757555821793,-0.9774264960104055,0.0
2026-07-15,2.1,23.9,36.91,12.4,101.8,2.199999999999993,4.999999999999986,76.70000000000003,-44.42999999999999,-0.2280577712215198,-0.9736476020539838,0.0
2026-07-16,3.0,24.4,35.47,9.7,71.11,5.199999999999993,6.599999999999985,69.80000000000003,-30.689999999999998,-0.24477230089725957,-0.9695805901076308,0.0
2026-07-17,4.9,23.9,34.44,16.3,53.33,9.999999999999993,10.999999999999986,74.90000000000003,-17.78,-0.2614143985111562,-0.965226663665613,0.0
2026-07-18,3.0,23.7,33.77,20.6,52.95,10.899999999999993,13.499999999999986,85.20000000000003,-0.37999999999999545,-0.2779791393987801,-0.9605871111248129,0.0
2026-07-19,6.0,23.6,34.84,25.4,50.88,13.899999999999993,19.099999999999987,100.90000000000003,-2.0700000000000003,-0.2944616217868012,-0.9556633054034704,0.0
2026-07-20,12.8,23.3,37.71,49.7,58.57,21.799999999999994,31.899999999999984,140.10000000000002,7.689999999999998,-0.3108569682435036,-0.9504567035349151,0.0
2026-07-21,6.0,23.1,39.92,39.5,96.95,24.799999999999994,37.79999999999998,173.60000000000002,38.38,-0.3271603271220951,-0.9449688462364056,0.0
2026-07-22,4.6,22.6,42.64,30.4,150.71,23.39999999999999,40.29999999999998,191.60000000000002,53.760000000000005,-0.34336687399638804,-0.939201357453208,0.0
2026-07-23,5.3,22.9,44.39,44.7,215.27,15.899999999999991,42.59999999999998,226.60000000000002,64.56,-0.3594718130884232,-0.9331559438780432,0.0
2026-07-24,10.3,23.2,45.43,42.9,234.5,20.199999999999992,47.999999999999986,253.20000000000002,19.22999999999999,-0.3754703786876202,-0.9268343944460494,0.0
2026-07-25,3.2,24.0,45.06,39.6,292.09,18.799999999999994,48.19999999999999,272.20000000000005,57.589999999999975,-0.3913578365610259,-0.9202385798054075,0.0
2026-07-26,2.4,24.2,43.93,35.5,296.17,15.899999999999991,44.59999999999999,282.3,4.080000000000041,-0.4071294853542516,-0.9133704517637858,0.0
2026-07-27,8.6,23.8,44.53,62.0,287.4,14.19999999999999,40.39999999999999,294.6,-8.770000000000039,-0.4227806579826773,-0.9062320427107697,0.0
2026-07-28,10.8,23.5,45.7,58.1,271.9,21.79999999999999,45.19999999999999,313.20000000000005,-15.5,-0.4383067230125192,-0.898825465016444,0.0
2026-07-29,8.2,23.7,46.19,50.6,268.15,27.59999999999999,48.79999999999998,333.4000000000001,-3.75,-0.45370308603134424,-0.8911529104063088,0.0
2026-07-30,5.5,23.6,46.22,47.3,280.84,24.499999999999993,48.999999999999986,336.0,12.689999999999998,-0.46896519100763184,-0.8832166493127127,0.0
2026-07-31,8.6,23.5,46.22,83.4,360.41,22.29999999999999,47.29999999999998,376.50000000000006,79.57000000000005,-0.48408852163897587,-0.8750190302029955,0.0
2026-08-01,6.6,23.4,46.55,73.3,367.13,20.69999999999999,50.69999999999998,410.20000000000005,6.71999999999997,-0.4990686026885319,-0.8665624788845385,0.0
2026-08-02,2.4,23.5,45.99,47.1,468.89,17.59999999999999,50.69999999999998,421.8,101.75999999999999,-0.5139010013093103,-0.8578494977869301,0.0
2026-08-03,6.4,23.7,45.86,24.4,496.74,15.399999999999991,48.499999999999986,384.20000000000005,27.850000000000023,-0.5285813283559292,-0.8488826652214553,0.0
2026-08-04,7.0,23.7,46.16,33.0,436.52,15.799999999999992,44.69999999999999,359.1,-60.22000000000003,-0.5431052396834317,-0.8396646346181327,0.0
2026-08-05,11.8,23.5,47.74,52.1,290.74,25.199999999999992,48.29999999999998,360.6,-145.77999999999997,-0.5574684374327892,-0.8301981337405212,0.0
2026-08-06,7.8,23.5,47.24,49.3,251.35,26.59999999999999,50.59999999999998,362.6,-39.390000000000015,-0.5716666713027052,-0.8204859638785327,0.0
2026-08-07,2.9,24.0,46.83,25.0,272.53,22.499999999999993,44.89999999999999,304.20000000000005,21.17999999999998,-0.5856957398073508,-0.8105309990194823,0.0
2026-08-08,3.1,23.9,45.8,25.8,238.88,13.79999999999999,41.399999999999984,256.70000000000005,-33.64999999999998,-0.5995514915196489,-0.8003361849976323,0.0
2026-08-09,2.0,24.1,44.77,16.8,217.78,7.999999999999991,40.999999999999986,226.40000000000003,-21.099999999999994,-0.6132298262997502,-0.7899045386224707,0.0
2026-08-10,3.3,23.6,43.79,31.4,182.23,8.399999999999991,37.899999999999984,233.40000000000003,-35.55000000000001,-0.6267266965083301,-0.7792391467859886,0.0
2026-08-11,4.8,23.5,43.43,35.0,143.88,10.09999999999999,35.69999999999999,235.40000000000003,-38.349999999999994,-0.6400381082043503,-0.7683431655492202,0.0
2026-08-12,2.8,23.6,43.78,38.6,140.25,10.899999999999991,26.699999999999985,221.90000000000003,-3.6299999999999955,-0.65316012232693,-0.7572198192083127,0.0
2026-08-13,2.8,23.8,43.33,27.2,140.91,10.399999999999991,21.699999999999985,199.8,0.6599999999999966,-0.666088855860977,-0.7458723993404063,0.0
2026-08-14,2.7,23.6,42.29,32.7,160.44,8.29999999999999,21.499999999999986,207.50000000000003,19.53,-0.6788204829862355,-0.734304263829602,0.0
2026-08-15,7.4,23.4,43.72,50.6,149.66,12.899999999999991,25.799999999999983,232.30000000000004,-10.780000000000001,-0.6913512362094071,-0.722518835873311,0.0
2026-08-16,0.8,23.8,44.39,21.6,178.89,10.899999999999991,24.599999999999984,237.10000000000002,29.22999999999999,-0.7036774074790128,-0.7105196029692745,0.0
2026-08-17,3.6,22.7,44.27,21.8,147.25,11.799999999999992,24.899999999999984,227.50000000000003,-31.639999999999986,-0.7157953492826642,-0.6983101158835584,0.0
2026-08-18,6.6,23.4,44.98,35.1,153.17,10.999999999999991,26.69999999999999,227.60000000000002,5.9199999999999875,-0.7277014757264236,-0.6858939875998223,0.0
2026-08-19,2.8,24.0,45.19,20.0,123.74,12.99999999999999,26.699999999999985,209.00000000000006,-29.429999999999993,-0.7393922635959241,-0.673274892250183,0.0
2026-08-20,2.4,24.0,44.14,19.9,141.23,11.79999999999999,26.299999999999986,201.70000000000005,17.489999999999995,-0.7508642533989489,-0.6604565640279754,0.0
2026-08-21,0.9,23.8,43.18,24.3,125.77,6.099999999999991,24.499999999999986,193.30000000000004,-15.459999999999994,-0.7621140503891487,-0.6474427960827475,0.0
2026-08-22,2.8,23.3,42.69,25.5,111.46,6.099999999999991,19.899999999999988,168.20000000000005,-14.310000000000002,-0.7731383255706026,-0.6342374393978054,0.0
2026-08-23,3.9,23.8,42.72,39.1,101.33,7.599999999999991,22.999999999999986,185.70000000000002,-10.129999999999995,-0.7839338166829201,-0.620844401650647,0.0
2026-08-24,2.5,24.2,42.73,20.4,102.04,9.19999999999999,21.899999999999984,184.30000000000004,0.710000000000008,-0.7944973291665992,-0.6072676460566135,0.0
2026-08-25,1.9,24.0,42.41,15.8,108.14,8.299999999999992,17.199999999999985,165.00000000000003,6.099999999999994,-0.8048257371083452,-0.593511190196115,0.0
2026-08-26,1.0,24.2,41.41,18.5,92.76,5.3999999999999915,15.399999999999984,163.5,-15.379999999999995,-0.8149159841660791,-0.5795791048257612,0.0
2026-08-27,2.1,23.8,40.86,24.1,83.14,4.999999999999991,15.099999999999985,167.70000000000005,-9.620000000000005,-0.8247650844733614,-0.5654755126737576,0.0
2026-08-28,1.6,23.6,40.3,13.0,85.3,4.699999999999991,15.799999999999986,156.40000000000003,2.1599999999999966,-0.8343701235229538,-0.5512045872199277,0.0
2026-08-29,4.4,23.1,40.31,28.9,87.1,8.09999999999999,17.399999999999984,159.8,1.7999999999999972,-0.8437282590292712,-0.5367705514607103,0.0
2026-08-30,1.3,23.8,40.06,12.6,90.41,7.299999999999992,14.799999999999986,133.30000000000004,3.3100000000000023,-0.8528367217694595,-0.522177676659508,0.0
2026-08-31,1.7,23.8,38.68,17.2,96.5,7.3999999999999915,13.999999999999986,130.10000000000002,6.090000000000003,-0.8616928164028522,-0.5074302810827518,0.0
2026-09-01,1.6,23.9,37.81,11.1,92.54,4.599999999999991,13.699999999999987,125.40000000000002,-3.9599999999999937,-0.8702939222685674,-0.49253272872205434,0.0
2026-09-02,4.5,23.4,37.64,36.7,84.31,7.799999999999991,17.19999999999999,143.60000000000002,-8.230000000000004,-0.8786374941610001,-0.4774894280028391,
